easting,northing,degradation_risk,crop_failure_risk,salinity_risk,overall_risk
626730.0,3416830.0,42.6,36.8,19.8,35.72
626830.0,3416830.0,42.6,36.8,19.8,35.72
626330.0,3416730.0,42.6,36.8,19.8,35.72
626430.0,3416730.0,42.6,36.8,19.8,35.72
626530.0,3416730.0,42.6,36.8,19.8,35.72
626630.0,3416730.0,42.6,36.8,19.8,35.72
626730.0,3416730.0,42.6,36.8,19.8,35.72
626830.0,3416730.0,42.6,36.8,19.8,35.72
626930.0,3416730.0,42.6,36.8,19.8,35.72
626130.0,3416630.0,42.6,36.8,19.8,35.72
626230.0,3416630.0,42.6,36.8,19.8,35.72
626330.0,3416630.0,42.6,36.8,19.8,35.72
626430.0,3416630.0,42.6,36.8,19.8,35.72
626530.0,3416630.0,42.6,36.8,19.8,35.72
626630.0,3416630.0,42.6,36.8,19.8,35.72
626730.0,3416630.0,42.6,36.8,19.8,35.72
626830.0,3416630.0,42.6,36.8,19.8,35.72
626930.0,3416630.0,42.6,36.8,19.8,35.72
625930.0,3416530.0,42.6,36.8,19.8,35.72
626030.0,3416530.0,42.6,36.8,19.8,35.72
626130.0,3416530.0,42.6,36.8,19.8,35.72
626230.0,3416530.0,42.6,36.8,19.8,35.72
626330.0,3416530.0,42.6,36.8,19.8,35.72
626430.0,3416530.0,42.6,36.8,19.8,35.72
626530.0,3416530.0,42.6,36.8,19.8,35.72
626630.0,3416530.0,42.6,36.8,19.8,35.72
626730.0,3416530.0,42.6,36.8,19.8,35.72
626830.0,3416530.0,42.6,36.8,19.8,35.72
626930.0,3416530.0,42.6,36.8,19.8,35.72
625730.0,3416430.0,42.6,36.8,19.8,35.72
625830.0,3416430.0,42.6,36.8,19.8,35.72
625930.0,3416430.0,42.6,36.8,19.8,35.72
626030.0,3416430.0,42.6,36.8,19.8,35.72
626130.0,3416430.0,42.6,36.8,19.8,35.72
626230.0,3416430.0,42.6,36.8,19.8,35.72
626330.0,3416430.0,42.6,36.8,19.8,35.72
626430.0,3416430.0,42.6,36.8,19.8,35.72
626530.0,3416430.0,42.6,36.8,19.8,35.72
626630.0,3416430.0,42.6,36.8,19.8,35.72
626730.0,3416430.0,42.6,36.8,19.8,35.72
626830.0,3416430.0,42.6,36.8,19.8,35.72
626930.0,3416430.0,42.6,36.8,19.8,35.72
627030.0,3416430.0,42.6,36.8,19.8,35.72
627930.0,3416430.0,42.6,36.8,19.8,35.72
628030.0,3416430.0,42.6,36.8,19.8,35.72
628130.0,3416430.0,42.6,36.8,19.8,35.72
625330.0,3416330.0,42.6,36.8,19.8,35.72
625430.0,3416330.0,42.6,36.8,19.8,35.72
625530.0,3416330.0,42.6,36.8,19.8,35.72
625630.0,3416330.0,42.6,36.8,19.8,35.72
625730.0,3416330.0,42.6,36.8,19.8,35.72
625830.0,3416330.0,42.6,36.8,19.8,35.72
625930.0,3416330.0,42.6,36.8,19.8,35.72
626030.0,3416330.0,42.6,36.8,19.8,35.72
626130.0,3416330.0,42.6,36.8,19.8,35.72
626230.0,3416330.0,42.6,36.8,19.8,35.72
626330.0,3416330.0,42.6,36.8,19.8,35.72
626430.0,3416330.0,42.6,36.8,19.8,35.72
626530.0,3416330.0,42.6,36.8,19.8,35.72
626630.0,3416330.0,42.6,36.8,19.8,35.72
626730.0,3416330.0,42.6,36.8,19.8,35.72
626830.0,3416330.0,42.6,36.8,19.8,35.72
626930.0,3416330.0,42.6,36.8,19.8,35.72
627030.0,3416330.0,42.6,36.8,19.8,35.72
627930.0,3416330.0,42.6,36.8,19.8,35.72
628030.0,3416330.0,42.6,36.8,19.8,35.72
628130.0,3416330.0,42.6,36.8,19.8,35.72
628230.0,3416330.0,42.6,36.8,19.8,35.72
628330.0,3416330.0,42.6,36.8,19.8,35.72
628430.0,3416330.0,42.6,36.8,19.8,35.72
628530.0,3416330.0,42.6,36.8,19.8,35.72
628630.0,3416330.0,42.6,36.8,19.8,35.72
628730.0,3416330.0,42.6,36.8,19.8,35.72
628830.0,3416330.0,42.6,36.8,19.8,35.72
624930.0,3416230.0,42.6,36.8,19.8,35.72
625030.0,3416230.0,42.6,36.8,19.8,35.72
625130.0,3416230.0,42.6,36.8,19.8,35.72
625230.0,3416230.0,42.6,36.8,19.8,35.72
625330.0,3416230.0,42.6,36.8,19.8,35.72
625430.0,3416230.0,42.6,36.8,19.8,35.72
625530.0,3416230.0,42.6,36.8,19.8,35.72
625630.0,3416230.0,42.6,36.8,19.8,35.72
625730.0,3416230.0,42.6,36.8,19.8,35.72
625830.0,3416230.0,42.6,36.8,19.8,35.72
625930.0,3416230.0,42.6,36.8,19.8,35.72
626030.0,3416230.0,42.6,36.8,19.8,35.72
626130.0,3416230.0,42.6,36.8,19.8,35.72
626230.0,3416230.0,42.6,36.8,19.8,35.72
626330.0,3416230.0,42.6,36.8,19.8,35.72
626430.0,3416230.0,42.6,36.8,19.8,35.72
626530.0,3416230.0,42.6,36.8,19.8,35.72
626630.0,3416230.0,42.6,36.8,19.8,35.72
626730.0,3416230.0,42.6,36.8,19.8,35.72
626830.0,3416230.0,42.6,36.8,19.8,35.72
626930.0,3416230.0,42.6,36.8,19.8,35.72
627030.0,3416230.0,42.6,36.8,19.8,35.72
627130.0,3416230.0,42.6,36.8,19.8,35.72
627230.0,3416230.0,42.6,36.8,19.8,35.72
627830.0,3416230.0,42.6,36.8,19.8,35.72
627930.0,3416230.0,42.6,36.8,19.8,35.72
628030.0,3416230.0,42.6,36.8,19.8,35.72
628130.0,3416230.0,42.6,36.8,19.8,35.72
628230.0,3416230.0,42.6,36.8,19.8,35.72
628330.0,3416230.0,42.6,36.8,19.8,35.72
628430.0,3416230.0,42.6,36.8,19.8,35.72
628530.0,3416230.0,42.6,36.8,19.8,35.72
628630.0,3416230.0,42.6,36.8,19.8,35.72
628730.0,3416230.0,42.6,36.8,19.8,35.72
628830.0,3416230.0,42.6,36.8,19.8,35.72
624630.0,3416130.0,42.6,36.8,19.8,35.72
624730.0,3416130.0,42.6,36.8,19.8,35.72
624830.0,3416130.0,42.6,36.8,19.8,35.72
624930.0,3416130.0,42.6,36.8,19.8,35.72
625030.0,3416130.0,42.6,36.8,19.8,35.72
625130.0,3416130.0,42.6,36.8,19.8,35.72
625230.0,3416130.0,42.6,36.8,19.8,35.72
625330.0,3416130.0,42.6,36.8,19.8,35.72
625430.0,3416130.0,42.6,36.8,19.8,35.72
625530.0,3416130.0,42.6,36.8,19.8,35.72
625630.0,3416130.0,42.6,36.8,19.8,35.72
625730.0,3416130.0,42.6,36.8,19.8,35.72
625830.0,3416130.0,42.6,36.8,19.8,35.72
625930.0,3416130.0,42.6,36.8,19.8,35.72
626030.0,3416130.0,42.6,36.8,19.8,35.72
626130.0,3416130.0,42.6,36.8,19.8,35.72
626230.0,3416130.0,42.6,36.8,19.8,35.72
626330.0,3416130.0,42.6,36.8,19.8,35.72
626430.0,3416130.0,42.6,36.8,19.8,35.72
626530.0,3416130.0,42.6,36.8,19.8,35.72
626630.0,3416130.0,42.6,36.8,19.8,35.72
626730.0,3416130.0,42.6,36.8,19.8,35.72
626830.0,3416130.0,42.6,36.8,19.8,35.72
626930.0,3416130.0,42.6,36.8,19.8,35.72
627030.0,3416130.0,42.6,36.8,19.8,35.72
627130.0,3416130.0,42.6,36.8,19.8,35.72
627230.0,3416130.0,42.6,36.8,19.8,35.72
627330.0,3416130.0,42.6,36.8,19.8,35.72
627630.0,3416130.0,42.6,36.8,19.8,35.72
627730.0,3416130.0,42.6,36.8,19.8,35.72
627830.0,3416130.0,42.6,36.8,19.8,35.72
627930.0,3416130.0,42.6,36.8,19.8,35.72
628030.0,3416130.0,42.6,36.8,19.8,35.72
628130.0,3416130.0,42.6,36.8,19.8,35.72
628230.0,3416130.0,42.6,36.8,19.8,35.72
628330.0,3416130.0,42.6,36.8,19.8,35.72
628430.0,3416130.0,42.6,36.8,19.8,35.72
628530.0,3416130.0,42.6,36.8,19.8,35.72
628630.0,3416130.0,42.6,36.8,19.8,35.72
628730.0,3416130.0,42.6,36.8,19.8,35.72
628830.0,3416130.0,42.6,36.8,19.8,35.72
630630.0,3416130.0,42.6,36.8,19.8,35.72
630730.0,3416130.0,42.6,36.8,19.8,35.72
624530.0,3416030.0,42.6,36.8,19.8,35.72
624630.0,3416030.0,42.6,36.8,19.8,35.72
624730.0,3416030.0,42.6,36.8,19.8,35.72
624830.0,3416030.0,42.6,36.8,19.8,35.72
624930.0,3416030.0,42.6,36.8,19.8,35.72
625030.0,3416030.0,42.6,36.8,19.8,35.72
625130.0,3416030.0,42.6,36.8,19.8,35.72
625230.0,3416030.0,42.6,36.8,19.8,35.72
625330.0,3416030.0,42.6,36.8,19.8,35.72
625430.0,3416030.0,42.6,36.8,19.8,35.72
625530.0,3416030.0,42.6,36.8,19.8,35.72
625630.0,3416030.0,42.6,36.8,19.8,35.72
625730.0,3416030.0,42.6,36.8,19.8,35.72
625830.0,3416030.0,42.6,36.8,19.8,35.72
625930.0,3416030.0,42.6,36.8,19.8,35.72
626030.0,3416030.0,42.6,36.8,19.8,35.72
626130.0,3416030.0,42.6,36.8,19.8,35.72
626230.0,3416030.0,42.6,36.8,19.8,35.72
626330.0,3416030.0,42.6,36.8,19.8,35.72
626430.0,3416030.0,42.6,36.8,19.8,35.72
626530.0,3416030.0,42.6,36.8,19.8,35.72
626630.0,3416030.0,42.6,36.8,19.8,35.72
626730.0,3416030.0,42.6,36.8,19.8,35.72
626830.0,3416030.0,42.6,36.8,19.8,35.72
626930.0,3416030.0,42.6,36.8,19.8,35.72
627030.0,3416030.0,42.6,36.8,19.8,35.72
627130.0,3416030.0,42.6,36.8,19.8,35.72
627230.0,3416030.0,42.6,36.8,19.8,35.72
627330.0,3416030.0,42.6,36.8,19.8,35.72
627630.0,3416030.0,42.6,36.8,19.8,35.72
627730.0,3416030.0,42.6,36.8,19.8,35.72
627830.0,3416030.0,42.6,36.8,19.8,35.72
627930.0,3416030.0,42.6,36.8,19.8,35.72
628030.0,3416030.0,42.6,36.8,19.8,35.72
628130.0,3416030.0,42.6,36.8,19.8,35.72
628230.0,3416030.0,42.6,36.8,19.8,35.72
628330.0,3416030.0,42.6,36.8,19.8,35.72
628430.0,3416030.0,42.6,36.8,19.8,35.72
628530.0,3416030.0,42.6,36.8,19.8,35.72
628630.0,3416030.0,42.6,36.8,19.8,35.72
628730.0,3416030.0,42.6,36.8,19.8,35.72
628830.0,3416030.0,42.6,36.8,19.8,35.72
630230.0,3416030.0,42.6,36.8,19.8,35.72
630330.0,3416030.0,42.6,36.8,19.8,35.72
630430.0,3416030.0,42.6,36.8,19.8,35.72
630530.0,3416030.0,42.6,36.8,19.8,35.72
630630.0,3416030.0,42.6,36.8,19.8,35.72
624330.0,3415930.0,42.6,36.8,19.8,35.72
624430.0,3415930.0,42.6,36.8,19.8,35.72
624530.0,3415930.0,42.6,36.8,19.8,35.72
624630.0,3415930.0,42.6,36.8,19.8,35.72
624730.0,3415930.0,42.6,36.8,19.8,35.72
624830.0,3415930.0,42.6,36.8,19.8,35.72
624930.0,3415930.0,42.6,36.8,19.8,35.72
625030.0,3415930.0,42.6,36.8,19.8,35.72
625130.0,3415930.0,42.6,36.8,19.8,35.72
625230.0,3415930.0,42.6,36.8,19.8,35.72
625330.0,3415930.0,42.6,36.8,19.8,35.72
625430.0,3415930.0,42.6,36.8,19.8,35.72
625530.0,3415930.0,42.6,36.8,19.8,35.72
625630.0,3415930.0,42.6,36.8,19.8,35.72
625730.0,3415930.0,42.6,36.8,19.8,35.72
625830.0,3415930.0,42.6,36.8,19.8,35.72
625930.0,3415930.0,42.6,36.8,19.8,35.72
626030.0,3415930.0,42.6,36.8,19.8,35.72
626130.0,3415930.0,42.6,36.8,19.8,35.72
626230.0,3415930.0,42.6,36.8,19.8,35.72
626330.0,3415930.0,42.6,36.8,19.8,35.72
626430.0,3415930.0,42.6,36.8,19.8,35.72
626530.0,3415930.0,42.6,36.8,19.8,35.72
626630.0,3415930.0,42.6,36.8,19.8,35.72
626730.0,3415930.0,42.6,36.8,19.8,35.72
626830.0,3415930.0,42.6,36.8,19.8,35.72
626930.0,3415930.0,42.6,36.8,19.8,35.72
627030.0,3415930.0,42.6,36.8,19.8,35.72
627130.0,3415930.0,42.6,36.8,19.8,35.72
627230.0,3415930.0,42.6,36.8,19.8,35.72
627330.0,3415930.0,42.6,36.8,19.8,35.72
627430.0,3415930.0,42.6,36.8,19.8,35.72
627630.0,3415930.0,42.6,36.8,19.8,35.72
627730.0,3415930.0,42.6,36.8,19.8,35.72
627830.0,3415930.0,42.6,36.8,19.8,35.72
627930.0,3415930.0,42.6,36.8,19.8,35.72
628030.0,3415930.0,42.6,36.8,19.8,35.72
628130.0,3415930.0,42.6,36.8,19.8,35.72
628230.0,3415930.0,42.6,36.8,19.8,35.72
628330.0,3415930.0,42.6,36.8,19.8,35.72
628430.0,3415930.0,42.6,36.8,19.8,35.72
628530.0,3415930.0,42.6,36.8,19.8,35.72
628630.0,3415930.0,42.6,36.8,19.8,35.72
628730.0,3415930.0,42.6,36.8,19.8,35.72
628830.0,3415930.0,42.6,36.8,19.8,35.72
630130.0,3415930.0,42.6,36.8,19.8,35.72
630230.0,3415930.0,42.6,36.8,19.8,35.72
630330.0,3415930.0,42.6,36.8,19.8,35.72
630430.0,3415930.0,42.6,36.8,19.8,35.72
630530.0,3415930.0,42.6,36.8,19.8,35.72
630630.0,3415930.0,42.6,36.8,19.8,35.72
624230.0,3415830.0,42.6,36.8,19.8,35.72
624330.0,3415830.0,42.6,36.8,19.8,35.72
624430.0,3415830.0,42.6,36.8,19.8,35.72
624530.0,3415830.0,42.6,36.8,19.8,35.72
624630.0,3415830.0,42.6,36.8,19.8,35.72
624730.0,3415830.0,42.6,36.8,19.8,35.72
624830.0,3415830.0,42.6,36.8,19.8,35.72
624930.0,3415830.0,42.6,36.8,19.8,35.72
625030.0,3415830.0,42.6,36.8,19.8,35.72
625130.0,3415830.0,42.6,36.8,19.8,35.72
625230.0,3415830.0,42.6,36.8,19.8,35.72
625330.0,3415830.0,42.6,36.8,19.8,35.72
625430.0,3415830.0,42.6,36.8,19.8,35.72
625530.0,3415830.0,42.6,36.8,19.8,35.72
625630.0,3415830.0,42.6,36.8,19.8,35.72
625730.0,3415830.0,42.6,36.8,19.8,35.72
625830.0,3415830.0,42.6,36.8,19.8,35.72
625930.0,3415830.0,42.6,36.8,19.8,35.72
626030.0,3415830.0,42.6,36.8,19.8,35.72
626130.0,3415830.0,42.6,36.8,19.8,35.72
626230.0,3415830.0,42.6,36.8,19.8,35.72
626330.0,3415830.0,42.6,36.8,19.8,35.72
626430.0,3415830.0,42.6,36.8,19.8,35.72
626530.0,3415830.0,42.6,36.8,19.8,35.72
626630.0,3415830.0,42.6,36.8,19.8,35.72
626730.0,3415830.0,42.6,36.8,19.8,35.72
626830.0,3415830.0,42.6,36.8,19.8,35.72
626930.0,3415830.0,42.6,36.8,19.8,35.72
627030.0,3415830.0,42.6,36.8,19.8,35.72
627130.0,3415830.0,42.6,36.8,19.8,35.72
627230.0,3415830.0,42.6,36.8,19.8,35.72
627330.0,3415830.0,42.6,36.8,19.8,35.72
627430.0,3415830.0,42.6,36.8,19.8,35.72
627530.0,3415830.0,42.6,36.8,19.8,35.72
627630.0,3415830.0,42.6,36.8,19.8,35.72
627730.0,3415830.0,42.6,36.8,19.8,35.72
627830.0,3415830.0,42.6,36.8,19.8,35.72
627930.0,3415830.0,42.6,36.8,19.8,35.72
628030.0,3415830.0,42.6,36.8,19.8,35.72
628130.0,3415830.0,42.6,36.8,19.8,35.72
628230.0,3415830.0,42.6,36.8,19.8,35.72
628330.0,3415830.0,42.6,36.8,19.8,35.72
628430.0,3415830.0,42.6,36.8,19.8,35.72
628530.0,3415830.0,42.6,36.8,19.8,35.72
628630.0,3415830.0,42.6,36.8,19.8,35.72
628730.0,3415830.0,42.6,36.8,19.8,35.72
628830.0,3415830.0,42.6,36.8,19.8,35.72
629830.0,3415830.0,42.6,36.8,19.8,35.72
629930.0,3415830.0,42.6,36.8,19.8,35.72
630030.0,3415830.0,42.6,36.8,19.8,35.72
630130.0,3415830.0,42.6,36.8,19.8,35.72
630230.0,3415830.0,42.6,36.8,19.8,35.72
630330.0,3415830.0,42.6,36.8,19.8,35.72
630430.0,3415830.0,42.6,36.8,19.8,35.72
630530.0,3415830.0,42.6,36.8,19.8,35.72
630630.0,3415830.0,42.6,36.8,19.8,35.72
624130.0,3415730.0,42.6,36.8,19.8,35.72
624230.0,3415730.0,42.6,36.8,19.8,35.72
624330.0,3415730.0,42.6,36.8,19.8,35.72
624430.0,3415730.0,42.6,36.8,19.8,35.72
624530.0,3415730.0,42.6,36.8,19.8,35.72
624630.0,3415730.0,42.6,36.8,19.8,35.72
624730.0,3415730.0,42.6,36.8,19.8,35.72
624830.0,3415730.0,42.6,36.8,19.8,35.72
624930.0,3415730.0,42.6,36.8,19.8,35.72
625030.0,3415730.0,42.6,36.8,19.8,35.72
625130.0,3415730.0,42.6,36.8,19.8,35.72
625230.0,3415730.0,42.6,36.8,19.8,35.72
625330.0,3415730.0,42.6,36.8,19.8,35.72
625430.0,3415730.0,42.6,36.8,19.8,35.72
625530.0,3415730.0,42.6,36.8,19.8,35.72
625630.0,3415730.0,42.6,36.8,19.8,35.72
625730.0,3415730.0,42.6,36.8,19.8,35.72
625830.0,3415730.0,42.6,36.8,19.8,35.72
625930.0,3415730.0,42.6,36.8,19.8,35.72
626030.0,3415730.0,42.6,36.8,19.8,35.72
626130.0,3415730.0,42.6,36.8,19.8,35.72
626230.0,3415730.0,42.6,36.8,19.8,35.72
626330.0,3415730.0,42.6,36.8,19.8,35.72
626430.0,3415730.0,42.6,36.8,19.8,35.72
626530.0,3415730.0,42.6,36.8,19.8,35.72
626630.0,3415730.0,42.6,36.8,19.8,35.72
626730.0,3415730.0,42.6,36.8,19.8,35.72
626830.0,3415730.0,42.6,36.8,19.8,35.72
626930.0,3415730.0,42.6,36.8,19.8,35.72
627030.0,3415730.0,42.6,36.8,19.8,35.72
627130.0,3415730.0,42.6,36.8,19.8,35.72
627230.0,3415730.0,42.6,36.8,19.8,35.72
627330.0,3415730.0,42.6,36.8,19.8,35.72
627430.0,3415730.0,42.6,36.8,19.8,35.72
627530.0,3415730.0,42.6,36.8,19.8,35.72
627630.0,3415730.0,42.6,36.8,19.8,35.72
627730.0,3415730.0,42.6,36.8,19.8,35.72
627830.0,3415730.0,42.6,36.8,19.8,35.72
627930.0,3415730.0,42.6,36.8,19.8,35.72
628030.0,3415730.0,42.6,36.8,19.8,35.72
628130.0,3415730.0,42.6,36.8,19.8,35.72
628230.0,3415730.0,42.6,36.8,19.8,35.72
628330.0,3415730.0,42.6,36.8,19.8,35.72
628430.0,3415730.0,42.6,36.8,19.8,35.72
628530.0,3415730.0,42.6,36.8,19.8,35.72
628630.0,3415730.0,42.6,36.8,19.8,35.72
628730.0,3415730.0,42.6,36.8,19.8,35.72
628830.0,3415730.0,42.6,36.8,19.8,35.72
629830.0,3415730.0,42.6,36.8,19.8,35.72
629930.0,3415730.0,42.6,36.8,19.8,35.72
630030.0,3415730.0,42.6,36.8,19.8,35.72
630130.0,3415730.0,42.6,36.8,19.8,35.72
630230.0,3415730.0,42.6,36.8,19.8,35.72
630330.0,3415730.0,42.6,36.8,19.8,35.72
630430.0,3415730.0,42.6,36.8,19.8,35.72
630530.0,3415730.0,42.6,36.8,19.8,35.72
630630.0,3415730.0,42.6,36.8,19.8,35.72
624130.0,3415630.0,42.6,36.8,19.8,35.72
624230.0,3415630.0,42.6,36.8,19.8,35.72
624330.0,3415630.0,42.6,36.8,19.8,35.72
624430.0,3415630.0,42.6,36.8,19.8,35.72
624530.0,3415630.0,42.6,36.8,19.8,35.72
624630.0,3415630.0,42.6,36.8,19.8,35.72
624730.0,3415630.0,42.6,36.8,19.8,35.72
624830.0,3415630.0,42.6,36.8,19.8,35.72
624930.0,3415630.0,42.6,36.8,19.8,35.72
625030.0,3415630.0,42.6,36.8,19.8,35.72
625130.0,3415630.0,42.6,36.8,19.8,35.72
625230.0,3415630.0,42.6,36.8,19.8,35.72
625330.0,3415630.0,42.6,36.8,19.8,35.72
625430.0,3415630.0,42.6,36.8,19.8,35.72
625530.0,3415630.0,42.6,36.8,19.8,35.72
625630.0,3415630.0,42.6,36.8,19.8,35.72
625730.0,3415630.0,42.6,36.8,19.8,35.72
625830.0,3415630.0,42.6,36.8,19.8,35.72
625930.0,3415630.0,42.6,36.8,19.8,35.72
626030.0,3415630.0,42.6,36.8,19.8,35.72
626130.0,3415630.0,42.6,36.8,19.8,35.72
626230.0,3415630.0,42.6,36.8,19.8,35.72
626330.0,3415630.0,42.6,36.8,19.8,35.72
626430.0,3415630.0,42.6,36.8,19.8,35.72
626530.0,3415630.0,42.6,36.8,19.8,35.72
626630.0,3415630.0,42.6,36.8,19.8,35.72
626730.0,3415630.0,42.6,36.8,19.8,35.72
626830.0,3415630.0,42.6,36.8,19.8,35.72
626930.0,3415630.0,42.6,36.8,19.8,35.72
627030.0,3415630.0,42.6,36.8,19.8,35.72
627130.0,3415630.0,42.6,36.8,19.8,35.72
627230.0,3415630.0,42.6,36.8,19.8,35.72
627330.0,3415630.0,42.6,36.8,19.8,35.72
627430.0,3415630.0,42.6,36.8,19.8,35.72
627530.0,3415630.0,42.6,36.8,19.8,35.72
627630.0,3415630.0,42.6,36.8,19.8,35.72
627730.0,3415630.0,42.6,36.8,19.8,35.72
627830.0,3415630.0,42.6,36.8,19.8,35.72
627930.0,3415630.0,42.6,36.8,19.8,35.72
628030.0,3415630.0,42.6,36.8,19.8,35.72
628130.0,3415630.0,42.6,36.8,19.8,35.72
628230.0,3415630.0,42.6,36.8,19.8,35.72
628330.0,3415630.0,42.6,36.8,19.8,35.72
628430.0,3415630.0,42.6,36.8,19.8,35.72
628530.0,3415630.0,42.6,36.8,19.8,35.72
628630.0,3415630.0,42.6,36.8,19.8,35.72
628730.0,3415630.0,42.6,36.8,19.8,35.72
628830.0,3415630.0,42.6,36.8,19.8,35.72
629830.0,3415630.0,42.6,36.8,19.8,35.72
629930.0,3415630.0,42.6,36.8,19.8,35.72
630030.0,3415630.0,42.6,36.8,19.8,35.72
630130.0,3415630.0,42.6,36.8,19.8,35.72
630230.0,3415630.0,42.6,36.8,19.8,35.72
630330.0,3415630.0,42.6,36.8,19.8,35.72
630430.0,3415630.0,42.6,36.8,19.8,35.72
630530.0,3415630.0,42.6,36.8,19.8,35.72
630630.0,3415630.0,42.6,36.8,19.8,35.72
630730.0,3415630.0,42.6,36.8,19.8,35.72
624130.0,3415530.0,42.6,36.8,19.8,35.72
624230.0,3415530.0,42.6,36.8,19.8,35.72
624330.0,3415530.0,42.6,36.8,19.8,35.72
624430.0,3415530.0,42.6,36.8,19.8,35.72
624530.0,3415530.0,42.6,36.8,19.8,35.72
624630.0,3415530.0,42.6,36.8,19.8,35.72
624730.0,3415530.0,42.6,36.8,19.8,35.72
624830.0,3415530.0,42.6,36.8,19.8,35.72
624930.0,3415530.0,42.6,36.8,19.8,35.72
625030.0,3415530.0,42.6,36.8,19.8,35.72
625130.0,3415530.0,42.6,36.8,19.8,35.72
625230.0,3415530.0,42.6,36.8,19.8,35.72
625330.0,3415530.0,42.6,36.8,19.8,35.72
625430.0,3415530.0,42.6,36.8,19.8,35.72
625530.0,3415530.0,42.6,36.8,19.8,35.72
625630.0,3415530.0,42.6,36.8,19.8,35.72
625730.0,3415530.0,42.6,36.8,19.8,35.72
625830.0,3415530.0,42.6,36.8,19.8,35.72
625930.0,3415530.0,42.6,36.8,19.8,35.72
626030.0,3415530.0,42.6,36.8,19.8,35.72
626130.0,3415530.0,42.6,36.8,19.8,35.72
626230.0,3415530.0,42.6,36.8,19.8,35.72
626330.0,3415530.0,42.6,36.8,19.8,35.72
626430.0,3415530.0,42.6,36.8,19.8,35.72
626530.0,3415530.0,42.6,36.8,19.8,35.72
626630.0,3415530.0,42.6,36.8,19.8,35.72
626730.0,3415530.0,42.6,36.8,19.8,35.72
626830.0,3415530.0,42.6,36.8,19.8,35.72
626930.0,3415530.0,42.6,36.8,19.8,35.72
627030.0,3415530.0,42.6,36.8,19.8,35.72
627130.0,3415530.0,42.6,36.8,19.8,35.72
627230.0,3415530.0,42.6,36.8,19.8,35.72
627330.0,3415530.0,42.6,36.8,19.8,35.72
627430.0,3415530.0,42.6,36.8,19.8,35.72
627530.0,3415530.0,42.6,36.8,19.8,35.72
627630.0,3415530.0,42.6,36.8,19.8,35.72
627730.0,3415530.0,42.6,36.8,19.8,35.72
627830.0,3415530.0,42.6,36.8,19.8,35.72
627930.0,3415530.0,42.6,36.8,19.8,35.72
628030.0,3415530.0,42.6,36.8,19.8,35.72
628130.0,3415530.0,42.6,36.8,19.8,35.72
628230.0,3415530.0,42.6,36.8,19.8,35.72
628330.0,3415530.0,42.6,36.8,19.8,35.72
628430.0,3415530.0,42.6,36.8,19.8,35.72
628530.0,3415530.0,42.6,36.8,19.8,35.72
628630.0,3415530.0,42.6,36.8,19.8,35.72
628730.0,3415530.0,42.6,36.8,19.8,35.72
628830.0,3415530.0,42.6,36.8,19.8,35.72
629830.0,3415530.0,42.6,36.8,19.8,35.72
629930.0,3415530.0,42.6,36.8,19.8,35.72
630030.0,3415530.0,42.6,36.8,19.8,35.72
630130.0,3415530.0,42.6,36.8,19.8,35.72
630230.0,3415530.0,42.6,36.8,19.8,35.72
630330.0,3415530.0,42.6,36.8,19.8,35.72
630430.0,3415530.0,42.6,36.8,19.8,35.72
630530.0,3415530.0,42.6,36.8,19.8,35.72
630630.0,3415530.0,42.6,36.8,19.8,35.72
630730.0,3415530.0,42.6,36.8,19.8,35.72
630830.0,3415530.0,42.6,36.8,19.8,35.72
624230.0,3415430.0,42.6,36.8,19.8,35.72
624330.0,3415430.0,42.6,36.8,19.8,35.72
624430.0,3415430.0,42.6,36.8,19.8,35.72
624530.0,3415430.0,42.6,36.8,19.8,35.72
624630.0,3415430.0,42.6,36.8,19.8,35.72
624730.0,3415430.0,42.6,36.8,19.8,35.72
624830.0,3415430.0,42.6,36.8,19.8,35.72
624930.0,3415430.0,42.6,36.8,19.8,35.72
625030.0,3415430.0,42.6,36.8,19.8,35.72
625130.0,3415430.0,42.6,36.8,19.8,35.72
625230.0,3415430.0,42.6,36.8,19.8,35.72
625330.0,3415430.0,42.6,36.8,19.8,35.72
625430.0,3415430.0,42.6,36.8,19.8,35.72
625530.0,3415430.0,42.6,36.8,19.8,35.72
625630.0,3415430.0,42.6,36.8,19.8,35.72
625730.0,3415430.0,42.6,36.8,19.8,35.72
625830.0,3415430.0,42.6,36.8,19.8,35.72
625930.0,3415430.0,42.6,36.8,19.8,35.72
626030.0,3415430.0,42.6,36.8,19.8,35.72
626130.0,3415430.0,42.6,36.8,19.8,35.72
626230.0,3415430.0,42.6,36.8,19.8,35.72
626330.0,3415430.0,42.6,36.8,19.8,35.72
626430.0,3415430.0,42.6,36.8,19.8,35.72
626530.0,3415430.0,42.6,36.8,19.8,35.72
626630.0,3415430.0,42.6,36.8,19.8,35.72
626730.0,3415430.0,42.6,36.8,19.8,35.72
626830.0,3415430.0,42.6,36.8,19.8,35.72
626930.0,3415430.0,42.6,36.8,19.8,35.72
627030.0,3415430.0,42.6,36.8,19.8,35.72
627130.0,3415430.0,42.6,36.8,19.8,35.72
627230.0,3415430.0,42.6,36.8,19.8,35.72
627330.0,3415430.0,42.6,36.8,19.8,35.72
627430.0,3415430.0,42.6,36.8,19.8,35.72
627530.0,3415430.0,42.6,36.8,19.8,35.72
627630.0,3415430.0,42.6,36.8,19.8,35.72
627730.0,3415430.0,42.6,36.8,19.8,35.72
627830.0,3415430.0,42.6,36.8,19.8,35.72
627930.0,3415430.0,42.6,36.8,19.8,35.72
628030.0,3415430.0,42.6,36.8,19.8,35.72
628130.0,3415430.0,42.6,36.8,19.8,35.72
628230.0,3415430.0,42.6,36.8,19.8,35.72
628330.0,3415430.0,42.6,36.8,19.8,35.72
628430.0,3415430.0,42.6,36.8,19.8,35.72
628530.0,3415430.0,42.6,36.8,19.8,35.72
628630.0,3415430.0,42.6,36.8,19.8,35.72
628730.0,3415430.0,42.6,36.8,19.8,35.72
628830.0,3415430.0,42.6,36.8,19.8,35.72
628930.0,3415430.0,42.6,36.8,19.8,35.72
629030.0,3415430.0,42.6,36.8,19.8,35.72
629130.0,3415430.0,42.6,36.8,19.8,35.72
629230.0,3415430.0,42.6,36.8,19.8,35.72
629330.0,3415430.0,42.6,36.8,19.8,35.72
629430.0,3415430.0,42.6,36.8,19.8,35.72
629530.0,3415430.0,42.6,36.8,19.8,35.72
629630.0,3415430.0,42.6,36.8,19.8,35.72
629730.0,3415430.0,42.6,36.8,19.8,35.72
629830.0,3415430.0,42.6,36.8,19.8,35.72
629930.0,3415430.0,42.6,36.8,19.8,35.72
630030.0,3415430.0,42.6,36.8,19.8,35.72
630130.0,3415430.0,42.6,36.8,19.8,35.72
630230.0,3415430.0,42.6,36.8,19.8,35.72
630330.0,3415430.0,42.6,36.8,19.8,35.72
630430.0,3415430.0,42.6,36.8,19.8,35.72
630530.0,3415430.0,42.6,36.8,19.8,35.72
630630.0,3415430.0,42.6,36.8,19.8,35.72
630730.0,3415430.0,42.6,36.8,19.8,35.72
630830.0,3415430.0,42.6,36.8,19.8,35.72
630930.0,3415430.0,42.6,36.8,19.8,35.72
631030.0,3415430.0,42.6,36.8,19.8,35.72
624230.0,3415330.0,42.6,36.8,19.8,35.72
624330.0,3415330.0,42.6,36.8,19.8,35.72
624430.0,3415330.0,42.6,36.8,19.8,35.72
624530.0,3415330.0,42.6,36.8,19.8,35.72
624630.0,3415330.0,42.6,36.8,19.8,35.72
624730.0,3415330.0,42.6,36.8,19.8,35.72
624830.0,3415330.0,42.6,36.8,19.8,35.72
624930.0,3415330.0,42.6,36.8,19.8,35.72
625030.0,3415330.0,42.6,36.8,19.8,35.72
625130.0,3415330.0,42.6,36.8,19.8,35.72
625230.0,3415330.0,42.6,36.8,19.8,35.72
625330.0,3415330.0,42.6,36.8,19.8,35.72
625430.0,3415330.0,42.6,36.8,19.8,35.72
625530.0,3415330.0,42.6,36.8,19.8,35.72
625630.0,3415330.0,42.6,36.8,19.8,35.72
625730.0,3415330.0,42.6,36.8,19.8,35.72
625830.0,3415330.0,42.6,36.8,19.8,35.72
625930.0,3415330.0,42.6,36.8,19.8,35.72
626030.0,3415330.0,42.6,36.8,19.8,35.72
626130.0,3415330.0,42.6,36.8,19.8,35.72
626230.0,3415330.0,42.6,36.8,19.8,35.72
626330.0,3415330.0,42.6,36.8,19.8,35.72
626430.0,3415330.0,42.6,36.8,19.8,35.72
626530.0,3415330.0,42.6,36.8,19.8,35.72
626630.0,3415330.0,42.6,36.8,19.8,35.72
626730.0,3415330.0,42.6,36.8,19.8,35.72
626830.0,3415330.0,42.6,36.8,19.8,35.72
626930.0,3415330.0,42.6,36.8,19.8,35.72
627030.0,3415330.0,42.6,36.8,19.8,35.72
627130.0,3415330.0,42.6,36.8,19.8,35.72
627230.0,3415330.0,42.6,36.8,19.8,35.72
627330.0,3415330.0,42.6,36.8,19.8,35.72
627430.0,3415330.0,42.6,36.8,19.8,35.72
627530.0,3415330.0,42.6,36.8,19.8,35.72
627630.0,3415330.0,42.6,36.8,19.8,35.72
627730.0,3415330.0,42.6,36.8,19.8,35.72
627830.0,3415330.0,42.6,36.8,19.8,35.72
627930.0,3415330.0,42.6,36.8,19.8,35.72
628030.0,3415330.0,42.6,36.8,19.8,35.72
628130.0,3415330.0,42.6,36.8,19.8,35.72
628230.0,3415330.0,42.6,36.8,19.8,35.72
628330.0,3415330.0,42.6,36.8,19.8,35.72
628430.0,3415330.0,42.6,36.8,19.8,35.72
628530.0,3415330.0,42.6,36.8,19.8,35.72
628630.0,3415330.0,42.6,36.8,19.8,35.72
628730.0,3415330.0,42.6,36.8,19.8,35.72
628830.0,3415330.0,42.6,36.8,19.8,35.72
628930.0,3415330.0,42.6,36.8,19.8,35.72
629030.0,3415330.0,42.6,36.8,19.8,35.72
629130.0,3415330.0,42.6,36.8,19.8,35.72
629230.0,3415330.0,42.6,36.8,19.8,35.72
629330.0,3415330.0,42.6,36.8,19.8,35.72
629430.0,3415330.0,42.6,36.8,19.8,35.72
629530.0,3415330.0,42.6,36.8,19.8,35.72
629630.0,3415330.0,42.6,36.8,19.8,35.72
629730.0,3415330.0,42.6,36.8,19.8,35.72
629830.0,3415330.0,42.6,36.8,19.8,35.72
629930.0,3415330.0,42.6,36.8,19.8,35.72
630030.0,3415330.0,42.6,36.8,19.8,35.72
630130.0,3415330.0,42.6,36.8,19.8,35.72
630230.0,3415330.0,42.6,36.8,19.8,35.72
630330.0,3415330.0,42.6,36.8,19.8,35.72
630430.0,3415330.0,42.6,36.8,19.8,35.72
630530.0,3415330.0,42.6,36.8,19.8,35.72
630630.0,3415330.0,42.6,36.8,19.8,35.72
630730.0,3415330.0,42.6,36.8,19.8,35.72
630830.0,3415330.0,42.6,36.8,19.8,35.72
630930.0,3415330.0,42.6,36.8,19.8,35.72
631030.0,3415330.0,42.6,36.8,19.8,35.72
624330.0,3415230.0,42.6,36.8,19.8,35.72
624430.0,3415230.0,42.6,36.8,19.8,35.72
624530.0,3415230.0,42.6,36.8,19.8,35.72
624630.0,3415230.0,42.6,36.8,19.8,35.72
624730.0,3415230.0,42.6,36.8,19.8,35.72
624830.0,3415230.0,42.6,36.8,19.8,35.72
624930.0,3415230.0,42.6,36.8,19.8,35.72
625030.0,3415230.0,42.6,36.8,19.8,35.72
625130.0,3415230.0,42.6,36.8,19.8,35.72
625230.0,3415230.0,42.6,36.8,19.8,35.72
625330.0,3415230.0,42.6,36.8,19.8,35.72
625430.0,3415230.0,42.6,36.8,19.8,35.72
625530.0,3415230.0,42.6,36.8,19.8,35.72
625630.0,3415230.0,42.6,36.8,19.8,35.72
625730.0,3415230.0,42.6,36.8,19.8,35.72
625830.0,3415230.0,42.6,36.8,19.8,35.72
625930.0,3415230.0,42.6,36.8,19.8,35.72
626030.0,3415230.0,42.6,36.8,19.8,35.72
626130.0,3415230.0,42.6,36.8,19.8,35.72
626230.0,3415230.0,42.6,36.8,19.8,35.72
626330.0,3415230.0,42.6,36.8,19.8,35.72
626430.0,3415230.0,42.6,36.8,19.8,35.72
626530.0,3415230.0,42.6,36.8,19.8,35.72
626630.0,3415230.0,42.6,36.8,19.8,35.72
626730.0,3415230.0,42.6,36.8,19.8,35.72
626830.0,3415230.0,42.6,36.8,19.8,35.72
626930.0,3415230.0,42.6,36.8,19.8,35.72
627030.0,3415230.0,42.6,36.8,19.8,35.72
627130.0,3415230.0,42.6,36.8,19.8,35.72
627230.0,3415230.0,42.6,36.8,19.8,35.72
627330.0,3415230.0,42.6,36.8,19.8,35.72
627430.0,3415230.0,42.6,36.8,19.8,35.72
627530.0,3415230.0,42.6,36.8,19.8,35.72
627630.0,3415230.0,42.6,36.8,19.8,35.72
627730.0,3415230.0,42.6,36.8,19.8,35.72
627830.0,3415230.0,42.6,36.8,19.8,35.72
627930.0,3415230.0,42.6,36.8,19.8,35.72
628030.0,3415230.0,42.6,36.8,19.8,35.72
628130.0,3415230.0,42.6,36.8,19.8,35.72
628230.0,3415230.0,42.6,36.8,19.8,35.72
628330.0,3415230.0,42.6,36.8,19.8,35.72
628430.0,3415230.0,42.6,36.8,19.8,35.72
628530.0,3415230.0,42.6,36.8,19.8,35.72
628630.0,3415230.0,42.6,36.8,19.8,35.72
628730.0,3415230.0,42.6,36.8,19.8,35.72
628830.0,3415230.0,42.6,36.8,19.8,35.72
628930.0,3415230.0,42.6,36.8,19.8,35.72
629030.0,3415230.0,42.6,36.8,19.8,35.72
629130.0,3415230.0,42.6,36.8,19.8,35.72
629230.0,3415230.0,42.6,36.8,19.8,35.72
629330.0,3415230.0,42.6,36.8,19.8,35.72
629430.0,3415230.0,42.6,36.8,19.8,35.72
629530.0,3415230.0,42.6,36.8,19.8,35.72
629630.0,3415230.0,42.6,36.8,19.8,35.72
629730.0,3415230.0,42.6,36.8,19.8,35.72
629830.0,3415230.0,42.6,36.8,19.8,35.72
629930.0,3415230.0,42.6,36.8,19.8,35.72
630030.0,3415230.0,42.6,36.8,19.8,35.72
630130.0,3415230.0,42.6,36.8,19.8,35.72
630230.0,3415230.0,42.6,36.8,19.8,35.72
630330.0,3415230.0,42.6,36.8,19.8,35.72
630430.0,3415230.0,42.6,36.8,19.8,35.72
630530.0,3415230.0,42.6,36.8,19.8,35.72
630630.0,3415230.0,42.6,36.8,19.8,35.72
630730.0,3415230.0,42.6,36.8,19.8,35.72
630830.0,3415230.0,42.6,36.8,19.8,35.72
630930.0,3415230.0,42.6,36.8,19.8,35.72
631030.0,3415230.0,42.6,36.8,19.8,35.72
631130.0,3415230.0,42.6,36.8,19.8,35.72
631230.0,3415230.0,42.6,36.8,19.8,35.72
624330.0,3415130.0,42.6,36.8,19.8,35.72
624430.0,3415130.0,42.6,36.8,19.8,35.72
624530.0,3415130.0,42.6,36.8,19.8,35.72
624630.0,3415130.0,42.6,36.8,19.8,35.72
624730.0,3415130.0,42.6,36.8,19.8,35.72
624830.0,3415130.0,42.6,36.8,19.8,35.72
624930.0,3415130.0,42.6,36.8,19.8,35.72
625030.0,3415130.0,42.6,36.8,19.8,35.72
625130.0,3415130.0,42.6,36.8,19.8,35.72
625230.0,3415130.0,42.6,36.8,19.8,35.72
625330.0,3415130.0,42.6,36.8,19.8,35.72
625430.0,3415130.0,42.6,36.8,19.8,35.72
625530.0,3415130.0,42.6,36.8,19.8,35.72
625630.0,3415130.0,42.6,36.8,19.8,35.72
625730.0,3415130.0,42.6,36.8,19.8,35.72
625830.0,3415130.0,42.6,36.8,19.8,35.72
625930.0,3415130.0,42.6,36.8,19.8,35.72
626030.0,3415130.0,42.6,36.8,19.8,35.72
626130.0,3415130.0,42.6,36.8,19.8,35.72
626230.0,3415130.0,42.6,36.8,19.8,35.72
626330.0,3415130.0,42.6,36.8,19.8,35.72
626430.0,3415130.0,42.6,36.8,19.8,35.72
626530.0,3415130.0,42.6,36.8,19.8,35.72
626630.0,3415130.0,42.6,36.8,19.8,35.72
626730.0,3415130.0,42.6,36.8,19.8,35.72
626830.0,3415130.0,42.6,36.8,19.8,35.72
626930.0,3415130.0,42.6,36.8,19.8,35.72
627030.0,3415130.0,42.6,36.8,19.8,35.72
627130.0,3415130.0,42.6,36.8,19.8,35.72
627230.0,3415130.0,42.6,36.8,19.8,35.72
627330.0,3415130.0,42.6,36.8,19.8,35.72
627430.0,3415130.0,42.6,36.8,19.8,35.72
627530.0,3415130.0,42.6,36.8,19.8,35.72
627630.0,3415130.0,42.6,36.8,19.8,35.72
627730.0,3415130.0,42.6,36.8,19.8,35.72
627830.0,3415130.0,42.6,36.8,19.8,35.72
627930.0,3415130.0,42.6,36.8,19.8,35.72
628030.0,3415130.0,42.6,36.8,19.8,35.72
628130.0,3415130.0,42.6,36.8,19.8,35.72
628230.0,3415130.0,42.6,36.8,19.8,35.72
628330.0,3415130.0,42.6,36.8,19.8,35.72
628430.0,3415130.0,42.6,36.8,19.8,35.72
628530.0,3415130.0,42.6,36.8,19.8,35.72
628630.0,3415130.0,42.6,36.8,19.8,35.72
628730.0,3415130.0,42.6,36.8,19.8,35.72
628830.0,3415130.0,42.6,36.8,19.8,35.72
628930.0,3415130.0,42.6,36.8,19.8,35.72
629030.0,3415130.0,42.6,36.8,19.8,35.72
629130.0,3415130.0,42.6,36.8,19.8,35.72
629230.0,3415130.0,42.6,36.8,19.8,35.72
629330.0,3415130.0,42.6,36.8,19.8,35.72
629430.0,3415130.0,42.6,36.8,19.8,35.72
629530.0,3415130.0,42.6,36.8,19.8,35.72
629630.0,3415130.0,42.6,36.8,19.8,35.72
629730.0,3415130.0,42.6,36.8,19.8,35.72
629830.0,3415130.0,42.6,36.8,19.8,35.72
629930.0,3415130.0,42.6,36.8,19.8,35.72
630030.0,3415130.0,42.6,36.8,19.8,35.72
630130.0,3415130.0,42.6,36.8,19.8,35.72
630230.0,3415130.0,42.6,36.8,19.8,35.72
630330.0,3415130.0,42.6,36.8,19.8,35.72
630430.0,3415130.0,42.6,36.8,19.8,35.72
630530.0,3415130.0,42.6,36.8,19.8,35.72
630630.0,3415130.0,42.6,36.8,19.8,35.72
630730.0,3415130.0,42.6,36.8,19.8,35.72
630830.0,3415130.0,42.6,36.8,19.8,35.72
630930.0,3415130.0,42.6,36.8,19.8,35.72
631030.0,3415130.0,42.6,36.8,19.8,35.72
631130.0,3415130.0,42.6,36.8,19.8,35.72
631230.0,3415130.0,42.6,36.8,19.8,35.72
631330.0,3415130.0,42.6,36.8,19.8,35.72
631430.0,3415130.0,42.6,36.8,19.8,35.72
624430.0,3415030.0,42.6,36.8,19.8,35.72
624530.0,3415030.0,42.6,36.8,19.8,35.72
624630.0,3415030.0,42.6,36.8,19.8,35.72
624730.0,3415030.0,42.6,36.8,19.8,35.72
624830.0,3415030.0,42.6,36.8,19.8,35.72
624930.0,3415030.0,42.6,36.8,19.8,35.72
625030.0,3415030.0,42.6,36.8,19.8,35.72
625130.0,3415030.0,42.6,36.8,19.8,35.72
625230.0,3415030.0,42.6,36.8,19.8,35.72
625330.0,3415030.0,42.6,36.8,19.8,35.72
625430.0,3415030.0,42.6,36.8,19.8,35.72
625530.0,3415030.0,42.6,36.8,19.8,35.72
625630.0,3415030.0,42.6,36.8,19.8,35.72
625730.0,3415030.0,42.6,36.8,19.8,35.72
625830.0,3415030.0,42.6,36.8,19.8,35.72
625930.0,3415030.0,42.6,36.8,19.8,35.72
626030.0,3415030.0,42.6,36.8,19.8,35.72
626130.0,3415030.0,42.6,36.8,19.8,35.72
626230.0,3415030.0,42.6,36.8,19.8,35.72
626330.0,3415030.0,42.6,36.8,19.8,35.72
626430.0,3415030.0,42.6,36.8,19.8,35.72
626530.0,3415030.0,42.6,36.8,19.8,35.72
626630.0,3415030.0,42.6,36.8,19.8,35.72
626730.0,3415030.0,42.6,36.8,19.8,35.72
626830.0,3415030.0,42.6,36.8,19.8,35.72
626930.0,3415030.0,42.6,36.8,19.8,35.72
627030.0,3415030.0,42.6,36.8,19.8,35.72
627130.0,3415030.0,42.6,36.8,19.8,35.72
627230.0,3415030.0,42.6,36.8,19.8,35.72
627330.0,3415030.0,42.6,36.8,19.8,35.72
627430.0,3415030.0,42.6,36.8,19.8,35.72
627530.0,3415030.0,42.6,36.8,19.8,35.72
627630.0,3415030.0,42.6,36.8,19.8,35.72
627730.0,3415030.0,42.6,36.8,19.8,35.72
627830.0,3415030.0,42.6,36.8,19.8,35.72
627930.0,3415030.0,42.6,36.8,19.8,35.72
628030.0,3415030.0,42.6,36.8,19.8,35.72
628130.0,3415030.0,42.6,36.8,19.8,35.72
628230.0,3415030.0,42.6,36.8,19.8,35.72
628330.0,3415030.0,42.6,36.8,19.8,35.72
628430.0,3415030.0,42.6,36.8,19.8,35.72
628530.0,3415030.0,42.6,36.8,19.8,35.72
628630.0,3415030.0,42.6,36.8,19.8,35.72
628730.0,3415030.0,42.6,36.8,19.8,35.72
628830.0,3415030.0,42.6,36.8,19.8,35.72
628930.0,3415030.0,42.6,36.8,19.8,35.72
629030.0,3415030.0,42.6,36.8,19.8,35.72
629130.0,3415030.0,42.6,36.8,19.8,35.72
629230.0,3415030.0,42.6,36.8,19.8,35.72
629330.0,3415030.0,42.6,36.8,19.8,35.72
629430.0,3415030.0,42.6,36.8,19.8,35.72
629530.0,3415030.0,42.6,36.8,19.8,35.72
629630.0,3415030.0,42.6,36.8,19.8,35.72
629730.0,3415030.0,42.6,36.8,19.8,35.72
629830.0,3415030.0,42.6,36.8,19.8,35.72
629930.0,3415030.0,42.6,36.8,19.8,35.72
630030.0,3415030.0,42.6,36.8,19.8,35.72
630130.0,3415030.0,42.6,36.8,19.8,35.72
630230.0,3415030.0,42.6,36.8,19.8,35.72
630330.0,3415030.0,42.6,36.8,19.8,35.72
630430.0,3415030.0,42.6,36.8,19.8,35.72
630530.0,3415030.0,42.6,36.8,19.8,35.72
630630.0,3415030.0,42.6,36.8,19.8,35.72
630730.0,3415030.0,42.6,36.8,19.8,35.72
630830.0,3415030.0,42.6,36.8,19.8,35.72
630930.0,3415030.0,42.6,36.8,19.8,35.72
631030.0,3415030.0,42.6,36.8,19.8,35.72
631130.0,3415030.0,42.6,36.8,19.8,35.72
631230.0,3415030.0,42.6,36.8,19.8,35.72
631330.0,3415030.0,42.6,36.8,19.8,35.72
631430.0,3415030.0,42.6,36.8,19.8,35.72
631530.0,3415030.0,42.6,36.8,19.8,35.72
631630.0,3415030.0,42.6,36.8,19.8,35.72
624530.0,3414930.0,42.6,36.8,19.8,35.72
624630.0,3414930.0,42.6,36.8,19.8,35.72
624730.0,3414930.0,42.6,36.8,19.8,35.72
624830.0,3414930.0,42.6,36.8,19.8,35.72
624930.0,3414930.0,42.6,36.8,19.8,35.72
625030.0,3414930.0,42.6,36.8,19.8,35.72
625130.0,3414930.0,42.6,36.8,19.8,35.72
625230.0,3414930.0,42.6,36.8,19.8,35.72
625330.0,3414930.0,42.6,36.8,19.8,35.72
625430.0,3414930.0,42.6,36.8,19.8,35.72
625530.0,3414930.0,42.6,36.8,19.8,35.72
625630.0,3414930.0,42.6,36.8,19.8,35.72
625730.0,3414930.0,42.6,36.8,19.8,35.72
625830.0,3414930.0,42.6,36.8,19.8,35.72
625930.0,3414930.0,42.6,36.8,19.8,35.72
626030.0,3414930.0,42.6,36.8,19.8,35.72
626130.0,3414930.0,42.6,36.8,19.8,35.72
626230.0,3414930.0,42.6,36.8,19.8,35.72
626330.0,3414930.0,42.6,36.8,19.8,35.72
626430.0,3414930.0,42.6,36.8,19.8,35.72
626530.0,3414930.0,42.6,36.8,19.8,35.72
626630.0,3414930.0,42.6,36.8,19.8,35.72
626730.0,3414930.0,42.6,36.8,19.8,35.72
626830.0,3414930.0,42.6,36.8,19.8,35.72
626930.0,3414930.0,42.6,36.8,19.8,35.72
627030.0,3414930.0,42.6,36.8,19.8,35.72
627130.0,3414930.0,42.6,36.8,19.8,35.72
627230.0,3414930.0,42.6,36.8,19.8,35.72
627330.0,3414930.0,42.6,36.8,19.8,35.72
627430.0,3414930.0,42.6,36.8,19.8,35.72
627530.0,3414930.0,42.6,36.8,19.8,35.72
627630.0,3414930.0,42.6,36.8,19.8,35.72
627730.0,3414930.0,42.6,36.8,19.8,35.72
627830.0,3414930.0,42.6,36.8,19.8,35.72
627930.0,3414930.0,42.6,36.8,19.8,35.72
628030.0,3414930.0,42.6,36.8,19.8,35.72
628130.0,3414930.0,42.6,36.8,19.8,35.72
628230.0,3414930.0,42.6,36.8,19.8,35.72
628330.0,3414930.0,42.6,36.8,19.8,35.72
628430.0,3414930.0,42.6,36.8,19.8,35.72
628530.0,3414930.0,42.6,36.8,19.8,35.72
628630.0,3414930.0,42.6,36.8,19.8,35.72
628730.0,3414930.0,42.6,36.8,19.8,35.72
628830.0,3414930.0,42.6,36.8,19.8,35.72
628930.0,3414930.0,42.6,36.8,19.8,35.72
629030.0,3414930.0,42.6,36.8,19.8,35.72
629130.0,3414930.0,42.6,36.8,19.8,35.72
629230.0,3414930.0,42.6,36.8,19.8,35.72
629330.0,3414930.0,42.6,36.8,19.8,35.72
629430.0,3414930.0,42.6,36.8,19.8,35.72
629530.0,3414930.0,42.6,36.8,19.8,35.72
629630.0,3414930.0,42.6,36.8,19.8,35.72
629730.0,3414930.0,42.6,36.8,19.8,35.72
629830.0,3414930.0,42.6,36.8,19.8,35.72
629930.0,3414930.0,42.6,36.8,19.8,35.72
630030.0,3414930.0,42.6,36.8,19.8,35.72
630130.0,3414930.0,42.6,36.8,19.8,35.72
630230.0,3414930.0,42.6,36.8,19.8,35.72
630330.0,3414930.0,42.6,36.8,19.8,35.72
630430.0,3414930.0,42.6,36.8,19.8,35.72
630530.0,3414930.0,42.6,36.8,19.8,35.72
630630.0,3414930.0,42.6,36.8,19.8,35.72
630730.0,3414930.0,42.6,36.8,19.8,35.72
630830.0,3414930.0,42.6,36.8,19.8,35.72
630930.0,3414930.0,42.6,36.8,19.8,35.72
631030.0,3414930.0,42.6,36.8,19.8,35.72
631130.0,3414930.0,42.6,36.8,19.8,35.72
631230.0,3414930.0,42.6,36.8,19.8,35.72
631330.0,3414930.0,42.6,36.8,19.8,35.72
631430.0,3414930.0,42.6,36.8,19.8,35.72
631530.0,3414930.0,42.6,36.8,19.8,35.72
631630.0,3414930.0,42.6,36.8,19.8,35.72
631730.0,3414930.0,42.6,36.8,19.8,35.72
631830.0,3414930.0,42.6,36.8,19.8,35.72
624530.0,3414830.0,42.6,36.8,19.8,35.72
624630.0,3414830.0,42.6,36.8,19.8,35.72
624730.0,3414830.0,42.6,36.8,19.8,35.72
624830.0,3414830.0,42.6,36.8,19.8,35.72
624930.0,3414830.0,42.6,36.8,19.8,35.72
625030.0,3414830.0,42.6,36.8,19.8,35.72
625130.0,3414830.0,42.6,36.8,19.8,35.72
625230.0,3414830.0,42.6,36.8,19.8,35.72
625330.0,3414830.0,42.6,36.8,19.8,35.72
625430.0,3414830.0,42.6,36.8,19.8,35.72
625530.0,3414830.0,42.6,36.8,19.8,35.72
625630.0,3414830.0,42.6,36.8,19.8,35.72
625730.0,3414830.0,42.6,36.8,19.8,35.72
625830.0,3414830.0,42.6,36.8,19.8,35.72
625930.0,3414830.0,42.6,36.8,19.8,35.72
626030.0,3414830.0,42.6,36.8,19.8,35.72
626130.0,3414830.0,42.6,36.8,19.8,35.72
626230.0,3414830.0,42.6,36.8,19.8,35.72
626330.0,3414830.0,42.6,36.8,19.8,35.72
626430.0,3414830.0,42.6,36.8,19.8,35.72
626530.0,3414830.0,42.6,36.8,19.8,35.72
626630.0,3414830.0,42.6,36.8,19.8,35.72
626730.0,3414830.0,42.6,36.8,19.8,35.72
626830.0,3414830.0,42.6,36.8,19.8,35.72
626930.0,3414830.0,42.6,36.8,19.8,35.72
627030.0,3414830.0,42.6,36.8,19.8,35.72
627130.0,3414830.0,42.6,36.8,19.8,35.72
627230.0,3414830.0,42.6,36.8,19.8,35.72
627330.0,3414830.0,42.6,36.8,19.8,35.72
627430.0,3414830.0,42.6,36.8,19.8,35.72
627530.0,3414830.0,42.6,36.8,19.8,35.72
627630.0,3414830.0,42.6,36.8,19.8,35.72
627730.0,3414830.0,42.6,36.8,19.8,35.72
627830.0,3414830.0,42.6,36.8,19.8,35.72
627930.0,3414830.0,42.6,36.8,19.8,35.72
628030.0,3414830.0,42.6,36.8,19.8,35.72
628130.0,3414830.0,42.6,36.8,19.8,35.72
628230.0,3414830.0,42.6,36.8,19.8,35.72
628330.0,3414830.0,42.6,36.8,19.8,35.72
628430.0,3414830.0,42.6,36.8,19.8,35.72
628530.0,3414830.0,42.6,36.8,19.8,35.72
628630.0,3414830.0,42.6,36.8,19.8,35.72
628730.0,3414830.0,42.6,36.8,19.8,35.72
628830.0,3414830.0,42.6,36.8,19.8,35.72
628930.0,3414830.0,42.6,36.8,19.8,35.72
629030.0,3414830.0,42.6,36.8,19.8,35.72
629130.0,3414830.0,42.6,36.8,19.8,35.72
629230.0,3414830.0,42.6,36.8,19.8,35.72
629330.0,3414830.0,42.6,36.8,19.8,35.72
629430.0,3414830.0,42.6,36.8,19.8,35.72
629530.0,3414830.0,42.6,36.8,19.8,35.72
629630.0,3414830.0,42.6,36.8,19.8,35.72
629730.0,3414830.0,42.6,36.8,19.8,35.72
629830.0,3414830.0,42.6,36.8,19.8,35.72
629930.0,3414830.0,42.6,36.8,19.8,35.72
630030.0,3414830.0,42.6,36.8,19.8,35.72
630130.0,3414830.0,42.6,36.8,19.8,35.72
630230.0,3414830.0,42.6,36.8,19.8,35.72
630330.0,3414830.0,42.6,36.8,19.8,35.72
630430.0,3414830.0,42.6,36.8,19.8,35.72
630530.0,3414830.0,42.6,36.8,19.8,35.72
630630.0,3414830.0,42.6,36.8,19.8,35.72
630730.0,3414830.0,42.6,36.8,19.8,35.72
630830.0,3414830.0,42.6,36.8,19.8,35.72
630930.0,3414830.0,42.6,36.8,19.8,35.72
631030.0,3414830.0,42.6,36.8,19.8,35.72
631130.0,3414830.0,42.6,36.8,19.8,35.72
631230.0,3414830.0,42.6,36.8,19.8,35.72
631330.0,3414830.0,42.6,36.8,19.8,35.72
631430.0,3414830.0,42.6,36.8,19.8,35.72
631530.0,3414830.0,42.6,36.8,19.8,35.72
631630.0,3414830.0,42.6,36.8,19.8,35.72
631730.0,3414830.0,42.6,36.8,19.8,35.72
631830.0,3414830.0,42.6,36.8,19.8,35.72
631930.0,3414830.0,42.6,36.8,19.8,35.72
624630.0,3414730.0,42.6,36.8,19.8,35.72
624730.0,3414730.0,42.6,36.8,19.8,35.72
624830.0,3414730.0,42.6,36.8,19.8,35.72
624930.0,3414730.0,42.6,36.8,19.8,35.72
625030.0,3414730.0,42.6,36.8,19.8,35.72
625130.0,3414730.0,42.6,36.8,19.8,35.72
625230.0,3414730.0,42.6,36.8,19.8,35.72
625330.0,3414730.0,42.6,36.8,19.8,35.72
625430.0,3414730.0,42.6,36.8,19.8,35.72
625530.0,3414730.0,42.6,36.8,19.8,35.72
625630.0,3414730.0,42.6,36.8,19.8,35.72
625730.0,3414730.0,42.6,36.8,19.8,35.72
625830.0,3414730.0,42.6,36.8,19.8,35.72
625930.0,3414730.0,42.6,36.8,19.8,35.72
626030.0,3414730.0,42.6,36.8,19.8,35.72
626130.0,3414730.0,42.6,36.8,19.8,35.72
626230.0,3414730.0,42.6,36.8,19.8,35.72
626330.0,3414730.0,42.6,36.8,19.8,35.72
626430.0,3414730.0,42.6,36.8,19.8,35.72
626530.0,3414730.0,42.6,36.8,19.8,35.72
626630.0,3414730.0,42.6,36.8,19.8,35.72
626730.0,3414730.0,42.6,36.8,19.8,35.72
626830.0,3414730.0,42.6,36.8,19.8,35.72
626930.0,3414730.0,42.6,36.8,19.8,35.72
627030.0,3414730.0,42.6,36.8,19.8,35.72
627130.0,3414730.0,42.6,36.8,19.8,35.72
627230.0,3414730.0,42.6,36.8,19.8,35.72
627330.0,3414730.0,42.6,36.8,19.8,35.72
627430.0,3414730.0,42.6,36.8,19.8,35.72
627530.0,3414730.0,42.6,36.8,19.8,35.72
627630.0,3414730.0,42.6,36.8,19.8,35.72
627730.0,3414730.0,42.6,36.8,19.8,35.72
627830.0,3414730.0,42.6,36.8,19.8,35.72
627930.0,3414730.0,42.6,36.8,19.8,35.72
628030.0,3414730.0,42.6,36.8,19.8,35.72
628130.0,3414730.0,42.6,36.8,19.8,35.72
628230.0,3414730.0,42.6,36.8,19.8,35.72
628330.0,3414730.0,42.6,36.8,19.8,35.72
628430.0,3414730.0,42.6,36.8,19.8,35.72
628530.0,3414730.0,42.6,36.8,19.8,35.72
628630.0,3414730.0,42.6,36.8,19.8,35.72
628730.0,3414730.0,42.6,36.8,19.8,35.72
628830.0,3414730.0,42.6,36.8,19.8,35.72
628930.0,3414730.0,42.6,36.8,19.8,35.72
629030.0,3414730.0,42.6,36.8,19.8,35.72
629130.0,3414730.0,42.6,36.8,19.8,35.72
629230.0,3414730.0,42.6,36.8,19.8,35.72
629330.0,3414730.0,42.6,36.8,19.8,35.72
629430.0,3414730.0,42.6,36.8,19.8,35.72
629530.0,3414730.0,42.6,36.8,19.8,35.72
629630.0,3414730.0,42.6,36.8,19.8,35.72
629730.0,3414730.0,42.6,36.8,19.8,35.72
629830.0,3414730.0,42.6,36.8,19.8,35.72
629930.0,3414730.0,42.6,36.8,19.8,35.72
630030.0,3414730.0,42.6,36.8,19.8,35.72
630130.0,3414730.0,42.6,36.8,19.8,35.72
630230.0,3414730.0,42.6,36.8,19.8,35.72
630330.0,3414730.0,42.6,36.8,19.8,35.72
630430.0,3414730.0,42.6,36.8,19.8,35.72
630530.0,3414730.0,42.6,36.8,19.8,35.72
630630.0,3414730.0,42.6,36.8,19.8,35.72
630730.0,3414730.0,42.6,36.8,19.8,35.72
630830.0,3414730.0,42.6,36.8,19.8,35.72
630930.0,3414730.0,42.6,36.8,19.8,35.72
631030.0,3414730.0,42.6,36.8,19.8,35.72
631130.0,3414730.0,42.6,36.8,19.8,35.72
631230.0,3414730.0,42.6,36.8,19.8,35.72
631330.0,3414730.0,42.6,36.8,19.8,35.72
631430.0,3414730.0,42.6,36.8,19.8,35.72
631530.0,3414730.0,42.6,36.8,19.8,35.72
631630.0,3414730.0,42.6,36.8,19.8,35.72
631730.0,3414730.0,42.6,36.8,19.8,35.72
631830.0,3414730.0,42.6,36.8,19.8,35.72
631930.0,3414730.0,42.6,36.8,19.8,35.72
624630.0,3414630.0,42.6,36.8,19.8,35.72
624730.0,3414630.0,42.6,36.8,19.8,35.72
624830.0,3414630.0,42.6,36.8,19.8,35.72
624930.0,3414630.0,42.6,36.8,19.8,35.72
625030.0,3414630.0,42.6,36.8,19.8,35.72
625130.0,3414630.0,42.6,36.8,19.8,35.72
625230.0,3414630.0,42.6,36.8,19.8,35.72
625330.0,3414630.0,42.6,36.8,19.8,35.72
625430.0,3414630.0,42.6,36.8,19.8,35.72
625530.0,3414630.0,42.6,36.8,19.8,35.72
625630.0,3414630.0,42.6,36.8,19.8,35.72
625730.0,3414630.0,42.6,36.8,19.8,35.72
625830.0,3414630.0,42.6,36.8,19.8,35.72
625930.0,3414630.0,42.6,36.8,19.8,35.72
626030.0,3414630.0,42.6,36.8,19.8,35.72
626130.0,3414630.0,42.6,36.8,19.8,35.72
626230.0,3414630.0,42.6,36.8,19.8,35.72
626330.0,3414630.0,42.6,36.8,19.8,35.72
626430.0,3414630.0,42.6,36.8,19.8,35.72
626530.0,3414630.0,42.6,36.8,19.8,35.72
626630.0,3414630.0,42.6,36.8,19.8,35.72
626730.0,3414630.0,42.6,36.8,19.8,35.72
626830.0,3414630.0,42.6,36.8,19.8,35.72
626930.0,3414630.0,42.6,36.8,19.8,35.72
627030.0,3414630.0,42.6,36.8,19.8,35.72
627130.0,3414630.0,42.6,36.8,19.8,35.72
627230.0,3414630.0,42.6,36.8,19.8,35.72
627330.0,3414630.0,42.6,36.8,19.8,35.72
627430.0,3414630.0,42.6,36.8,19.8,35.72
627530.0,3414630.0,42.6,36.8,19.8,35.72
627630.0,3414630.0,42.6,36.8,19.8,35.72
627730.0,3414630.0,42.6,36.8,19.8,35.72
627830.0,3414630.0,42.6,36.8,19.8,35.72
627930.0,3414630.0,42.6,36.8,19.8,35.72
628030.0,3414630.0,42.6,36.8,19.8,35.72
628130.0,3414630.0,42.6,36.8,19.8,35.72
628230.0,3414630.0,42.6,36.8,19.8,35.72
628330.0,3414630.0,42.6,36.8,19.8,35.72
628430.0,3414630.0,42.6,36.8,19.8,35.72
628530.0,3414630.0,42.6,36.8,19.8,35.72
628630.0,3414630.0,42.6,36.8,19.8,35.72
628730.0,3414630.0,42.6,36.8,19.8,35.72
628830.0,3414630.0,42.6,36.8,19.8,35.72
628930.0,3414630.0,42.6,36.8,19.8,35.72
629030.0,3414630.0,42.6,36.8,19.8,35.72
629130.0,3414630.0,42.6,36.8,19.8,35.72
629230.0,3414630.0,42.6,36.8,19.8,35.72
629330.0,3414630.0,42.6,36.8,19.8,35.72
629430.0,3414630.0,42.6,36.8,19.8,35.72
629530.0,3414630.0,42.6,36.8,19.8,35.72
629630.0,3414630.0,42.6,36.8,19.8,35.72
629730.0,3414630.0,42.6,36.8,19.8,35.72
629830.0,3414630.0,42.6,36.8,19.8,35.72
629930.0,3414630.0,42.6,36.8,19.8,35.72
630030.0,3414630.0,42.6,36.8,19.8,35.72
630130.0,3414630.0,42.6,36.8,19.8,35.72
630230.0,3414630.0,42.6,36.8,19.8,35.72
630330.0,3414630.0,42.6,36.8,19.8,35.72
630430.0,3414630.0,42.6,36.8,19.8,35.72
630530.0,3414630.0,42.6,36.8,19.8,35.72
630630.0,3414630.0,42.6,36.8,19.8,35.72
630730.0,3414630.0,42.6,36.8,19.8,35.72
630830.0,3414630.0,42.6,36.8,19.8,35.72
630930.0,3414630.0,42.6,36.8,19.8,35.72
631030.0,3414630.0,42.6,36.8,19.8,35.72
631130.0,3414630.0,42.6,36.8,19.8,35.72
631230.0,3414630.0,42.6,36.8,19.8,35.72
631330.0,3414630.0,42.6,36.8,19.8,35.72
631430.0,3414630.0,42.6,36.8,19.8,35.72
631530.0,3414630.0,42.6,36.8,19.8,35.72
631630.0,3414630.0,42.6,36.8,19.8,35.72
631730.0,3414630.0,42.6,36.8,19.8,35.72
631830.0,3414630.0,42.6,36.8,19.8,35.72
624730.0,3414530.0,42.6,36.8,19.8,35.72
624830.0,3414530.0,42.6,36.8,19.8,35.72
624930.0,3414530.0,42.6,36.8,19.8,35.72
625030.0,3414530.0,42.6,36.8,19.8,35.72
625130.0,3414530.0,42.6,36.8,19.8,35.72
625230.0,3414530.0,42.6,36.8,19.8,35.72
625330.0,3414530.0,42.6,36.8,19.8,35.72
625430.0,3414530.0,42.6,36.8,19.8,35.72
625530.0,3414530.0,42.6,36.8,19.8,35.72
625630.0,3414530.0,42.6,36.8,19.8,35.72
625730.0,3414530.0,42.6,36.8,19.8,35.72
625830.0,3414530.0,42.6,36.8,19.8,35.72
625930.0,3414530.0,42.6,36.8,19.8,35.72
626030.0,3414530.0,42.6,36.8,19.8,35.72
626130.0,3414530.0,42.6,36.8,19.8,35.72
626230.0,3414530.0,42.6,36.8,19.8,35.72
626330.0,3414530.0,42.6,36.8,19.8,35.72
626430.0,3414530.0,42.6,36.8,19.8,35.72
626530.0,3414530.0,42.6,36.8,19.8,35.72
626630.0,3414530.0,42.6,36.8,19.8,35.72
626730.0,3414530.0,42.6,36.8,19.8,35.72
626830.0,3414530.0,42.6,36.8,19.8,35.72
626930.0,3414530.0,42.6,36.8,19.8,35.72
627030.0,3414530.0,42.6,36.8,19.8,35.72
627130.0,3414530.0,42.6,36.8,19.8,35.72
627230.0,3414530.0,42.6,36.8,19.8,35.72
627330.0,3414530.0,42.6,36.8,19.8,35.72
627430.0,3414530.0,42.6,36.8,19.8,35.72
627530.0,3414530.0,42.6,36.8,19.8,35.72
627630.0,3414530.0,42.6,36.8,19.8,35.72
627730.0,3414530.0,42.6,36.8,19.8,35.72
627830.0,3414530.0,42.6,36.8,19.8,35.72
627930.0,3414530.0,42.6,36.8,19.8,35.72
628030.0,3414530.0,42.6,36.8,19.8,35.72
628130.0,3414530.0,42.6,36.8,19.8,35.72
628230.0,3414530.0,42.6,36.8,19.8,35.72
628330.0,3414530.0,42.6,36.8,19.8,35.72
628430.0,3414530.0,42.6,36.8,19.8,35.72
628530.0,3414530.0,42.6,36.8,19.8,35.72
628630.0,3414530.0,42.6,36.8,19.8,35.72
628730.0,3414530.0,42.6,36.8,19.8,35.72
628830.0,3414530.0,42.6,36.8,19.8,35.72
628930.0,3414530.0,42.6,36.8,19.8,35.72
629030.0,3414530.0,42.6,36.8,19.8,35.72
629130.0,3414530.0,42.6,36.8,19.8,35.72
629230.0,3414530.0,42.6,36.8,19.8,35.72
629330.0,3414530.0,42.6,36.8,19.8,35.72
629430.0,3414530.0,42.6,36.8,19.8,35.72
629530.0,3414530.0,42.6,36.8,19.8,35.72
629630.0,3414530.0,42.6,36.8,19.8,35.72
629730.0,3414530.0,42.6,36.8,19.8,35.72
629830.0,3414530.0,42.6,36.8,19.8,35.72
629930.0,3414530.0,42.6,36.8,19.8,35.72
630030.0,3414530.0,42.6,36.8,19.8,35.72
630130.0,3414530.0,42.6,36.8,19.8,35.72
630230.0,3414530.0,42.6,36.8,19.8,35.72
630330.0,3414530.0,42.6,36.8,19.8,35.72
630430.0,3414530.0,42.6,36.8,19.8,35.72
630530.0,3414530.0,42.6,36.8,19.8,35.72
630630.0,3414530.0,42.6,36.8,19.8,35.72
630730.0,3414530.0,42.6,36.8,19.8,35.72
630830.0,3414530.0,42.6,36.8,19.8,35.72
630930.0,3414530.0,42.6,36.8,19.8,35.72
631030.0,3414530.0,42.6,36.8,19.8,35.72
631130.0,3414530.0,42.6,36.8,19.8,35.72
631230.0,3414530.0,42.6,36.8,19.8,35.72
631330.0,3414530.0,42.6,36.8,19.8,35.72
631430.0,3414530.0,42.6,36.8,19.8,35.72
631530.0,3414530.0,42.6,36.8,19.8,35.72
631630.0,3414530.0,42.6,36.8,19.8,35.72
631730.0,3414530.0,42.6,36.8,19.8,35.72
631830.0,3414530.0,42.6,36.8,19.8,35.72
624730.0,3414430.0,42.6,36.8,19.8,35.72
624830.0,3414430.0,42.6,36.8,19.8,35.72
624930.0,3414430.0,42.6,36.8,19.8,35.72
625030.0,3414430.0,42.6,36.8,19.8,35.72
625130.0,3414430.0,42.6,36.8,19.8,35.72
625230.0,3414430.0,42.6,36.8,19.8,35.72
625330.0,3414430.0,42.6,36.8,19.8,35.72
625430.0,3414430.0,42.6,36.8,19.8,35.72
625530.0,3414430.0,42.6,36.8,19.8,35.72
625630.0,3414430.0,42.6,36.8,19.8,35.72
625730.0,3414430.0,42.6,36.8,19.8,35.72
625830.0,3414430.0,42.6,36.8,19.8,35.72
625930.0,3414430.0,42.6,36.8,19.8,35.72
626030.0,3414430.0,42.6,36.8,19.8,35.72
626130.0,3414430.0,42.6,36.8,19.8,35.72
626230.0,3414430.0,42.6,36.8,19.8,35.72
626330.0,3414430.0,42.6,36.8,19.8,35.72
626430.0,3414430.0,42.6,36.8,19.8,35.72
626530.0,3414430.0,42.6,36.8,19.8,35.72
626630.0,3414430.0,42.6,36.8,19.8,35.72
626730.0,3414430.0,42.6,36.8,19.8,35.72
626830.0,3414430.0,42.6,36.8,19.8,35.72
626930.0,3414430.0,42.6,36.8,19.8,35.72
627030.0,3414430.0,42.6,36.8,19.8,35.72
627130.0,3414430.0,42.6,36.8,19.8,35.72
627230.0,3414430.0,42.6,36.8,19.8,35.72
627330.0,3414430.0,42.6,36.8,19.8,35.72
627430.0,3414430.0,42.6,36.8,19.8,35.72
627530.0,3414430.0,42.6,36.8,19.8,35.72
627630.0,3414430.0,42.6,36.8,19.8,35.72
627730.0,3414430.0,42.6,36.8,19.8,35.72
627830.0,3414430.0,42.6,36.8,19.8,35.72
627930.0,3414430.0,42.6,36.8,19.8,35.72
628030.0,3414430.0,42.6,36.8,19.8,35.72
628130.0,3414430.0,42.6,36.8,19.8,35.72
628230.0,3414430.0,42.6,36.8,19.8,35.72
628330.0,3414430.0,42.6,36.8,19.8,35.72
628430.0,3414430.0,42.6,36.8,19.8,35.72
628530.0,3414430.0,42.6,36.8,19.8,35.72
628630.0,3414430.0,42.6,36.8,19.8,35.72
628730.0,3414430.0,42.6,36.8,19.8,35.72
628830.0,3414430.0,42.6,36.8,19.8,35.72
628930.0,3414430.0,42.6,36.8,19.8,35.72
629030.0,3414430.0,42.6,36.8,19.8,35.72
629130.0,3414430.0,42.6,36.8,19.8,35.72
629230.0,3414430.0,42.6,36.8,19.8,35.72
629330.0,3414430.0,42.6,36.8,19.8,35.72
629430.0,3414430.0,42.6,36.8,19.8,35.72
629530.0,3414430.0,42.6,36.8,19.8,35.72
629630.0,3414430.0,42.6,36.8,19.8,35.72
629730.0,3414430.0,42.6,36.8,19.8,35.72
629830.0,3414430.0,42.6,36.8,19.8,35.72
629930.0,3414430.0,42.6,36.8,19.8,35.72
630030.0,3414430.0,42.6,36.8,19.8,35.72
630130.0,3414430.0,42.6,36.8,19.8,35.72
630230.0,3414430.0,42.6,36.8,19.8,35.72
630330.0,3414430.0,42.6,36.8,19.8,35.72
630430.0,3414430.0,42.6,36.8,19.8,35.72
630530.0,3414430.0,42.6,36.8,19.8,35.72
630630.0,3414430.0,42.6,36.8,19.8,35.72
630730.0,3414430.0,42.6,36.8,19.8,35.72
630830.0,3414430.0,42.6,36.8,19.8,35.72
630930.0,3414430.0,42.6,36.8,19.8,35.72
631030.0,3414430.0,42.6,36.8,19.8,35.72
631130.0,3414430.0,42.6,36.8,19.8,35.72
631230.0,3414430.0,42.6,36.8,19.8,35.72
631330.0,3414430.0,42.6,36.8,19.8,35.72
631430.0,3414430.0,42.6,36.8,19.8,35.72
631530.0,3414430.0,42.6,36.8,19.8,35.72
631630.0,3414430.0,42.6,36.8,19.8,35.72
631730.0,3414430.0,42.6,36.8,19.8,35.72
631830.0,3414430.0,42.6,36.8,19.8,35.72
624730.0,3414330.0,42.6,36.8,19.8,35.72
624830.0,3414330.0,42.6,36.8,19.8,35.72
624930.0,3414330.0,42.6,36.8,19.8,35.72
625030.0,3414330.0,42.6,36.8,19.8,35.72
625130.0,3414330.0,42.6,36.8,19.8,35.72
625230.0,3414330.0,42.6,36.8,19.8,35.72
625330.0,3414330.0,42.6,36.8,19.8,35.72
625430.0,3414330.0,42.6,36.8,19.8,35.72
625530.0,3414330.0,42.6,36.8,19.8,35.72
625630.0,3414330.0,42.6,36.8,19.8,35.72
625730.0,3414330.0,42.6,36.8,19.8,35.72
625830.0,3414330.0,42.6,36.8,19.8,35.72
625930.0,3414330.0,42.6,36.8,19.8,35.72
626030.0,3414330.0,42.6,36.8,19.8,35.72
626130.0,3414330.0,42.6,36.8,19.8,35.72
626230.0,3414330.0,42.6,36.8,19.8,35.72
626330.0,3414330.0,42.6,36.8,19.8,35.72
626430.0,3414330.0,42.6,36.8,19.8,35.72
626530.0,3414330.0,42.6,36.8,19.8,35.72
626630.0,3414330.0,42.6,36.8,19.8,35.72
626730.0,3414330.0,42.6,36.8,19.8,35.72
626830.0,3414330.0,42.6,36.8,19.8,35.72
626930.0,3414330.0,42.6,36.8,19.8,35.72
627030.0,3414330.0,42.6,36.8,19.8,35.72
627130.0,3414330.0,42.6,36.8,19.8,35.72
627230.0,3414330.0,42.6,36.8,19.8,35.72
627330.0,3414330.0,42.6,36.8,19.8,35.72
627430.0,3414330.0,42.6,36.8,19.8,35.72
627530.0,3414330.0,42.6,36.8,19.8,35.72
627630.0,3414330.0,42.6,36.8,19.8,35.72
627730.0,3414330.0,42.6,36.8,19.8,35.72
627830.0,3414330.0,42.6,36.8,19.8,35.72
627930.0,3414330.0,42.6,36.8,19.8,35.72
628030.0,3414330.0,42.6,36.8,19.8,35.72
628130.0,3414330.0,42.6,36.8,19.8,35.72
628230.0,3414330.0,42.6,36.8,19.8,35.72
628330.0,3414330.0,42.6,36.8,19.8,35.72
628430.0,3414330.0,42.6,36.8,19.8,35.72
628530.0,3414330.0,42.6,36.8,19.8,35.72
628630.0,3414330.0,42.6,36.8,19.8,35.72
628730.0,3414330.0,42.6,36.8,19.8,35.72
628830.0,3414330.0,42.6,36.8,19.8,35.72
628930.0,3414330.0,42.6,36.8,19.8,35.72
629030.0,3414330.0,42.6,36.8,19.8,35.72
629130.0,3414330.0,42.6,36.8,19.8,35.72
629230.0,3414330.0,42.6,36.8,19.8,35.72
629330.0,3414330.0,42.6,36.8,19.8,35.72
629430.0,3414330.0,42.6,36.8,19.8,35.72
629530.0,3414330.0,42.6,36.8,19.8,35.72
629630.0,3414330.0,42.6,36.8,19.8,35.72
629730.0,3414330.0,42.6,36.8,19.8,35.72
629830.0,3414330.0,42.6,36.8,19.8,35.72
629930.0,3414330.0,42.6,36.8,19.8,35.72
630030.0,3414330.0,42.6,36.8,19.8,35.72
630130.0,3414330.0,42.6,36.8,19.8,35.72
630230.0,3414330.0,42.6,36.8,19.8,35.72
630330.0,3414330.0,42.6,36.8,19.8,35.72
630430.0,3414330.0,42.6,36.8,19.8,35.72
630530.0,3414330.0,42.6,36.8,19.8,35.72
630630.0,3414330.0,42.6,36.8,19.8,35.72
630730.0,3414330.0,42.6,36.8,19.8,35.72
630830.0,3414330.0,42.6,36.8,19.8,35.72
630930.0,3414330.0,42.6,36.8,19.8,35.72
631030.0,3414330.0,42.6,36.8,19.8,35.72
631130.0,3414330.0,42.6,36.8,19.8,35.72
631230.0,3414330.0,42.6,36.8,19.8,35.72
631330.0,3414330.0,42.6,36.8,19.8,35.72
631430.0,3414330.0,42.6,36.8,19.8,35.72
631530.0,3414330.0,42.6,36.8,19.8,35.72
631630.0,3414330.0,42.6,36.8,19.8,35.72
631730.0,3414330.0,42.6,36.8,19.8,35.72
631830.0,3414330.0,42.6,36.8,19.8,35.72
624830.0,3414230.0,42.6,36.8,19.8,35.72
624930.0,3414230.0,42.6,36.8,19.8,35.72
625030.0,3414230.0,42.6,36.8,19.8,35.72
625130.0,3414230.0,42.6,36.8,19.8,35.72
625230.0,3414230.0,42.6,36.8,19.8,35.72
625330.0,3414230.0,42.6,36.8,19.8,35.72
625430.0,3414230.0,42.6,36.8,19.8,35.72
625530.0,3414230.0,42.6,36.8,19.8,35.72
625630.0,3414230.0,42.6,36.8,19.8,35.72
625730.0,3414230.0,42.6,36.8,19.8,35.72
625830.0,3414230.0,42.6,36.8,19.8,35.72
625930.0,3414230.0,42.6,36.8,19.8,35.72
626030.0,3414230.0,42.6,36.8,19.8,35.72
626130.0,3414230.0,42.6,36.8,19.8,35.72
626230.0,3414230.0,42.6,36.8,19.8,35.72
626330.0,3414230.0,42.6,36.8,19.8,35.72
626430.0,3414230.0,42.6,36.8,19.8,35.72
626530.0,3414230.0,42.6,36.8,19.8,35.72
626630.0,3414230.0,42.6,36.8,19.8,35.72
626730.0,3414230.0,42.6,36.8,19.8,35.72
626830.0,3414230.0,42.6,36.8,19.8,35.72
626930.0,3414230.0,42.6,36.8,19.8,35.72
627030.0,3414230.0,42.6,36.8,19.8,35.72
627130.0,3414230.0,42.6,36.8,19.8,35.72
627230.0,3414230.0,42.6,36.8,19.8,35.72
627330.0,3414230.0,42.6,36.8,19.8,35.72
627430.0,3414230.0,42.6,36.8,19.8,35.72
627530.0,3414230.0,42.6,36.8,19.8,35.72
627630.0,3414230.0,42.6,36.8,19.8,35.72
627730.0,3414230.0,42.6,36.8,19.8,35.72
627830.0,3414230.0,42.6,36.8,19.8,35.72
627930.0,3414230.0,42.6,36.8,19.8,35.72
628030.0,3414230.0,42.6,36.8,19.8,35.72
628130.0,3414230.0,42.6,36.8,19.8,35.72
628230.0,3414230.0,42.6,36.8,19.8,35.72
628330.0,3414230.0,42.6,36.8,19.8,35.72
628430.0,3414230.0,42.6,36.8,19.8,35.72
628530.0,3414230.0,42.6,36.8,19.8,35.72
628630.0,3414230.0,42.6,36.8,19.8,35.72
628730.0,3414230.0,42.6,36.8,19.8,35.72
628830.0,3414230.0,42.6,36.8,19.8,35.72
628930.0,3414230.0,42.6,36.8,19.8,35.72
629030.0,3414230.0,42.6,36.8,19.8,35.72
629130.0,3414230.0,42.6,36.8,19.8,35.72
629230.0,3414230.0,42.6,36.8,19.8,35.72
629330.0,3414230.0,42.6,36.8,19.8,35.72
629430.0,3414230.0,42.6,36.8,19.8,35.72
629530.0,3414230.0,42.6,36.8,19.8,35.72
629630.0,3414230.0,42.6,36.8,19.8,35.72
629730.0,3414230.0,42.6,36.8,19.8,35.72
629830.0,3414230.0,42.6,36.8,19.8,35.72
629930.0,3414230.0,42.6,36.8,19.8,35.72
630030.0,3414230.0,42.6,36.8,19.8,35.72
630130.0,3414230.0,42.6,36.8,19.8,35.72
630230.0,3414230.0,42.6,36.8,19.8,35.72
630330.0,3414230.0,42.6,36.8,19.8,35.72
630430.0,3414230.0,42.6,36.8,19.8,35.72
630530.0,3414230.0,42.6,36.8,19.8,35.72
630630.0,3414230.0,42.6,36.8,19.8,35.72
630730.0,3414230.0,42.6,36.8,19.8,35.72
630830.0,3414230.0,42.6,36.8,19.8,35.72
630930.0,3414230.0,42.6,36.8,19.8,35.72
631030.0,3414230.0,42.6,36.8,19.8,35.72
631130.0,3414230.0,42.6,36.8,19.8,35.72
631230.0,3414230.0,42.6,36.8,19.8,35.72
631330.0,3414230.0,42.6,36.8,19.8,35.72
631430.0,3414230.0,42.6,36.8,19.8,35.72
631530.0,3414230.0,42.6,36.8,19.8,35.72
631630.0,3414230.0,42.6,36.8,19.8,35.72
631730.0,3414230.0,42.6,36.8,19.8,35.72
631830.0,3414230.0,42.6,36.8,19.8,35.72
624830.0,3414130.0,42.6,36.8,19.8,35.72
624930.0,3414130.0,42.6,36.8,19.8,35.72
625030.0,3414130.0,42.6,36.8,19.8,35.72
625130.0,3414130.0,42.6,36.8,19.8,35.72
625230.0,3414130.0,42.6,36.8,19.8,35.72
625330.0,3414130.0,42.6,36.8,19.8,35.72
625430.0,3414130.0,42.6,36.8,19.8,35.72
625530.0,3414130.0,42.6,36.8,19.8,35.72
625630.0,3414130.0,42.6,36.8,19.8,35.72
625730.0,3414130.0,42.6,36.8,19.8,35.72
625830.0,3414130.0,42.6,36.8,19.8,35.72
625930.0,3414130.0,42.6,36.8,19.8,35.72
626030.0,3414130.0,42.6,36.8,19.8,35.72
626130.0,3414130.0,42.6,36.8,19.8,35.72
626230.0,3414130.0,42.6,36.8,19.8,35.72
626330.0,3414130.0,42.6,36.8,19.8,35.72
626430.0,3414130.0,42.6,36.8,19.8,35.72
626530.0,3414130.0,42.6,36.8,19.8,35.72
626630.0,3414130.0,42.6,36.8,19.8,35.72
626730.0,3414130.0,42.6,36.8,19.8,35.72
626830.0,3414130.0,42.6,36.8,19.8,35.72
626930.0,3414130.0,42.6,36.8,19.8,35.72
627030.0,3414130.0,42.6,36.8,19.8,35.72
627130.0,3414130.0,42.6,36.8,19.8,35.72
627230.0,3414130.0,42.6,36.8,19.8,35.72
627330.0,3414130.0,42.6,36.8,19.8,35.72
627430.0,3414130.0,42.6,36.8,19.8,35.72
627530.0,3414130.0,42.6,36.8,19.8,35.72
627630.0,3414130.0,42.6,36.8,19.8,35.72
627730.0,3414130.0,42.6,36.8,19.8,35.72
627830.0,3414130.0,42.6,36.8,19.8,35.72
627930.0,3414130.0,42.6,36.8,19.8,35.72
628030.0,3414130.0,42.6,36.8,19.8,35.72
628130.0,3414130.0,42.6,36.8,19.8,35.72
628230.0,3414130.0,42.6,36.8,19.8,35.72
628330.0,3414130.0,42.6,36.8,19.8,35.72
628430.0,3414130.0,42.6,36.8,19.8,35.72
628530.0,3414130.0,42.6,36.8,19.8,35.72
628630.0,3414130.0,42.6,36.8,19.8,35.72
628730.0,3414130.0,42.6,36.8,19.8,35.72
628830.0,3414130.0,42.6,36.8,19.8,35.72
628930.0,3414130.0,42.6,36.8,19.8,35.72
629030.0,3414130.0,42.6,36.8,19.8,35.72
629130.0,3414130.0,42.6,36.8,19.8,35.72
629230.0,3414130.0,42.6,36.8,19.8,35.72
629330.0,3414130.0,42.6,36.8,19.8,35.72
629430.0,3414130.0,42.6,36.8,19.8,35.72
629530.0,3414130.0,42.6,36.8,19.8,35.72
629630.0,3414130.0,42.6,36.8,19.8,35.72
629730.0,3414130.0,42.6,36.8,19.8,35.72
629830.0,3414130.0,42.6,36.8,19.8,35.72
629930.0,3414130.0,42.6,36.8,19.8,35.72
630030.0,3414130.0,42.6,36.8,19.8,35.72
630130.0,3414130.0,42.6,36.8,19.8,35.72
630230.0,3414130.0,42.6,36.8,19.8,35.72
630330.0,3414130.0,42.6,36.8,19.8,35.72
630430.0,3414130.0,42.6,36.8,19.8,35.72
630530.0,3414130.0,42.6,36.8,19.8,35.72
630630.0,3414130.0,42.6,36.8,19.8,35.72
630730.0,3414130.0,42.6,36.8,19.8,35.72
630830.0,3414130.0,42.6,36.8,19.8,35.72
630930.0,3414130.0,42.6,36.8,19.8,35.72
631030.0,3414130.0,42.6,36.8,19.8,35.72
631130.0,3414130.0,42.6,36.8,19.8,35.72
631230.0,3414130.0,42.6,36.8,19.8,35.72
631330.0,3414130.0,42.6,36.8,19.8,35.72
631430.0,3414130.0,42.6,36.8,19.8,35.72
631530.0,3414130.0,42.6,36.8,19.8,35.72
631630.0,3414130.0,42.6,36.8,19.8,35.72
631730.0,3414130.0,42.6,36.8,19.8,35.72
631830.0,3414130.0,42.6,36.8,19.8,35.72
624830.0,3414030.0,42.6,36.8,19.8,35.72
624930.0,3414030.0,42.6,36.8,19.8,35.72
625030.0,3414030.0,42.6,36.8,19.8,35.72
625130.0,3414030.0,42.6,36.8,19.8,35.72
625230.0,3414030.0,42.6,36.8,19.8,35.72
625330.0,3414030.0,42.6,36.8,19.8,35.72
625430.0,3414030.0,42.6,36.8,19.8,35.72
625530.0,3414030.0,42.6,36.8,19.8,35.72
625630.0,3414030.0,42.6,36.8,19.8,35.72
625730.0,3414030.0,42.6,36.8,19.8,35.72
625830.0,3414030.0,42.6,36.8,19.8,35.72
625930.0,3414030.0,42.6,36.8,19.8,35.72
626030.0,3414030.0,42.6,36.8,19.8,35.72
626130.0,3414030.0,42.6,36.8,19.8,35.72
626230.0,3414030.0,42.6,36.8,19.8,35.72
626330.0,3414030.0,42.6,36.8,19.8,35.72
626430.0,3414030.0,42.6,36.8,19.8,35.72
626530.0,3414030.0,42.6,36.8,19.8,35.72
626630.0,3414030.0,42.6,36.8,19.8,35.72
626730.0,3414030.0,42.6,36.8,19.8,35.72
626830.0,3414030.0,42.6,36.8,19.8,35.72
626930.0,3414030.0,42.6,36.8,19.8,35.72
627030.0,3414030.0,42.6,36.8,19.8,35.72
627130.0,3414030.0,42.6,36.8,19.8,35.72
627230.0,3414030.0,42.6,36.8,19.8,35.72
627330.0,3414030.0,42.6,36.8,19.8,35.72
627430.0,3414030.0,42.6,36.8,19.8,35.72
627530.0,3414030.0,42.6,36.8,19.8,35.72
627630.0,3414030.0,42.6,36.8,19.8,35.72
627730.0,3414030.0,42.6,36.8,19.8,35.72
627830.0,3414030.0,42.6,36.8,19.8,35.72
627930.0,3414030.0,42.6,36.8,19.8,35.72
628030.0,3414030.0,42.6,36.8,19.8,35.72
628130.0,3414030.0,42.6,36.8,19.8,35.72
628230.0,3414030.0,42.6,36.8,19.8,35.72
628330.0,3414030.0,42.6,36.8,19.8,35.72
628430.0,3414030.0,42.6,36.8,19.8,35.72
628530.0,3414030.0,42.6,36.8,19.8,35.72
628630.0,3414030.0,42.6,36.8,19.8,35.72
628730.0,3414030.0,42.6,36.8,19.8,35.72
628830.0,3414030.0,42.6,36.8,19.8,35.72
628930.0,3414030.0,42.6,36.8,19.8,35.72
629030.0,3414030.0,42.6,36.8,19.8,35.72
629130.0,3414030.0,42.6,36.8,19.8,35.72
629230.0,3414030.0,42.6,36.8,19.8,35.72
629330.0,3414030.0,42.6,36.8,19.8,35.72
629430.0,3414030.0,42.6,36.8,19.8,35.72
629530.0,3414030.0,42.6,36.8,19.8,35.72
629630.0,3414030.0,42.6,36.8,19.8,35.72
629730.0,3414030.0,42.6,36.8,19.8,35.72
629830.0,3414030.0,42.6,36.8,19.8,35.72
629930.0,3414030.0,42.6,36.8,19.8,35.72
630030.0,3414030.0,42.6,36.8,19.8,35.72
630130.0,3414030.0,42.6,36.8,19.8,35.72
630230.0,3414030.0,42.6,36.8,19.8,35.72
630330.0,3414030.0,42.6,36.8,19.8,35.72
630430.0,3414030.0,42.6,36.8,19.8,35.72
630530.0,3414030.0,42.6,36.8,19.8,35.72
630630.0,3414030.0,42.6,36.8,19.8,35.72
630730.0,3414030.0,42.6,36.8,19.8,35.72
630830.0,3414030.0,42.6,36.8,19.8,35.72
630930.0,3414030.0,42.6,36.8,19.8,35.72
631030.0,3414030.0,42.6,36.8,19.8,35.72
631130.0,3414030.0,42.6,36.8,19.8,35.72
631230.0,3414030.0,42.6,36.8,19.8,35.72
631330.0,3414030.0,42.6,36.8,19.8,35.72
631430.0,3414030.0,42.6,36.8,19.8,35.72
631530.0,3414030.0,42.6,36.8,19.8,35.72
631630.0,3414030.0,42.6,36.8,19.8,35.72
631730.0,3414030.0,42.6,36.8,19.8,35.72
631830.0,3414030.0,42.6,36.8,19.8,35.72
631930.0,3414030.0,42.6,36.8,19.8,35.72
632030.0,3414030.0,42.6,36.8,19.8,35.72
624930.0,3413930.0,42.6,36.8,19.8,35.72
625030.0,3413930.0,42.6,36.8,19.8,35.72
625130.0,3413930.0,42.6,36.8,19.8,35.72
625230.0,3413930.0,42.6,36.8,19.8,35.72
625330.0,3413930.0,42.6,36.8,19.8,35.72
625430.0,3413930.0,42.6,36.8,19.8,35.72
625530.0,3413930.0,42.6,36.8,19.8,35.72
625630.0,3413930.0,42.6,36.8,19.8,35.72
625730.0,3413930.0,42.6,36.8,19.8,35.72
625830.0,3413930.0,42.6,36.8,19.8,35.72
625930.0,3413930.0,42.6,36.8,19.8,35.72
626030.0,3413930.0,42.6,36.8,19.8,35.72
626130.0,3413930.0,42.6,36.8,19.8,35.72
626230.0,3413930.0,42.6,36.8,19.8,35.72
626330.0,3413930.0,42.6,36.8,19.8,35.72
626430.0,3413930.0,42.6,36.8,19.8,35.72
626530.0,3413930.0,42.6,36.8,19.8,35.72
626630.0,3413930.0,42.6,36.8,19.8,35.72
626730.0,3413930.0,42.6,36.8,19.8,35.72
626830.0,3413930.0,42.6,36.8,19.8,35.72
626930.0,3413930.0,42.6,36.8,19.8,35.72
627030.0,3413930.0,42.6,36.8,19.8,35.72
627130.0,3413930.0,42.6,36.8,19.8,35.72
627230.0,3413930.0,42.6,36.8,19.8,35.72
627330.0,3413930.0,42.6,36.8,19.8,35.72
627430.0,3413930.0,42.6,36.8,19.8,35.72
627530.0,3413930.0,42.6,36.8,19.8,35.72
627630.0,3413930.0,42.6,36.8,19.8,35.72
627730.0,3413930.0,42.6,36.8,19.8,35.72
627830.0,3413930.0,42.6,36.8,19.8,35.72
627930.0,3413930.0,42.6,36.8,19.8,35.72
628030.0,3413930.0,42.6,36.8,19.8,35.72
628130.0,3413930.0,42.6,36.8,19.8,35.72
628230.0,3413930.0,42.6,36.8,19.8,35.72
628330.0,3413930.0,42.6,36.8,19.8,35.72
628430.0,3413930.0,42.6,36.8,19.8,35.72
628530.0,3413930.0,42.6,36.8,19.8,35.72
628630.0,3413930.0,42.6,36.8,19.8,35.72
628730.0,3413930.0,42.6,36.8,19.8,35.72
628830.0,3413930.0,42.6,36.8,19.8,35.72
628930.0,3413930.0,42.6,36.8,19.8,35.72
629030.0,3413930.0,42.6,36.8,19.8,35.72
629130.0,3413930.0,42.6,36.8,19.8,35.72
629230.0,3413930.0,42.6,36.8,19.8,35.72
629330.0,3413930.0,42.6,36.8,19.8,35.72
629430.0,3413930.0,42.6,36.8,19.8,35.72
629530.0,3413930.0,42.6,36.8,19.8,35.72
629630.0,3413930.0,42.6,36.8,19.8,35.72
629730.0,3413930.0,42.6,36.8,19.8,35.72
629830.0,3413930.0,42.6,36.8,19.8,35.72
629930.0,3413930.0,42.6,36.8,19.8,35.72
630030.0,3413930.0,42.6,36.8,19.8,35.72
630130.0,3413930.0,42.6,36.8,19.8,35.72
630230.0,3413930.0,42.6,36.8,19.8,35.72
630330.0,3413930.0,42.6,36.8,19.8,35.72
630430.0,3413930.0,42.6,36.8,19.8,35.72
630530.0,3413930.0,42.6,36.8,19.8,35.72
630630.0,3413930.0,42.6,36.8,19.8,35.72
630730.0,3413930.0,42.6,36.8,19.8,35.72
630830.0,3413930.0,42.6,36.8,19.8,35.72
630930.0,3413930.0,42.6,36.8,19.8,35.72
631030.0,3413930.0,42.6,36.8,19.8,35.72
631130.0,3413930.0,42.6,36.8,19.8,35.72
631230.0,3413930.0,42.6,36.8,19.8,35.72
631330.0,3413930.0,42.6,36.8,19.8,35.72
631430.0,3413930.0,42.6,36.8,19.8,35.72
631530.0,3413930.0,42.6,36.8,19.8,35.72
631630.0,3413930.0,42.6,36.8,19.8,35.72
631730.0,3413930.0,42.6,36.8,19.8,35.72
631830.0,3413930.0,42.6,36.8,19.8,35.72
631930.0,3413930.0,42.6,36.8,19.8,35.72
632030.0,3413930.0,42.6,36.8,19.8,35.72
625030.0,3413830.0,42.6,36.8,19.8,35.72
625130.0,3413830.0,42.6,36.8,19.8,35.72
625230.0,3413830.0,42.6,36.8,19.8,35.72
625330.0,3413830.0,42.6,36.8,19.8,35.72
625430.0,3413830.0,42.6,36.8,19.8,35.72
625530.0,3413830.0,42.6,36.8,19.8,35.72
625630.0,3413830.0,42.6,36.8,19.8,35.72
625730.0,3413830.0,42.6,36.8,19.8,35.72
625830.0,3413830.0,42.6,36.8,19.8,35.72
625930.0,3413830.0,42.6,36.8,19.8,35.72
626030.0,3413830.0,42.6,36.8,19.8,35.72
626130.0,3413830.0,42.6,36.8,19.8,35.72
626230.0,3413830.0,42.6,36.8,19.8,35.72
626330.0,3413830.0,42.6,36.8,19.8,35.72
626430.0,3413830.0,42.6,36.8,19.8,35.72
626530.0,3413830.0,42.6,36.8,19.8,35.72
626630.0,3413830.0,42.6,36.8,19.8,35.72
626730.0,3413830.0,42.6,36.8,19.8,35.72
626830.0,3413830.0,42.6,36.8,19.8,35.72
626930.0,3413830.0,42.6,36.8,19.8,35.72
627030.0,3413830.0,42.6,36.8,19.8,35.72
627130.0,3413830.0,42.6,36.8,19.8,35.72
627230.0,3413830.0,42.6,36.8,19.8,35.72
627330.0,3413830.0,42.6,36.8,19.8,35.72
627430.0,3413830.0,42.6,36.8,19.8,35.72
627530.0,3413830.0,42.6,36.8,19.8,35.72
627630.0,3413830.0,42.6,36.8,19.8,35.72
627730.0,3413830.0,42.6,36.8,19.8,35.72
627830.0,3413830.0,42.6,36.8,19.8,35.72
627930.0,3413830.0,42.6,36.8,19.8,35.72
628030.0,3413830.0,42.6,36.8,19.8,35.72
628130.0,3413830.0,42.6,36.8,19.8,35.72
628230.0,3413830.0,42.6,36.8,19.8,35.72
628330.0,3413830.0,42.6,36.8,19.8,35.72
628430.0,3413830.0,42.6,36.8,19.8,35.72
628530.0,3413830.0,42.6,36.8,19.8,35.72
628630.0,3413830.0,42.6,36.8,19.8,35.72
628730.0,3413830.0,42.6,36.8,19.8,35.72
628830.0,3413830.0,42.6,36.8,19.8,35.72
628930.0,3413830.0,42.6,36.8,19.8,35.72
629030.0,3413830.0,42.6,36.8,19.8,35.72
629130.0,3413830.0,42.6,36.8,19.8,35.72
629230.0,3413830.0,42.6,36.8,19.8,35.72
629330.0,3413830.0,42.6,36.8,19.8,35.72
629430.0,3413830.0,42.6,36.8,19.8,35.72
629530.0,3413830.0,42.6,36.8,19.8,35.72
629630.0,3413830.0,42.6,36.8,19.8,35.72
629730.0,3413830.0,42.6,36.8,19.8,35.72
629830.0,3413830.0,42.6,36.8,19.8,35.72
629930.0,3413830.0,42.6,36.8,19.8,35.72
630030.0,3413830.0,42.6,36.8,19.8,35.72
630130.0,3413830.0,42.6,36.8,19.8,35.72
630230.0,3413830.0,42.6,36.8,19.8,35.72
630330.0,3413830.0,42.6,36.8,19.8,35.72
630430.0,3413830.0,42.6,36.8,19.8,35.72
630530.0,3413830.0,42.6,36.8,19.8,35.72
630630.0,3413830.0,42.6,36.8,19.8,35.72
630730.0,3413830.0,42.6,36.8,19.8,35.72
630830.0,3413830.0,42.6,36.8,19.8,35.72
630930.0,3413830.0,42.6,36.8,19.8,35.72
631030.0,3413830.0,42.6,36.8,19.8,35.72
631130.0,3413830.0,42.6,36.8,19.8,35.72
631230.0,3413830.0,42.6,36.8,19.8,35.72
631330.0,3413830.0,42.6,36.8,19.8,35.72
631430.0,3413830.0,42.6,36.8,19.8,35.72
631530.0,3413830.0,42.6,36.8,19.8,35.72
631630.0,3413830.0,42.6,36.8,19.8,35.72
631730.0,3413830.0,42.6,36.8,19.8,35.72
631830.0,3413830.0,42.6,36.8,19.8,35.72
631930.0,3413830.0,42.6,36.8,19.8,35.72
632030.0,3413830.0,42.6,36.8,19.8,35.72
632130.0,3413830.0,42.6,36.8,19.8,35.72
625030.0,3413730.0,42.6,36.8,19.8,35.72
625130.0,3413730.0,42.6,36.8,19.8,35.72
625230.0,3413730.0,42.6,36.8,19.8,35.72
625330.0,3413730.0,42.6,36.8,19.8,35.72
625430.0,3413730.0,42.6,36.8,19.8,35.72
625530.0,3413730.0,42.6,36.8,19.8,35.72
625630.0,3413730.0,42.6,36.8,19.8,35.72
625730.0,3413730.0,42.6,36.8,19.8,35.72
625830.0,3413730.0,42.6,36.8,19.8,35.72
625930.0,3413730.0,42.6,36.8,19.8,35.72
626030.0,3413730.0,42.6,36.8,19.8,35.72
626130.0,3413730.0,42.6,36.8,19.8,35.72
626230.0,3413730.0,42.6,36.8,19.8,35.72
626330.0,3413730.0,42.6,36.8,19.8,35.72
626430.0,3413730.0,42.6,36.8,19.8,35.72
626530.0,3413730.0,42.6,36.8,19.8,35.72
626630.0,3413730.0,42.6,36.8,19.8,35.72
626730.0,3413730.0,42.6,36.8,19.8,35.72
626830.0,3413730.0,42.6,36.8,19.8,35.72
626930.0,3413730.0,42.6,36.8,19.8,35.72
627030.0,3413730.0,42.6,36.8,19.8,35.72
627130.0,3413730.0,42.6,36.8,19.8,35.72
627230.0,3413730.0,42.6,36.8,19.8,35.72
627330.0,3413730.0,42.6,36.8,19.8,35.72
627430.0,3413730.0,42.6,36.8,19.8,35.72
627530.0,3413730.0,42.6,36.8,19.8,35.72
627630.0,3413730.0,42.6,36.8,19.8,35.72
627730.0,3413730.0,42.6,36.8,19.8,35.72
627830.0,3413730.0,42.6,36.8,19.8,35.72
627930.0,3413730.0,42.6,36.8,19.8,35.72
628030.0,3413730.0,42.6,36.8,19.8,35.72
628130.0,3413730.0,42.6,36.8,19.8,35.72
628230.0,3413730.0,42.6,36.8,19.8,35.72
628330.0,3413730.0,42.6,36.8,19.8,35.72
628430.0,3413730.0,42.6,36.8,19.8,35.72
628530.0,3413730.0,42.6,36.8,19.8,35.72
628630.0,3413730.0,42.6,36.8,19.8,35.72
628730.0,3413730.0,42.6,36.8,19.8,35.72
628830.0,3413730.0,42.6,36.8,19.8,35.72
628930.0,3413730.0,42.6,36.8,19.8,35.72
629030.0,3413730.0,42.6,36.8,19.8,35.72
629130.0,3413730.0,42.6,36.8,19.8,35.72
629230.0,3413730.0,42.6,36.8,19.8,35.72
629330.0,3413730.0,42.6,36.8,19.8,35.72
629430.0,3413730.0,42.6,36.8,19.8,35.72
629530.0,3413730.0,42.6,36.8,19.8,35.72
629630.0,3413730.0,42.6,36.8,19.8,35.72
629730.0,3413730.0,42.6,36.8,19.8,35.72
629830.0,3413730.0,42.6,36.8,19.8,35.72
629930.0,3413730.0,42.6,36.8,19.8,35.72
630030.0,3413730.0,42.6,36.8,19.8,35.72
630130.0,3413730.0,42.6,36.8,19.8,35.72
630230.0,3413730.0,42.6,36.8,19.8,35.72
630330.0,3413730.0,42.6,36.8,19.8,35.72
630430.0,3413730.0,42.6,36.8,19.8,35.72
630530.0,3413730.0,42.6,36.8,19.8,35.72
630630.0,3413730.0,42.6,36.8,19.8,35.72
630730.0,3413730.0,42.6,36.8,19.8,35.72
630830.0,3413730.0,42.6,36.8,19.8,35.72
630930.0,3413730.0,42.6,36.8,19.8,35.72
631030.0,3413730.0,42.6,36.8,19.8,35.72
631130.0,3413730.0,42.6,36.8,19.8,35.72
631230.0,3413730.0,42.6,36.8,19.8,35.72
631330.0,3413730.0,42.6,36.8,19.8,35.72
631430.0,3413730.0,42.6,36.8,19.8,35.72
631530.0,3413730.0,42.6,36.8,19.8,35.72
631630.0,3413730.0,42.6,36.8,19.8,35.72
631730.0,3413730.0,42.6,36.8,19.8,35.72
631830.0,3413730.0,42.6,36.8,19.8,35.72
631930.0,3413730.0,42.6,36.8,19.8,35.72
632030.0,3413730.0,42.6,36.8,19.8,35.72
632130.0,3413730.0,42.6,36.8,19.8,35.72
632230.0,3413730.0,42.6,36.8,19.8,35.72
625130.0,3413630.0,42.6,36.8,19.8,35.72
625230.0,3413630.0,42.6,36.8,19.8,35.72
625330.0,3413630.0,42.6,36.8,19.8,35.72
625430.0,3413630.0,42.6,36.8,19.8,35.72
625530.0,3413630.0,42.6,36.8,19.8,35.72
625630.0,3413630.0,42.6,36.8,19.8,35.72
625730.0,3413630.0,42.6,36.8,19.8,35.72
625830.0,3413630.0,42.6,36.8,19.8,35.72
625930.0,3413630.0,42.6,36.8,19.8,35.72
626030.0,3413630.0,42.6,36.8,19.8,35.72
626130.0,3413630.0,42.6,36.8,19.8,35.72
626230.0,3413630.0,42.6,36.8,19.8,35.72
626330.0,3413630.0,42.6,36.8,19.8,35.72
626430.0,3413630.0,42.6,36.8,19.8,35.72
626530.0,3413630.0,42.6,36.8,19.8,35.72
626630.0,3413630.0,42.6,36.8,19.8,35.72
626730.0,3413630.0,42.6,36.8,19.8,35.72
626830.0,3413630.0,42.6,36.8,19.8,35.72
626930.0,3413630.0,42.6,36.8,19.8,35.72
627030.0,3413630.0,42.6,36.8,19.8,35.72
627130.0,3413630.0,42.6,36.8,19.8,35.72
627230.0,3413630.0,42.6,36.8,19.8,35.72
627330.0,3413630.0,42.6,36.8,19.8,35.72
627430.0,3413630.0,42.6,36.8,19.8,35.72
627530.0,3413630.0,42.6,36.8,19.8,35.72
627630.0,3413630.0,42.6,36.8,19.8,35.72
627730.0,3413630.0,42.6,36.8,19.8,35.72
627830.0,3413630.0,42.6,36.8,19.8,35.72
627930.0,3413630.0,42.6,36.8,19.8,35.72
628030.0,3413630.0,42.6,36.8,19.8,35.72
628130.0,3413630.0,42.6,36.8,19.8,35.72
628230.0,3413630.0,42.6,36.8,19.8,35.72
628330.0,3413630.0,42.6,36.8,19.8,35.72
628430.0,3413630.0,42.6,36.8,19.8,35.72
628530.0,3413630.0,42.6,36.8,19.8,35.72
628630.0,3413630.0,42.6,36.8,19.8,35.72
628730.0,3413630.0,42.6,36.8,19.8,35.72
628830.0,3413630.0,42.6,36.8,19.8,35.72
628930.0,3413630.0,42.6,36.8,19.8,35.72
629030.0,3413630.0,42.6,36.8,19.8,35.72
629130.0,3413630.0,42.6,36.8,19.8,35.72
629230.0,3413630.0,42.6,36.8,19.8,35.72
629330.0,3413630.0,42.6,36.8,19.8,35.72
629430.0,3413630.0,42.6,36.8,19.8,35.72
629530.0,3413630.0,42.6,36.8,19.8,35.72
629630.0,3413630.0,42.6,36.8,19.8,35.72
629730.0,3413630.0,42.6,36.8,19.8,35.72
629830.0,3413630.0,42.6,36.8,19.8,35.72
629930.0,3413630.0,42.6,36.8,19.8,35.72
630030.0,3413630.0,42.6,36.8,19.8,35.72
630130.0,3413630.0,42.6,36.8,19.8,35.72
630230.0,3413630.0,42.6,36.8,19.8,35.72
630330.0,3413630.0,42.6,36.8,19.8,35.72
630430.0,3413630.0,42.6,36.8,19.8,35.72
630530.0,3413630.0,42.6,36.8,19.8,35.72
630630.0,3413630.0,42.6,36.8,19.8,35.72
630730.0,3413630.0,42.6,36.8,19.8,35.72
630830.0,3413630.0,42.6,36.8,19.8,35.72
630930.0,3413630.0,42.6,36.8,19.8,35.72
631030.0,3413630.0,42.6,36.8,19.8,35.72
631130.0,3413630.0,42.6,36.8,19.8,35.72
631230.0,3413630.0,42.6,36.8,19.8,35.72
631330.0,3413630.0,42.6,36.8,19.8,35.72
631430.0,3413630.0,42.6,36.8,19.8,35.72
631530.0,3413630.0,42.6,36.8,19.8,35.72
631630.0,3413630.0,42.6,36.8,19.8,35.72
631730.0,3413630.0,42.6,36.8,19.8,35.72
631830.0,3413630.0,42.6,36.8,19.8,35.72
631930.0,3413630.0,42.6,36.8,19.8,35.72
632030.0,3413630.0,42.6,36.8,19.8,35.72
632130.0,3413630.0,42.6,36.8,19.8,35.72
632230.0,3413630.0,42.6,36.8,19.8,35.72
632330.0,3413630.0,42.6,36.8,19.8,35.72
632430.0,3413630.0,42.6,36.8,19.8,35.72
625130.0,3413530.0,42.6,36.8,19.8,35.72
625230.0,3413530.0,42.6,36.8,19.8,35.72
625330.0,3413530.0,42.6,36.8,19.8,35.72
625430.0,3413530.0,42.6,36.8,19.8,35.72
625530.0,3413530.0,42.6,36.8,19.8,35.72
625630.0,3413530.0,42.6,36.8,19.8,35.72
625730.0,3413530.0,42.6,36.8,19.8,35.72
625830.0,3413530.0,42.6,36.8,19.8,35.72
625930.0,3413530.0,42.6,36.8,19.8,35.72
626030.0,3413530.0,42.6,36.8,19.8,35.72
626130.0,3413530.0,42.6,36.8,19.8,35.72
626230.0,3413530.0,42.6,36.8,19.8,35.72
626330.0,3413530.0,42.6,36.8,19.8,35.72
626430.0,3413530.0,42.6,36.8,19.8,35.72
626530.0,3413530.0,42.6,36.8,19.8,35.72
626630.0,3413530.0,42.6,36.8,19.8,35.72
626730.0,3413530.0,42.6,36.8,19.8,35.72
626830.0,3413530.0,42.6,36.8,19.8,35.72
626930.0,3413530.0,42.6,36.8,19.8,35.72
627030.0,3413530.0,42.6,36.8,19.8,35.72
627130.0,3413530.0,42.6,36.8,19.8,35.72
627230.0,3413530.0,42.6,36.8,19.8,35.72
627330.0,3413530.0,42.6,36.8,19.8,35.72
627430.0,3413530.0,42.6,36.8,19.8,35.72
627530.0,3413530.0,42.6,36.8,19.8,35.72
627630.0,3413530.0,42.6,36.8,19.8,35.72
627730.0,3413530.0,42.6,36.8,19.8,35.72
627830.0,3413530.0,42.6,36.8,19.8,35.72
627930.0,3413530.0,42.6,36.8,19.8,35.72
628030.0,3413530.0,42.6,36.8,19.8,35.72
628130.0,3413530.0,42.6,36.8,19.8,35.72
628230.0,3413530.0,42.6,36.8,19.8,35.72
628330.0,3413530.0,42.6,36.8,19.8,35.72
628430.0,3413530.0,42.6,36.8,19.8,35.72
628530.0,3413530.0,42.6,36.8,19.8,35.72
628630.0,3413530.0,42.6,36.8,19.8,35.72
628730.0,3413530.0,42.6,36.8,19.8,35.72
628830.0,3413530.0,42.6,36.8,19.8,35.72
628930.0,3413530.0,42.6,36.8,19.8,35.72
629030.0,3413530.0,42.6,36.8,19.8,35.72
629130.0,3413530.0,42.6,36.8,19.8,35.72
629230.0,3413530.0,42.6,36.8,19.8,35.72
629330.0,3413530.0,42.6,36.8,19.8,35.72
629430.0,3413530.0,42.6,36.8,19.8,35.72
629530.0,3413530.0,42.6,36.8,19.8,35.72
629630.0,3413530.0,42.6,36.8,19.8,35.72
629730.0,3413530.0,42.6,36.8,19.8,35.72
629830.0,3413530.0,42.6,36.8,19.8,35.72
629930.0,3413530.0,42.6,36.8,19.8,35.72
630030.0,3413530.0,42.6,36.8,19.8,35.72
630130.0,3413530.0,42.6,36.8,19.8,35.72
630230.0,3413530.0,42.6,36.8,19.8,35.72
630330.0,3413530.0,42.6,36.8,19.8,35.72
630430.0,3413530.0,42.6,36.8,19.8,35.72
630530.0,3413530.0,42.6,36.8,19.8,35.72
630630.0,3413530.0,42.6,36.8,19.8,35.72
630730.0,3413530.0,42.6,36.8,19.8,35.72
630830.0,3413530.0,42.6,36.8,19.8,35.72
630930.0,3413530.0,42.6,36.8,19.8,35.72
631030.0,3413530.0,42.6,36.8,19.8,35.72
631130.0,3413530.0,42.6,36.8,19.8,35.72
631230.0,3413530.0,42.6,36.8,19.8,35.72
631330.0,3413530.0,42.6,36.8,19.8,35.72
631430.0,3413530.0,42.6,36.8,19.8,35.72
631530.0,3413530.0,42.6,36.8,19.8,35.72
631630.0,3413530.0,42.6,36.8,19.8,35.72
631730.0,3413530.0,42.6,36.8,19.8,35.72
631830.0,3413530.0,42.6,36.8,19.8,35.72
631930.0,3413530.0,42.6,36.8,19.8,35.72
632030.0,3413530.0,42.6,36.8,19.8,35.72
632130.0,3413530.0,42.6,36.8,19.8,35.72
632230.0,3413530.0,42.6,36.8,19.8,35.72
632330.0,3413530.0,42.6,36.8,19.8,35.72
632430.0,3413530.0,42.6,36.8,19.8,35.72
632530.0,3413530.0,42.6,36.8,19.8,35.72
625230.0,3413430.0,42.6,36.8,19.8,35.72
625330.0,3413430.0,42.6,36.8,19.8,35.72
625430.0,3413430.0,42.6,36.8,19.8,35.72
625530.0,3413430.0,42.6,36.8,19.8,35.72
625630.0,3413430.0,42.6,36.8,19.8,35.72
625730.0,3413430.0,42.6,36.8,19.8,35.72
625830.0,3413430.0,42.6,36.8,19.8,35.72
625930.0,3413430.0,42.6,36.8,19.8,35.72
626030.0,3413430.0,42.6,36.8,19.8,35.72
626130.0,3413430.0,42.6,36.8,19.8,35.72
626230.0,3413430.0,42.6,36.8,19.8,35.72
626330.0,3413430.0,42.6,36.8,19.8,35.72
626430.0,3413430.0,42.6,36.8,19.8,35.72
626530.0,3413430.0,42.6,36.8,19.8,35.72
626630.0,3413430.0,42.6,36.8,19.8,35.72
626730.0,3413430.0,42.6,36.8,19.8,35.72
626830.0,3413430.0,42.6,36.8,19.8,35.72
626930.0,3413430.0,42.6,36.8,19.8,35.72
627030.0,3413430.0,42.6,36.8,19.8,35.72
627130.0,3413430.0,42.6,36.8,19.8,35.72
627230.0,3413430.0,42.6,36.8,19.8,35.72
627330.0,3413430.0,42.6,36.8,19.8,35.72
627430.0,3413430.0,42.6,36.8,19.8,35.72
627530.0,3413430.0,42.6,36.8,19.8,35.72
627630.0,3413430.0,42.6,36.8,19.8,35.72
627730.0,3413430.0,42.6,36.8,19.8,35.72
627830.0,3413430.0,42.6,36.8,19.8,35.72
627930.0,3413430.0,42.6,36.8,19.8,35.72
628030.0,3413430.0,42.6,36.8,19.8,35.72
628130.0,3413430.0,42.6,36.8,19.8,35.72
628230.0,3413430.0,42.6,36.8,19.8,35.72
628330.0,3413430.0,42.6,36.8,19.8,35.72
628430.0,3413430.0,42.6,36.8,19.8,35.72
628530.0,3413430.0,42.6,36.8,19.8,35.72
628630.0,3413430.0,42.6,36.8,19.8,35.72
628730.0,3413430.0,42.6,36.8,19.8,35.72
628830.0,3413430.0,42.6,36.8,19.8,35.72
628930.0,3413430.0,42.6,36.8,19.8,35.72
629030.0,3413430.0,42.6,36.8,19.8,35.72
629130.0,3413430.0,42.6,36.8,19.8,35.72
629230.0,3413430.0,42.6,36.8,19.8,35.72
629330.0,3413430.0,42.6,36.8,19.8,35.72
629430.0,3413430.0,42.6,36.8,19.8,35.72
629530.0,3413430.0,42.6,36.8,19.8,35.72
629630.0,3413430.0,42.6,36.8,19.8,35.72
629730.0,3413430.0,42.6,36.8,19.8,35.72
629830.0,3413430.0,42.6,36.8,19.8,35.72
629930.0,3413430.0,42.6,36.8,19.8,35.72
630030.0,3413430.0,42.6,36.8,19.8,35.72
630130.0,3413430.0,42.6,36.8,19.8,35.72
630230.0,3413430.0,42.6,36.8,19.8,35.72
630330.0,3413430.0,42.6,36.8,19.8,35.72
630430.0,3413430.0,42.6,36.8,19.8,35.72
630530.0,3413430.0,42.6,36.8,19.8,35.72
630630.0,3413430.0,42.6,36.8,19.8,35.72
630730.0,3413430.0,42.6,36.8,19.8,35.72
630830.0,3413430.0,42.6,36.8,19.8,35.72
630930.0,3413430.0,42.6,36.8,19.8,35.72
631030.0,3413430.0,42.6,36.8,19.8,35.72
631130.0,3413430.0,42.6,36.8,19.8,35.72
631230.0,3413430.0,42.6,36.8,19.8,35.72
631330.0,3413430.0,42.6,36.8,19.8,35.72
631430.0,3413430.0,42.6,36.8,19.8,35.72
631530.0,3413430.0,42.6,36.8,19.8,35.72
631630.0,3413430.0,42.6,36.8,19.8,35.72
631730.0,3413430.0,42.6,36.8,19.8,35.72
631830.0,3413430.0,42.6,36.8,19.8,35.72
631930.0,3413430.0,42.6,36.8,19.8,35.72
632030.0,3413430.0,42.6,36.8,19.8,35.72
632130.0,3413430.0,42.6,36.8,19.8,35.72
632230.0,3413430.0,42.6,36.8,19.8,35.72
632330.0,3413430.0,42.6,36.8,19.8,35.72
632430.0,3413430.0,42.6,36.8,19.8,35.72
632530.0,3413430.0,42.6,36.8,19.8,35.72
632630.0,3413430.0,42.6,36.8,19.8,35.72
632730.0,3413430.0,42.6,36.8,19.8,35.72
634430.0,3413430.0,42.6,36.8,19.8,35.72
625230.0,3413330.0,42.6,36.8,19.8,35.72
625330.0,3413330.0,42.6,36.8,19.8,35.72
625430.0,3413330.0,42.6,36.8,19.8,35.72
625530.0,3413330.0,42.6,36.8,19.8,35.72
625630.0,3413330.0,42.6,36.8,19.8,35.72
625730.0,3413330.0,42.6,36.8,19.8,35.72
625830.0,3413330.0,42.6,36.8,19.8,35.72
625930.0,3413330.0,42.6,36.8,19.8,35.72
626030.0,3413330.0,42.6,36.8,19.8,35.72
626130.0,3413330.0,42.6,36.8,19.8,35.72
626230.0,3413330.0,42.6,36.8,19.8,35.72
626330.0,3413330.0,42.6,36.8,19.8,35.72
626430.0,3413330.0,42.6,36.8,19.8,35.72
626530.0,3413330.0,42.6,36.8,19.8,35.72
626630.0,3413330.0,42.6,36.8,19.8,35.72
626730.0,3413330.0,42.6,36.8,19.8,35.72
626830.0,3413330.0,42.6,36.8,19.8,35.72
626930.0,3413330.0,42.6,36.8,19.8,35.72
627030.0,3413330.0,42.6,36.8,19.8,35.72
627130.0,3413330.0,42.6,36.8,19.8,35.72
627230.0,3413330.0,42.6,36.8,19.8,35.72
627330.0,3413330.0,42.6,36.8,19.8,35.72
627430.0,3413330.0,42.6,36.8,19.8,35.72
627530.0,3413330.0,42.6,36.8,19.8,35.72
627630.0,3413330.0,42.6,36.8,19.8,35.72
627730.0,3413330.0,42.6,36.8,19.8,35.72
627830.0,3413330.0,42.6,36.8,19.8,35.72
627930.0,3413330.0,42.6,36.8,19.8,35.72
628030.0,3413330.0,42.6,36.8,19.8,35.72
628130.0,3413330.0,42.6,36.8,19.8,35.72
628230.0,3413330.0,42.6,36.8,19.8,35.72
628330.0,3413330.0,42.6,36.8,19.8,35.72
628430.0,3413330.0,42.6,36.8,19.8,35.72
628530.0,3413330.0,42.6,36.8,19.8,35.72
628630.0,3413330.0,42.6,36.8,19.8,35.72
628730.0,3413330.0,42.6,36.8,19.8,35.72
628830.0,3413330.0,42.6,36.8,19.8,35.72
628930.0,3413330.0,42.6,36.8,19.8,35.72
629030.0,3413330.0,42.6,36.8,19.8,35.72
629130.0,3413330.0,42.6,36.8,19.8,35.72
629230.0,3413330.0,42.6,36.8,19.8,35.72
629330.0,3413330.0,42.6,36.8,19.8,35.72
629430.0,3413330.0,42.6,36.8,19.8,35.72
629530.0,3413330.0,42.6,36.8,19.8,35.72
629630.0,3413330.0,42.6,36.8,19.8,35.72
629730.0,3413330.0,42.6,36.8,19.8,35.72
629830.0,3413330.0,42.6,36.8,19.8,35.72
629930.0,3413330.0,42.6,36.8,19.8,35.72
630030.0,3413330.0,42.6,36.8,19.8,35.72
630130.0,3413330.0,42.6,36.8,19.8,35.72
630230.0,3413330.0,42.6,36.8,19.8,35.72
630330.0,3413330.0,42.6,36.8,19.8,35.72
630430.0,3413330.0,42.6,36.8,19.8,35.72
630530.0,3413330.0,42.6,36.8,19.8,35.72
630630.0,3413330.0,42.6,36.8,19.8,35.72
630730.0,3413330.0,42.6,36.8,19.8,35.72
630830.0,3413330.0,42.6,36.8,19.8,35.72
630930.0,3413330.0,42.6,36.8,19.8,35.72
631030.0,3413330.0,42.6,36.8,19.8,35.72
631130.0,3413330.0,42.6,36.8,19.8,35.72
631230.0,3413330.0,42.6,36.8,19.8,35.72
631330.0,3413330.0,42.6,36.8,19.8,35.72
631430.0,3413330.0,42.6,36.8,19.8,35.72
631530.0,3413330.0,42.6,36.8,19.8,35.72
631630.0,3413330.0,42.6,36.8,19.8,35.72
631730.0,3413330.0,42.6,36.8,19.8,35.72
631830.0,3413330.0,42.6,36.8,19.8,35.72
631930.0,3413330.0,42.6,36.8,19.8,35.72
632030.0,3413330.0,42.6,36.8,19.8,35.72
632130.0,3413330.0,42.6,36.8,19.8,35.72
632230.0,3413330.0,42.6,36.8,19.8,35.72
632330.0,3413330.0,42.6,36.8,19.8,35.72
632430.0,3413330.0,42.6,36.8,19.8,35.72
632530.0,3413330.0,42.6,36.8,19.8,35.72
632630.0,3413330.0,42.6,36.8,19.8,35.72
632730.0,3413330.0,42.6,36.8,19.8,35.72
632830.0,3413330.0,42.6,36.8,19.8,35.72
632930.0,3413330.0,42.6,36.8,19.8,35.72
633030.0,3413330.0,42.6,36.8,19.8,35.72
633730.0,3413330.0,42.6,36.8,19.8,35.72
633830.0,3413330.0,42.6,36.8,19.8,35.72
633930.0,3413330.0,42.6,36.8,19.8,35.72
634030.0,3413330.0,42.6,36.8,19.8,35.72
634130.0,3413330.0,42.6,36.8,19.8,35.72
634230.0,3413330.0,42.6,36.8,19.8,35.72
634330.0,3413330.0,42.6,36.8,19.8,35.72
634430.0,3413330.0,42.6,36.8,19.8,35.72
634530.0,3413330.0,42.6,36.8,19.8,35.72
625330.0,3413230.0,42.6,36.8,19.8,35.72
625430.0,3413230.0,42.6,36.8,19.8,35.72
625530.0,3413230.0,42.6,36.8,19.8,35.72
625630.0,3413230.0,42.6,36.8,19.8,35.72
625730.0,3413230.0,42.6,36.8,19.8,35.72
625830.0,3413230.0,42.6,36.8,19.8,35.72
625930.0,3413230.0,42.6,36.8,19.8,35.72
626030.0,3413230.0,42.6,36.8,19.8,35.72
626130.0,3413230.0,42.6,36.8,19.8,35.72
626230.0,3413230.0,42.6,36.8,19.8,35.72
626330.0,3413230.0,42.6,36.8,19.8,35.72
626430.0,3413230.0,42.6,36.8,19.8,35.72
626530.0,3413230.0,42.6,36.8,19.8,35.72
626630.0,3413230.0,42.6,36.8,19.8,35.72
626730.0,3413230.0,42.6,36.8,19.8,35.72
626830.0,3413230.0,42.6,36.8,19.8,35.72
626930.0,3413230.0,42.6,36.8,19.8,35.72
627030.0,3413230.0,42.6,36.8,19.8,35.72
627130.0,3413230.0,42.6,36.8,19.8,35.72
627230.0,3413230.0,42.6,36.8,19.8,35.72
627330.0,3413230.0,42.6,36.8,19.8,35.72
627430.0,3413230.0,42.6,36.8,19.8,35.72
627530.0,3413230.0,42.6,36.8,19.8,35.72
627630.0,3413230.0,42.6,36.8,19.8,35.72
627730.0,3413230.0,42.6,36.8,19.8,35.72
627830.0,3413230.0,42.6,36.8,19.8,35.72
627930.0,3413230.0,42.6,36.8,19.8,35.72
628030.0,3413230.0,42.6,36.8,19.8,35.72
628130.0,3413230.0,42.6,36.8,19.8,35.72
628230.0,3413230.0,42.6,36.8,19.8,35.72
628330.0,3413230.0,42.6,36.8,19.8,35.72
628430.0,3413230.0,42.6,36.8,19.8,35.72
628530.0,3413230.0,42.6,36.8,19.8,35.72
628630.0,3413230.0,42.6,36.8,19.8,35.72
628730.0,3413230.0,42.6,36.8,19.8,35.72
628830.0,3413230.0,42.6,36.8,19.8,35.72
628930.0,3413230.0,42.6,36.8,19.8,35.72
629030.0,3413230.0,42.6,36.8,19.8,35.72
629130.0,3413230.0,42.6,36.8,19.8,35.72
629230.0,3413230.0,42.6,36.8,19.8,35.72
629330.0,3413230.0,42.6,36.8,19.8,35.72
629430.0,3413230.0,42.6,36.8,19.8,35.72
629530.0,3413230.0,42.6,36.8,19.8,35.72
629630.0,3413230.0,42.6,36.8,19.8,35.72
629730.0,3413230.0,42.6,36.8,19.8,35.72
629830.0,3413230.0,42.6,36.8,19.8,35.72
629930.0,3413230.0,42.6,36.8,19.8,35.72
630030.0,3413230.0,42.6,36.8,19.8,35.72
630130.0,3413230.0,42.6,36.8,19.8,35.72
630230.0,3413230.0,42.6,36.8,19.8,35.72
630330.0,3413230.0,42.6,36.8,19.8,35.72
630430.0,3413230.0,42.6,36.8,19.8,35.72
630530.0,3413230.0,42.6,36.8,19.8,35.72
630630.0,3413230.0,42.6,36.8,19.8,35.72
630730.0,3413230.0,42.6,36.8,19.8,35.72
630830.0,3413230.0,42.6,36.8,19.8,35.72
630930.0,3413230.0,42.6,36.8,19.8,35.72
631030.0,3413230.0,42.6,36.8,19.8,35.72
631130.0,3413230.0,42.6,36.8,19.8,35.72
631230.0,3413230.0,42.6,36.8,19.8,35.72
631330.0,3413230.0,42.6,36.8,19.8,35.72
631430.0,3413230.0,42.6,36.8,19.8,35.72
631530.0,3413230.0,42.6,36.8,19.8,35.72
631630.0,3413230.0,42.6,36.8,19.8,35.72
631730.0,3413230.0,42.6,36.8,19.8,35.72
631830.0,3413230.0,42.6,36.8,19.8,35.72
631930.0,3413230.0,42.6,36.8,19.8,35.72
632030.0,3413230.0,42.6,36.8,19.8,35.72
632130.0,3413230.0,42.6,36.8,19.8,35.72
632230.0,3413230.0,42.6,36.8,19.8,35.72
632330.0,3413230.0,42.6,36.8,19.8,35.72
632430.0,3413230.0,42.6,36.8,19.8,35.72
632530.0,3413230.0,42.6,36.8,19.8,35.72
632630.0,3413230.0,42.6,36.8,19.8,35.72
632730.0,3413230.0,42.6,36.8,19.8,35.72
632830.0,3413230.0,42.6,36.8,19.8,35.72
632930.0,3413230.0,42.6,36.8,19.8,35.72
633030.0,3413230.0,42.6,36.8,19.8,35.72
633130.0,3413230.0,42.6,36.8,19.8,35.72
633230.0,3413230.0,42.6,36.8,19.8,35.72
633530.0,3413230.0,42.6,36.8,19.8,35.72
633630.0,3413230.0,42.6,36.8,19.8,35.72
633730.0,3413230.0,42.6,36.8,19.8,35.72
633830.0,3413230.0,42.6,36.8,19.8,35.72
633930.0,3413230.0,42.6,36.8,19.8,35.72
634030.0,3413230.0,42.6,36.8,19.8,35.72
634130.0,3413230.0,42.6,36.8,19.8,35.72
634230.0,3413230.0,42.6,36.8,19.8,35.72
634330.0,3413230.0,42.6,36.8,19.8,35.72
634430.0,3413230.0,42.6,36.8,19.8,35.72
634530.0,3413230.0,42.6,36.8,19.8,35.72
625330.0,3413130.0,42.6,36.8,19.8,35.72
625430.0,3413130.0,42.6,36.8,19.8,35.72
625530.0,3413130.0,42.6,36.8,19.8,35.72
625630.0,3413130.0,42.6,36.8,19.8,35.72
625730.0,3413130.0,42.6,36.8,19.8,35.72
625830.0,3413130.0,42.6,36.8,19.8,35.72
625930.0,3413130.0,42.6,36.8,19.8,35.72
626030.0,3413130.0,42.6,36.8,19.8,35.72
626130.0,3413130.0,42.6,36.8,19.8,35.72
626230.0,3413130.0,42.6,36.8,19.8,35.72
626330.0,3413130.0,42.6,36.8,19.8,35.72
626430.0,3413130.0,42.6,36.8,19.8,35.72
626530.0,3413130.0,42.6,36.8,19.8,35.72
626630.0,3413130.0,42.6,36.8,19.8,35.72
626730.0,3413130.0,42.6,36.8,19.8,35.72
626830.0,3413130.0,42.6,36.8,19.8,35.72
626930.0,3413130.0,42.6,36.8,19.8,35.72
627030.0,3413130.0,42.6,36.8,19.8,35.72
627130.0,3413130.0,42.6,36.8,19.8,35.72
627230.0,3413130.0,42.6,36.8,19.8,35.72
627330.0,3413130.0,42.6,36.8,19.8,35.72
627430.0,3413130.0,42.6,36.8,19.8,35.72
627530.0,3413130.0,42.6,36.8,19.8,35.72
627630.0,3413130.0,42.6,36.8,19.8,35.72
627730.0,3413130.0,42.6,36.8,19.8,35.72
627830.0,3413130.0,42.6,36.8,19.8,35.72
627930.0,3413130.0,42.6,36.8,19.8,35.72
628030.0,3413130.0,42.6,36.8,19.8,35.72
628130.0,3413130.0,42.6,36.8,19.8,35.72
628230.0,3413130.0,42.6,36.8,19.8,35.72
628330.0,3413130.0,42.6,36.8,19.8,35.72
628430.0,3413130.0,42.6,36.8,19.8,35.72
628530.0,3413130.0,42.6,36.8,19.8,35.72
628630.0,3413130.0,42.6,36.8,19.8,35.72
628730.0,3413130.0,42.6,36.8,19.8,35.72
628830.0,3413130.0,42.6,36.8,19.8,35.72
628930.0,3413130.0,42.6,36.8,19.8,35.72
629030.0,3413130.0,42.6,36.8,19.8,35.72
629130.0,3413130.0,42.6,36.8,19.8,35.72
629230.0,3413130.0,42.6,36.8,19.8,35.72
629330.0,3413130.0,42.6,36.8,19.8,35.72
629430.0,3413130.0,42.6,36.8,19.8,35.72
629530.0,3413130.0,42.6,36.8,19.8,35.72
629630.0,3413130.0,42.6,36.8,19.8,35.72
629730.0,3413130.0,42.6,36.8,19.8,35.72
629830.0,3413130.0,42.6,36.8,19.8,35.72
629930.0,3413130.0,42.6,36.8,19.8,35.72
630030.0,3413130.0,42.6,36.8,19.8,35.72
630130.0,3413130.0,42.6,36.8,19.8,35.72
630230.0,3413130.0,42.6,36.8,19.8,35.72
630330.0,3413130.0,42.6,36.8,19.8,35.72
630430.0,3413130.0,42.6,36.8,19.8,35.72
630530.0,3413130.0,42.6,36.8,19.8,35.72
630630.0,3413130.0,42.6,36.8,19.8,35.72
630730.0,3413130.0,42.6,36.8,19.8,35.72
630830.0,3413130.0,42.6,36.8,19.8,35.72
630930.0,3413130.0,42.6,36.8,19.8,35.72
631030.0,3413130.0,42.6,36.8,19.8,35.72
631130.0,3413130.0,42.6,36.8,19.8,35.72
631230.0,3413130.0,42.6,36.8,19.8,35.72
631330.0,3413130.0,42.6,36.8,19.8,35.72
631430.0,3413130.0,42.6,36.8,19.8,35.72
631530.0,3413130.0,42.6,36.8,19.8,35.72
631630.0,3413130.0,42.6,36.8,19.8,35.72
631730.0,3413130.0,42.6,36.8,19.8,35.72
631830.0,3413130.0,42.6,36.8,19.8,35.72
631930.0,3413130.0,42.6,36.8,19.8,35.72
632030.0,3413130.0,42.6,36.8,19.8,35.72
632130.0,3413130.0,42.6,36.8,19.8,35.72
632230.0,3413130.0,42.6,36.8,19.8,35.72
632330.0,3413130.0,42.6,36.8,19.8,35.72
632430.0,3413130.0,42.6,36.8,19.8,35.72
632530.0,3413130.0,42.6,36.8,19.8,35.72
632630.0,3413130.0,42.6,36.8,19.8,35.72
632730.0,3413130.0,42.6,36.8,19.8,35.72
632830.0,3413130.0,42.6,36.8,19.8,35.72
632930.0,3413130.0,42.6,36.8,19.8,35.72
633030.0,3413130.0,42.6,36.8,19.8,35.72
633130.0,3413130.0,42.6,36.8,19.8,35.72
633230.0,3413130.0,42.6,36.8,19.8,35.72
633330.0,3413130.0,42.6,36.8,19.8,35.72
633430.0,3413130.0,42.6,36.8,19.8,35.72
633530.0,3413130.0,42.6,36.8,19.8,35.72
633630.0,3413130.0,42.6,36.8,19.8,35.72
633730.0,3413130.0,42.6,36.8,19.8,35.72
633830.0,3413130.0,42.6,36.8,19.8,35.72
633930.0,3413130.0,42.6,36.8,19.8,35.72
634030.0,3413130.0,42.6,36.8,19.8,35.72
634130.0,3413130.0,42.6,36.8,19.8,35.72
634230.0,3413130.0,42.6,36.8,19.8,35.72
634330.0,3413130.0,42.6,36.8,19.8,35.72
634430.0,3413130.0,42.6,36.8,19.8,35.72
634530.0,3413130.0,42.6,36.8,19.8,35.72
634630.0,3413130.0,42.6,36.8,19.8,35.72
625430.0,3413030.0,42.6,36.8,19.8,35.72
625530.0,3413030.0,42.6,36.8,19.8,35.72
625630.0,3413030.0,42.6,36.8,19.8,35.72
625730.0,3413030.0,42.6,36.8,19.8,35.72
625830.0,3413030.0,42.6,36.8,19.8,35.72
625930.0,3413030.0,42.6,36.8,19.8,35.72
626030.0,3413030.0,42.6,36.8,19.8,35.72
626130.0,3413030.0,42.6,36.8,19.8,35.72
626230.0,3413030.0,42.6,36.8,19.8,35.72
626330.0,3413030.0,42.6,36.8,19.8,35.72
626430.0,3413030.0,42.6,36.8,19.8,35.72
626530.0,3413030.0,42.6,36.8,19.8,35.72
626630.0,3413030.0,42.6,36.8,19.8,35.72
626730.0,3413030.0,42.6,36.8,19.8,35.72
626830.0,3413030.0,42.6,36.8,19.8,35.72
626930.0,3413030.0,42.6,36.8,19.8,35.72
627030.0,3413030.0,42.6,36.8,19.8,35.72
627130.0,3413030.0,42.6,36.8,19.8,35.72
627230.0,3413030.0,42.6,36.8,19.8,35.72
627330.0,3413030.0,42.6,36.8,19.8,35.72
627430.0,3413030.0,42.6,36.8,19.8,35.72
627530.0,3413030.0,42.6,36.8,19.8,35.72
627630.0,3413030.0,42.6,36.8,19.8,35.72
627730.0,3413030.0,42.6,36.8,19.8,35.72
627830.0,3413030.0,42.6,36.8,19.8,35.72
627930.0,3413030.0,42.6,36.8,19.8,35.72
628030.0,3413030.0,42.6,36.8,19.8,35.72
628130.0,3413030.0,42.6,36.8,19.8,35.72
628230.0,3413030.0,42.6,36.8,19.8,35.72
628330.0,3413030.0,42.6,36.8,19.8,35.72
628430.0,3413030.0,42.6,36.8,19.8,35.72
628530.0,3413030.0,42.6,36.8,19.8,35.72
628630.0,3413030.0,42.6,36.8,19.8,35.72
628730.0,3413030.0,42.6,36.8,19.8,35.72
628830.0,3413030.0,42.6,36.8,19.8,35.72
628930.0,3413030.0,42.6,36.8,19.8,35.72
629030.0,3413030.0,42.6,36.8,19.8,35.72
629130.0,3413030.0,42.6,36.8,19.8,35.72
629230.0,3413030.0,42.6,36.8,19.8,35.72
629330.0,3413030.0,42.6,36.8,19.8,35.72
629430.0,3413030.0,42.6,36.8,19.8,35.72
629530.0,3413030.0,42.6,36.8,19.8,35.72
629630.0,3413030.0,42.6,36.8,19.8,35.72
629730.0,3413030.0,42.6,36.8,19.8,35.72
629830.0,3413030.0,42.6,36.8,19.8,35.72
629930.0,3413030.0,42.6,36.8,19.8,35.72
630030.0,3413030.0,42.6,36.8,19.8,35.72
630130.0,3413030.0,42.6,36.8,19.8,35.72
630230.0,3413030.0,42.6,36.8,19.8,35.72
630330.0,3413030.0,42.6,36.8,19.8,35.72
630430.0,3413030.0,42.6,36.8,19.8,35.72
630530.0,3413030.0,42.6,36.8,19.8,35.72
630630.0,3413030.0,42.6,36.8,19.8,35.72
630730.0,3413030.0,42.6,36.8,19.8,35.72
630830.0,3413030.0,42.6,36.8,19.8,35.72
630930.0,3413030.0,42.6,36.8,19.8,35.72
631030.0,3413030.0,42.6,36.8,19.8,35.72
631130.0,3413030.0,42.6,36.8,19.8,35.72
631230.0,3413030.0,42.6,36.8,19.8,35.72
631330.0,3413030.0,42.6,36.8,19.8,35.72
631430.0,3413030.0,42.6,36.8,19.8,35.72
631530.0,3413030.0,42.6,36.8,19.8,35.72
631630.0,3413030.0,42.6,36.8,19.8,35.72
631730.0,3413030.0,42.6,36.8,19.8,35.72
631830.0,3413030.0,42.6,36.8,19.8,35.72
631930.0,3413030.0,42.6,36.8,19.8,35.72
632030.0,3413030.0,42.6,36.8,19.8,35.72
632130.0,3413030.0,42.6,36.8,19.8,35.72
632230.0,3413030.0,42.6,36.8,19.8,35.72
632330.0,3413030.0,42.6,36.8,19.8,35.72
632430.0,3413030.0,42.6,36.8,19.8,35.72
632530.0,3413030.0,42.6,36.8,19.8,35.72
632630.0,3413030.0,42.6,36.8,19.8,35.72
632730.0,3413030.0,42.6,36.8,19.8,35.72
632830.0,3413030.0,42.6,36.8,19.8,35.72
632930.0,3413030.0,42.6,36.8,19.8,35.72
633030.0,3413030.0,42.6,36.8,19.8,35.72
633130.0,3413030.0,42.6,36.8,19.8,35.72
633230.0,3413030.0,42.6,36.8,19.8,35.72
633330.0,3413030.0,42.6,36.8,19.8,35.72
633430.0,3413030.0,42.6,36.8,19.8,35.72
633530.0,3413030.0,42.6,36.8,19.8,35.72
633630.0,3413030.0,42.6,36.8,19.8,35.72
633730.0,3413030.0,42.6,36.8,19.8,35.72
633830.0,3413030.0,42.6,36.8,19.8,35.72
633930.0,3413030.0,42.6,36.8,19.8,35.72
634030.0,3413030.0,42.6,36.8,19.8,35.72
634130.0,3413030.0,42.6,36.8,19.8,35.72
634230.0,3413030.0,42.6,36.8,19.8,35.72
634330.0,3413030.0,42.6,36.8,19.8,35.72
634430.0,3413030.0,42.6,36.8,19.8,35.72
634530.0,3413030.0,42.6,36.8,19.8,35.72
634630.0,3413030.0,42.6,36.8,19.8,35.72
625430.0,3412930.0,42.6,36.8,19.8,35.72
625530.0,3412930.0,42.6,36.8,19.8,35.72
625630.0,3412930.0,42.6,36.8,19.8,35.72
625730.0,3412930.0,42.6,36.8,19.8,35.72
625830.0,3412930.0,42.6,36.8,19.8,35.72
625930.0,3412930.0,42.6,36.8,19.8,35.72
626030.0,3412930.0,42.6,36.8,19.8,35.72
626130.0,3412930.0,42.6,36.8,19.8,35.72
626230.0,3412930.0,42.6,36.8,19.8,35.72
626330.0,3412930.0,42.6,36.8,19.8,35.72
626430.0,3412930.0,42.6,36.8,19.8,35.72
626530.0,3412930.0,42.6,36.8,19.8,35.72
626630.0,3412930.0,42.6,36.8,19.8,35.72
626730.0,3412930.0,42.6,36.8,19.8,35.72
626830.0,3412930.0,42.6,36.8,19.8,35.72
626930.0,3412930.0,42.6,36.8,19.8,35.72
627030.0,3412930.0,42.6,36.8,19.8,35.72
627130.0,3412930.0,42.6,36.8,19.8,35.72
627230.0,3412930.0,42.6,36.8,19.8,35.72
627330.0,3412930.0,42.6,36.8,19.8,35.72
627430.0,3412930.0,42.6,36.8,19.8,35.72
627530.0,3412930.0,42.6,36.8,19.8,35.72
627630.0,3412930.0,42.6,36.8,19.8,35.72
627730.0,3412930.0,42.6,36.8,19.8,35.72
627830.0,3412930.0,42.6,36.8,19.8,35.72
627930.0,3412930.0,42.6,36.8,19.8,35.72
628030.0,3412930.0,42.6,36.8,19.8,35.72
628130.0,3412930.0,42.6,36.8,19.8,35.72
628230.0,3412930.0,42.6,36.8,19.8,35.72
628330.0,3412930.0,42.6,36.8,19.8,35.72
628430.0,3412930.0,42.6,36.8,19.8,35.72
628530.0,3412930.0,42.6,36.8,19.8,35.72
628630.0,3412930.0,42.6,36.8,19.8,35.72
628730.0,3412930.0,42.6,36.8,19.8,35.72
628830.0,3412930.0,42.6,36.8,19.8,35.72
628930.0,3412930.0,42.6,36.8,19.8,35.72
629030.0,3412930.0,42.6,36.8,19.8,35.72
629130.0,3412930.0,42.6,36.8,19.8,35.72
629230.0,3412930.0,42.6,36.8,19.8,35.72
629330.0,3412930.0,42.6,36.8,19.8,35.72
629430.0,3412930.0,42.6,36.8,19.8,35.72
629530.0,3412930.0,42.6,36.8,19.8,35.72
629630.0,3412930.0,42.6,36.8,19.8,35.72
629730.0,3412930.0,42.6,36.8,19.8,35.72
629830.0,3412930.0,42.6,36.8,19.8,35.72
629930.0,3412930.0,42.6,36.8,19.8,35.72
630030.0,3412930.0,42.6,36.8,19.8,35.72
630130.0,3412930.0,42.6,36.8,19.8,35.72
630230.0,3412930.0,42.6,36.8,19.8,35.72
630330.0,3412930.0,42.6,36.8,19.8,35.72
630430.0,3412930.0,42.6,36.8,19.8,35.72
630530.0,3412930.0,42.6,36.8,19.8,35.72
630630.0,3412930.0,42.6,36.8,19.8,35.72
630730.0,3412930.0,42.6,36.8,19.8,35.72
630830.0,3412930.0,42.6,36.8,19.8,35.72
630930.0,3412930.0,42.6,36.8,19.8,35.72
631030.0,3412930.0,42.6,36.8,19.8,35.72
631130.0,3412930.0,42.6,36.8,19.8,35.72
631230.0,3412930.0,42.6,36.8,19.8,35.72
631330.0,3412930.0,42.6,36.8,19.8,35.72
631430.0,3412930.0,42.6,36.8,19.8,35.72
631530.0,3412930.0,42.6,36.8,19.8,35.72
631630.0,3412930.0,42.6,36.8,19.8,35.72
631730.0,3412930.0,42.6,36.8,19.8,35.72
631830.0,3412930.0,42.6,36.8,19.8,35.72
631930.0,3412930.0,42.6,36.8,19.8,35.72
632030.0,3412930.0,42.6,36.8,19.8,35.72
632130.0,3412930.0,42.6,36.8,19.8,35.72
632230.0,3412930.0,42.6,36.8,19.8,35.72
632330.0,3412930.0,42.6,36.8,19.8,35.72
632430.0,3412930.0,42.6,36.8,19.8,35.72
632530.0,3412930.0,42.6,36.8,19.8,35.72
632630.0,3412930.0,42.6,36.8,19.8,35.72
632730.0,3412930.0,42.6,36.8,19.8,35.72
632830.0,3412930.0,42.6,36.8,19.8,35.72
632930.0,3412930.0,42.6,36.8,19.8,35.72
633030.0,3412930.0,42.6,36.8,19.8,35.72
633130.0,3412930.0,42.6,36.8,19.8,35.72
633230.0,3412930.0,42.6,36.8,19.8,35.72
633330.0,3412930.0,42.6,36.8,19.8,35.72
633430.0,3412930.0,42.6,36.8,19.8,35.72
633530.0,3412930.0,42.6,36.8,19.8,35.72
633630.0,3412930.0,42.6,36.8,19.8,35.72
633730.0,3412930.0,42.6,36.8,19.8,35.72
633830.0,3412930.0,42.6,36.8,19.8,35.72
633930.0,3412930.0,42.6,36.8,19.8,35.72
634030.0,3412930.0,42.6,36.8,19.8,35.72
634130.0,3412930.0,42.6,36.8,19.8,35.72
634230.0,3412930.0,42.6,36.8,19.8,35.72
634330.0,3412930.0,42.6,36.8,19.8,35.72
634430.0,3412930.0,42.6,36.8,19.8,35.72
634530.0,3412930.0,42.6,36.8,19.8,35.72
634630.0,3412930.0,42.6,36.8,19.8,35.72
634730.0,3412930.0,42.6,36.8,19.8,35.72
625430.0,3412830.0,42.6,36.8,19.8,35.72
625530.0,3412830.0,42.6,36.8,19.8,35.72
625630.0,3412830.0,42.6,36.8,19.8,35.72
625730.0,3412830.0,42.6,36.8,19.8,35.72
625830.0,3412830.0,42.6,36.8,19.8,35.72
625930.0,3412830.0,42.6,36.8,19.8,35.72
626030.0,3412830.0,42.6,36.8,19.8,35.72
626130.0,3412830.0,42.6,36.8,19.8,35.72
626230.0,3412830.0,42.6,36.8,19.8,35.72
626330.0,3412830.0,42.6,36.8,19.8,35.72
626430.0,3412830.0,42.6,36.8,19.8,35.72
626530.0,3412830.0,42.6,36.8,19.8,35.72
626630.0,3412830.0,42.6,36.8,19.8,35.72
626730.0,3412830.0,42.6,36.8,19.8,35.72
626830.0,3412830.0,42.6,36.8,19.8,35.72
626930.0,3412830.0,42.6,36.8,19.8,35.72
627030.0,3412830.0,42.6,36.8,19.8,35.72
627130.0,3412830.0,42.6,36.8,19.8,35.72
627230.0,3412830.0,42.6,36.8,19.8,35.72
627330.0,3412830.0,42.6,36.8,19.8,35.72
627430.0,3412830.0,42.6,36.8,19.8,35.72
627530.0,3412830.0,42.6,36.8,19.8,35.72
627630.0,3412830.0,42.6,36.8,19.8,35.72
627730.0,3412830.0,42.6,36.8,19.8,35.72
627830.0,3412830.0,42.6,36.8,19.8,35.72
627930.0,3412830.0,42.6,36.8,19.8,35.72
628030.0,3412830.0,42.6,36.8,19.8,35.72
628130.0,3412830.0,42.6,36.8,19.8,35.72
628230.0,3412830.0,42.6,36.8,19.8,35.72
628330.0,3412830.0,42.6,36.8,19.8,35.72
628430.0,3412830.0,42.6,36.8,19.8,35.72
628530.0,3412830.0,42.6,36.8,19.8,35.72
628630.0,3412830.0,42.6,36.8,19.8,35.72
628730.0,3412830.0,42.6,36.8,19.8,35.72
628830.0,3412830.0,42.6,36.8,19.8,35.72
628930.0,3412830.0,42.6,36.8,19.8,35.72
629030.0,3412830.0,42.6,36.8,19.8,35.72
629130.0,3412830.0,42.6,36.8,19.8,35.72
629230.0,3412830.0,42.6,36.8,19.8,35.72
629330.0,3412830.0,42.6,36.8,19.8,35.72
629430.0,3412830.0,42.6,36.8,19.8,35.72
629530.0,3412830.0,42.6,36.8,19.8,35.72
629630.0,3412830.0,42.6,36.8,19.8,35.72
629730.0,3412830.0,42.6,36.8,19.8,35.72
629830.0,3412830.0,42.6,36.8,19.8,35.72
629930.0,3412830.0,42.6,36.8,19.8,35.72
630030.0,3412830.0,42.6,36.8,19.8,35.72
630130.0,3412830.0,42.6,36.8,19.8,35.72
630230.0,3412830.0,42.6,36.8,19.8,35.72
630330.0,3412830.0,42.6,36.8,19.8,35.72
630430.0,3412830.0,42.6,36.8,19.8,35.72
630530.0,3412830.0,42.6,36.8,19.8,35.72
630630.0,3412830.0,42.6,36.8,19.8,35.72
630730.0,3412830.0,42.6,36.8,19.8,35.72
630830.0,3412830.0,42.6,36.8,19.8,35.72
630930.0,3412830.0,42.6,36.8,19.8,35.72
631030.0,3412830.0,42.6,36.8,19.8,35.72
631130.0,3412830.0,42.6,36.8,19.8,35.72
631230.0,3412830.0,42.6,36.8,19.8,35.72
631330.0,3412830.0,42.6,36.8,19.8,35.72
631430.0,3412830.0,42.6,36.8,19.8,35.72
631530.0,3412830.0,42.6,36.8,19.8,35.72
631630.0,3412830.0,42.6,36.8,19.8,35.72
631730.0,3412830.0,42.6,36.8,19.8,35.72
631830.0,3412830.0,42.6,36.8,19.8,35.72
631930.0,3412830.0,42.6,36.8,19.8,35.72
632030.0,3412830.0,42.6,36.8,19.8,35.72
632130.0,3412830.0,42.6,36.8,19.8,35.72
632230.0,3412830.0,42.6,36.8,19.8,35.72
632330.0,3412830.0,42.6,36.8,19.8,35.72
632430.0,3412830.0,42.6,36.8,19.8,35.72
632530.0,3412830.0,42.6,36.8,19.8,35.72
632630.0,3412830.0,42.6,36.8,19.8,35.72
632730.0,3412830.0,42.6,36.8,19.8,35.72
632830.0,3412830.0,42.6,36.8,19.8,35.72
632930.0,3412830.0,42.6,36.8,19.8,35.72
633030.0,3412830.0,42.6,36.8,19.8,35.72
633130.0,3412830.0,42.6,36.8,19.8,35.72
633230.0,3412830.0,42.6,36.8,19.8,35.72
633330.0,3412830.0,42.6,36.8,19.8,35.72
633430.0,3412830.0,42.6,36.8,19.8,35.72
633530.0,3412830.0,42.6,36.8,19.8,35.72
633630.0,3412830.0,42.6,36.8,19.8,35.72
633730.0,3412830.0,42.6,36.8,19.8,35.72
633830.0,3412830.0,42.6,36.8,19.8,35.72
633930.0,3412830.0,42.6,36.8,19.8,35.72
634030.0,3412830.0,42.6,36.8,19.8,35.72
634130.0,3412830.0,42.6,36.8,19.8,35.72
634230.0,3412830.0,42.6,36.8,19.8,35.72
634330.0,3412830.0,42.6,36.8,19.8,35.72
634430.0,3412830.0,42.6,36.8,19.8,35.72
634530.0,3412830.0,42.6,36.8,19.8,35.72
634630.0,3412830.0,42.6,36.8,19.8,35.72
634730.0,3412830.0,42.6,36.8,19.8,35.72
634830.0,3412830.0,42.6,36.8,19.8,35.72
625230.0,3412730.0,42.6,36.8,19.8,35.72
625330.0,3412730.0,42.6,36.8,19.8,35.72
625430.0,3412730.0,42.6,36.8,19.8,35.72
625530.0,3412730.0,42.6,36.8,19.8,35.72
625630.0,3412730.0,42.6,36.8,19.8,35.72
625730.0,3412730.0,42.6,36.8,19.8,35.72
625830.0,3412730.0,42.6,36.8,19.8,35.72
625930.0,3412730.0,42.6,36.8,19.8,35.72
626030.0,3412730.0,42.6,36.8,19.8,35.72
626130.0,3412730.0,42.6,36.8,19.8,35.72
626230.0,3412730.0,42.6,36.8,19.8,35.72
626330.0,3412730.0,42.6,36.8,19.8,35.72
626430.0,3412730.0,42.6,36.8,19.8,35.72
626530.0,3412730.0,42.6,36.8,19.8,35.72
626630.0,3412730.0,42.6,36.8,19.8,35.72
626730.0,3412730.0,42.6,36.8,19.8,35.72
626830.0,3412730.0,42.6,36.8,19.8,35.72
626930.0,3412730.0,42.6,36.8,19.8,35.72
627030.0,3412730.0,42.6,36.8,19.8,35.72
627130.0,3412730.0,42.6,36.8,19.8,35.72
627230.0,3412730.0,42.6,36.8,19.8,35.72
627330.0,3412730.0,42.6,36.8,19.8,35.72
627430.0,3412730.0,42.6,36.8,19.8,35.72
627530.0,3412730.0,42.6,36.8,19.8,35.72
627630.0,3412730.0,42.6,36.8,19.8,35.72
627730.0,3412730.0,42.6,36.8,19.8,35.72
627830.0,3412730.0,42.6,36.8,19.8,35.72
627930.0,3412730.0,42.6,36.8,19.8,35.72
628030.0,3412730.0,42.6,36.8,19.8,35.72
628130.0,3412730.0,42.6,36.8,19.8,35.72
628230.0,3412730.0,42.6,36.8,19.8,35.72
628330.0,3412730.0,42.6,36.8,19.8,35.72
628430.0,3412730.0,42.6,36.8,19.8,35.72
628530.0,3412730.0,42.6,36.8,19.8,35.72
628630.0,3412730.0,42.6,36.8,19.8,35.72
628730.0,3412730.0,42.6,36.8,19.8,35.72
628830.0,3412730.0,42.6,36.8,19.8,35.72
628930.0,3412730.0,42.6,36.8,19.8,35.72
629030.0,3412730.0,42.6,36.8,19.8,35.72
629130.0,3412730.0,42.6,36.8,19.8,35.72
629230.0,3412730.0,42.6,36.8,19.8,35.72
629330.0,3412730.0,42.6,36.8,19.8,35.72
629430.0,3412730.0,42.6,36.8,19.8,35.72
629530.0,3412730.0,42.6,36.8,19.8,35.72
629630.0,3412730.0,42.6,36.8,19.8,35.72
629730.0,3412730.0,42.6,36.8,19.8,35.72
629830.0,3412730.0,42.6,36.8,19.8,35.72
629930.0,3412730.0,42.6,36.8,19.8,35.72
630030.0,3412730.0,42.6,36.8,19.8,35.72
630130.0,3412730.0,42.6,36.8,19.8,35.72
630230.0,3412730.0,42.6,36.8,19.8,35.72
630330.0,3412730.0,42.6,36.8,19.8,35.72
630430.0,3412730.0,42.6,36.8,19.8,35.72
630530.0,3412730.0,42.6,36.8,19.8,35.72
630630.0,3412730.0,42.6,36.8,19.8,35.72
630730.0,3412730.0,42.6,36.8,19.8,35.72
630830.0,3412730.0,42.6,36.8,19.8,35.72
630930.0,3412730.0,42.6,36.8,19.8,35.72
631030.0,3412730.0,42.6,36.8,19.8,35.72
631130.0,3412730.0,42.6,36.8,19.8,35.72
631230.0,3412730.0,42.6,36.8,19.8,35.72
631330.0,3412730.0,42.6,36.8,19.8,35.72
631430.0,3412730.0,42.6,36.8,19.8,35.72
631530.0,3412730.0,42.6,36.8,19.8,35.72
631630.0,3412730.0,42.6,36.8,19.8,35.72
631730.0,3412730.0,42.6,36.8,19.8,35.72
631830.0,3412730.0,42.6,36.8,19.8,35.72
631930.0,3412730.0,42.6,36.8,19.8,35.72
632030.0,3412730.0,42.6,36.8,19.8,35.72
632130.0,3412730.0,42.6,36.8,19.8,35.72
632230.0,3412730.0,42.6,36.8,19.8,35.72
632330.0,3412730.0,42.6,36.8,19.8,35.72
632430.0,3412730.0,42.6,36.8,19.8,35.72
632530.0,3412730.0,42.6,36.8,19.8,35.72
632630.0,3412730.0,42.6,36.8,19.8,35.72
632730.0,3412730.0,42.6,36.8,19.8,35.72
632830.0,3412730.0,42.6,36.8,19.8,35.72
632930.0,3412730.0,42.6,36.8,19.8,35.72
633030.0,3412730.0,42.6,36.8,19.8,35.72
633130.0,3412730.0,42.6,36.8,19.8,35.72
633230.0,3412730.0,42.6,36.8,19.8,35.72
633330.0,3412730.0,42.6,36.8,19.8,35.72
633430.0,3412730.0,42.6,36.8,19.8,35.72
633530.0,3412730.0,42.6,36.8,19.8,35.72
633630.0,3412730.0,42.6,36.8,19.8,35.72
633730.0,3412730.0,42.6,36.8,19.8,35.72
633830.0,3412730.0,42.6,36.8,19.8,35.72
633930.0,3412730.0,42.6,36.8,19.8,35.72
634030.0,3412730.0,42.6,36.8,19.8,35.72
634130.0,3412730.0,42.6,36.8,19.8,35.72
634230.0,3412730.0,42.6,36.8,19.8,35.72
634330.0,3412730.0,42.6,36.8,19.8,35.72
634430.0,3412730.0,42.6,36.8,19.8,35.72
634530.0,3412730.0,42.6,36.8,19.8,35.72
634630.0,3412730.0,42.6,36.8,19.8,35.72
634730.0,3412730.0,42.6,36.8,19.8,35.72
634830.0,3412730.0,42.6,36.8,19.8,35.72
625130.0,3412630.0,42.6,36.8,19.8,35.72
625230.0,3412630.0,42.6,36.8,19.8,35.72
625330.0,3412630.0,42.6,36.8,19.8,35.72
625430.0,3412630.0,42.6,36.8,19.8,35.72
625530.0,3412630.0,42.6,36.8,19.8,35.72
625630.0,3412630.0,42.6,36.8,19.8,35.72
625730.0,3412630.0,42.6,36.8,19.8,35.72
625830.0,3412630.0,42.6,36.8,19.8,35.72
625930.0,3412630.0,42.6,36.8,19.8,35.72
626030.0,3412630.0,42.6,36.8,19.8,35.72
626130.0,3412630.0,42.6,36.8,19.8,35.72
626230.0,3412630.0,42.6,36.8,19.8,35.72
626330.0,3412630.0,42.6,36.8,19.8,35.72
626430.0,3412630.0,42.6,36.8,19.8,35.72
626530.0,3412630.0,42.6,36.8,19.8,35.72
626630.0,3412630.0,42.6,36.8,19.8,35.72
626730.0,3412630.0,42.6,36.8,19.8,35.72
626830.0,3412630.0,42.6,36.8,19.8,35.72
626930.0,3412630.0,42.6,36.8,19.8,35.72
627030.0,3412630.0,42.6,36.8,19.8,35.72
627130.0,3412630.0,42.6,36.8,19.8,35.72
627230.0,3412630.0,42.6,36.8,19.8,35.72
627330.0,3412630.0,42.6,36.8,19.8,35.72
627430.0,3412630.0,42.6,36.8,19.8,35.72
627530.0,3412630.0,42.6,36.8,19.8,35.72
627630.0,3412630.0,42.6,36.8,19.8,35.72
627730.0,3412630.0,42.6,36.8,19.8,35.72
627830.0,3412630.0,42.6,36.8,19.8,35.72
627930.0,3412630.0,42.6,36.8,19.8,35.72
628030.0,3412630.0,42.6,36.8,19.8,35.72
628130.0,3412630.0,42.6,36.8,19.8,35.72
628230.0,3412630.0,42.6,36.8,19.8,35.72
628330.0,3412630.0,42.6,36.8,19.8,35.72
628430.0,3412630.0,42.6,36.8,19.8,35.72
628530.0,3412630.0,42.6,36.8,19.8,35.72
628630.0,3412630.0,42.6,36.8,19.8,35.72
628730.0,3412630.0,42.6,36.8,19.8,35.72
628830.0,3412630.0,42.6,36.8,19.8,35.72
628930.0,3412630.0,42.6,36.8,19.8,35.72
629030.0,3412630.0,42.6,36.8,19.8,35.72
629130.0,3412630.0,42.6,36.8,19.8,35.72
629230.0,3412630.0,42.6,36.8,19.8,35.72
629330.0,3412630.0,42.6,36.8,19.8,35.72
629430.0,3412630.0,42.6,36.8,19.8,35.72
629530.0,3412630.0,42.6,36.8,19.8,35.72
629630.0,3412630.0,42.6,36.8,19.8,35.72
629730.0,3412630.0,42.6,36.8,19.8,35.72
629830.0,3412630.0,42.6,36.8,19.8,35.72
629930.0,3412630.0,42.6,36.8,19.8,35.72
630030.0,3412630.0,42.6,36.8,19.8,35.72
630130.0,3412630.0,42.6,36.8,19.8,35.72
630230.0,3412630.0,42.6,36.8,19.8,35.72
630330.0,3412630.0,42.6,36.8,19.8,35.72
630430.0,3412630.0,42.6,36.8,19.8,35.72
630530.0,3412630.0,42.6,36.8,19.8,35.72
630630.0,3412630.0,42.6,36.8,19.8,35.72
630730.0,3412630.0,42.6,36.8,19.8,35.72
630830.0,3412630.0,42.6,36.8,19.8,35.72
630930.0,3412630.0,42.6,36.8,19.8,35.72
631030.0,3412630.0,42.6,36.8,19.8,35.72
631130.0,3412630.0,42.6,36.8,19.8,35.72
631230.0,3412630.0,42.6,36.8,19.8,35.72
631330.0,3412630.0,42.6,36.8,19.8,35.72
631430.0,3412630.0,42.6,36.8,19.8,35.72
631530.0,3412630.0,42.6,36.8,19.8,35.72
631630.0,3412630.0,42.6,36.8,19.8,35.72
631730.0,3412630.0,42.6,36.8,19.8,35.72
631830.0,3412630.0,42.6,36.8,19.8,35.72
631930.0,3412630.0,42.6,36.8,19.8,35.72
632030.0,3412630.0,42.6,36.8,19.8,35.72
632130.0,3412630.0,42.6,36.8,19.8,35.72
632230.0,3412630.0,42.6,36.8,19.8,35.72
632330.0,3412630.0,42.6,36.8,19.8,35.72
632430.0,3412630.0,42.6,36.8,19.8,35.72
632530.0,3412630.0,42.6,36.8,19.8,35.72
632630.0,3412630.0,42.6,36.8,19.8,35.72
632730.0,3412630.0,42.6,36.8,19.8,35.72
632830.0,3412630.0,42.6,36.8,19.8,35.72
632930.0,3412630.0,42.6,36.8,19.8,35.72
633030.0,3412630.0,42.6,36.8,19.8,35.72
633130.0,3412630.0,42.6,36.8,19.8,35.72
633230.0,3412630.0,42.6,36.8,19.8,35.72
633330.0,3412630.0,42.6,36.8,19.8,35.72
633430.0,3412630.0,42.6,36.8,19.8,35.72
633530.0,3412630.0,42.6,36.8,19.8,35.72
633630.0,3412630.0,42.6,36.8,19.8,35.72
633730.0,3412630.0,42.6,36.8,19.8,35.72
633830.0,3412630.0,42.6,36.8,19.8,35.72
633930.0,3412630.0,42.6,36.8,19.8,35.72
634030.0,3412630.0,42.6,36.8,19.8,35.72
634130.0,3412630.0,42.6,36.8,19.8,35.72
634230.0,3412630.0,42.6,36.8,19.8,35.72
634330.0,3412630.0,42.6,36.8,19.8,35.72
634430.0,3412630.0,42.6,36.8,19.8,35.72
634530.0,3412630.0,42.6,36.8,19.8,35.72
634630.0,3412630.0,42.6,36.8,19.8,35.72
634730.0,3412630.0,42.6,36.8,19.8,35.72
624930.0,3412530.0,42.6,36.8,19.8,35.72
625030.0,3412530.0,42.6,36.8,19.8,35.72
625130.0,3412530.0,42.6,36.8,19.8,35.72
625230.0,3412530.0,42.6,36.8,19.8,35.72
625330.0,3412530.0,42.6,36.8,19.8,35.72
625430.0,3412530.0,42.6,36.8,19.8,35.72
625530.0,3412530.0,42.6,36.8,19.8,35.72
625630.0,3412530.0,42.6,36.8,19.8,35.72
625730.0,3412530.0,42.6,36.8,19.8,35.72
625830.0,3412530.0,42.6,36.8,19.8,35.72
625930.0,3412530.0,42.6,36.8,19.8,35.72
626030.0,3412530.0,42.6,36.8,19.8,35.72
626130.0,3412530.0,42.6,36.8,19.8,35.72
626230.0,3412530.0,42.6,36.8,19.8,35.72
626330.0,3412530.0,42.6,36.8,19.8,35.72
626430.0,3412530.0,42.6,36.8,19.8,35.72
626530.0,3412530.0,42.6,36.8,19.8,35.72
626630.0,3412530.0,42.6,36.8,19.8,35.72
626730.0,3412530.0,42.6,36.8,19.8,35.72
626830.0,3412530.0,42.6,36.8,19.8,35.72
626930.0,3412530.0,42.6,36.8,19.8,35.72
627030.0,3412530.0,42.6,36.8,19.8,35.72
627130.0,3412530.0,42.6,36.8,19.8,35.72
627230.0,3412530.0,42.6,36.8,19.8,35.72
627330.0,3412530.0,42.6,36.8,19.8,35.72
627430.0,3412530.0,42.6,36.8,19.8,35.72
627530.0,3412530.0,42.6,36.8,19.8,35.72
627630.0,3412530.0,42.6,36.8,19.8,35.72
627730.0,3412530.0,42.6,36.8,19.8,35.72
627830.0,3412530.0,42.6,36.8,19.8,35.72
627930.0,3412530.0,42.6,36.8,19.8,35.72
628030.0,3412530.0,42.6,36.8,19.8,35.72
628130.0,3412530.0,42.6,36.8,19.8,35.72
628230.0,3412530.0,42.6,36.8,19.8,35.72
628330.0,3412530.0,42.6,36.8,19.8,35.72
628430.0,3412530.0,42.6,36.8,19.8,35.72
628530.0,3412530.0,42.6,36.8,19.8,35.72
628630.0,3412530.0,42.6,36.8,19.8,35.72
628730.0,3412530.0,42.6,36.8,19.8,35.72
628830.0,3412530.0,42.6,36.8,19.8,35.72
628930.0,3412530.0,42.6,36.8,19.8,35.72
629030.0,3412530.0,42.6,36.8,19.8,35.72
629130.0,3412530.0,42.6,36.8,19.8,35.72
629230.0,3412530.0,42.6,36.8,19.8,35.72
629330.0,3412530.0,42.6,36.8,19.8,35.72
629430.0,3412530.0,42.6,36.8,19.8,35.72
629530.0,3412530.0,42.6,36.8,19.8,35.72
629630.0,3412530.0,42.6,36.8,19.8,35.72
629730.0,3412530.0,42.6,36.8,19.8,35.72
629830.0,3412530.0,42.6,36.8,19.8,35.72
629930.0,3412530.0,42.6,36.8,19.8,35.72
630030.0,3412530.0,42.6,36.8,19.8,35.72
630130.0,3412530.0,42.6,36.8,19.8,35.72
630230.0,3412530.0,42.6,36.8,19.8,35.72
630330.0,3412530.0,42.6,36.8,19.8,35.72
630430.0,3412530.0,42.6,36.8,19.8,35.72
630530.0,3412530.0,42.6,36.8,19.8,35.72
630630.0,3412530.0,42.6,36.8,19.8,35.72
630730.0,3412530.0,42.6,36.8,19.8,35.72
630830.0,3412530.0,42.6,36.8,19.8,35.72
630930.0,3412530.0,42.6,36.8,19.8,35.72
631030.0,3412530.0,42.6,36.8,19.8,35.72
631130.0,3412530.0,42.6,36.8,19.8,35.72
631230.0,3412530.0,42.6,36.8,19.8,35.72
631330.0,3412530.0,42.6,36.8,19.8,35.72
631430.0,3412530.0,42.6,36.8,19.8,35.72
631530.0,3412530.0,42.6,36.8,19.8,35.72
631630.0,3412530.0,42.6,36.8,19.8,35.72
631730.0,3412530.0,42.6,36.8,19.8,35.72
631830.0,3412530.0,42.6,36.8,19.8,35.72
631930.0,3412530.0,42.6,36.8,19.8,35.72
632030.0,3412530.0,42.6,36.8,19.8,35.72
632130.0,3412530.0,42.6,36.8,19.8,35.72
632230.0,3412530.0,42.6,36.8,19.8,35.72
632330.0,3412530.0,42.6,36.8,19.8,35.72
632430.0,3412530.0,42.6,36.8,19.8,35.72
632530.0,3412530.0,42.6,36.8,19.8,35.72
632630.0,3412530.0,42.6,36.8,19.8,35.72
632730.0,3412530.0,42.6,36.8,19.8,35.72
632830.0,3412530.0,42.6,36.8,19.8,35.72
632930.0,3412530.0,42.6,36.8,19.8,35.72
633030.0,3412530.0,42.6,36.8,19.8,35.72
633130.0,3412530.0,42.6,36.8,19.8,35.72
633230.0,3412530.0,42.6,36.8,19.8,35.72
633330.0,3412530.0,42.6,36.8,19.8,35.72
633430.0,3412530.0,42.6,36.8,19.8,35.72
633530.0,3412530.0,42.6,36.8,19.8,35.72
633630.0,3412530.0,42.6,36.8,19.8,35.72
633730.0,3412530.0,42.6,36.8,19.8,35.72
633830.0,3412530.0,42.6,36.8,19.8,35.72
633930.0,3412530.0,42.6,36.8,19.8,35.72
634030.0,3412530.0,42.6,36.8,19.8,35.72
634130.0,3412530.0,42.6,36.8,19.8,35.72
634230.0,3412530.0,42.6,36.8,19.8,35.72
634330.0,3412530.0,42.6,36.8,19.8,35.72
634430.0,3412530.0,42.6,36.8,19.8,35.72
634530.0,3412530.0,42.6,36.8,19.8,35.72
624730.0,3412430.0,42.6,36.8,19.8,35.72
624830.0,3412430.0,42.6,36.8,19.8,35.72
624930.0,3412430.0,42.6,36.8,19.8,35.72
625030.0,3412430.0,42.6,36.8,19.8,35.72
625130.0,3412430.0,42.6,36.8,19.8,35.72
625230.0,3412430.0,42.6,36.8,19.8,35.72
625330.0,3412430.0,42.6,36.8,19.8,35.72
625430.0,3412430.0,42.6,36.8,19.8,35.72
625530.0,3412430.0,42.6,36.8,19.8,35.72
625630.0,3412430.0,42.6,36.8,19.8,35.72
625730.0,3412430.0,42.6,36.8,19.8,35.72
625830.0,3412430.0,42.6,36.8,19.8,35.72
625930.0,3412430.0,42.6,36.8,19.8,35.72
626030.0,3412430.0,42.6,36.8,19.8,35.72
626130.0,3412430.0,42.6,36.8,19.8,35.72
626230.0,3412430.0,42.6,36.8,19.8,35.72
626330.0,3412430.0,42.6,36.8,19.8,35.72
626430.0,3412430.0,42.6,36.8,19.8,35.72
626530.0,3412430.0,42.6,36.8,19.8,35.72
626630.0,3412430.0,42.6,36.8,19.8,35.72
626730.0,3412430.0,42.6,36.8,19.8,35.72
626830.0,3412430.0,42.6,36.8,19.8,35.72
626930.0,3412430.0,42.6,36.8,19.8,35.72
627030.0,3412430.0,42.6,36.8,19.8,35.72
627130.0,3412430.0,42.6,36.8,19.8,35.72
627230.0,3412430.0,42.6,36.8,19.8,35.72
627330.0,3412430.0,42.6,36.8,19.8,35.72
627430.0,3412430.0,42.6,36.8,19.8,35.72
627530.0,3412430.0,42.6,36.8,19.8,35.72
627630.0,3412430.0,42.6,36.8,19.8,35.72
627730.0,3412430.0,42.6,36.8,19.8,35.72
627830.0,3412430.0,42.6,36.8,19.8,35.72
627930.0,3412430.0,42.6,36.8,19.8,35.72
628030.0,3412430.0,42.6,36.8,19.8,35.72
628130.0,3412430.0,42.6,36.8,19.8,35.72
628230.0,3412430.0,42.6,36.8,19.8,35.72
628330.0,3412430.0,42.6,36.8,19.8,35.72
628430.0,3412430.0,42.6,36.8,19.8,35.72
628530.0,3412430.0,42.6,36.8,19.8,35.72
628630.0,3412430.0,42.6,36.8,19.8,35.72
628730.0,3412430.0,42.6,36.8,19.8,35.72
628830.0,3412430.0,42.6,36.8,19.8,35.72
628930.0,3412430.0,42.6,36.8,19.8,35.72
629030.0,3412430.0,42.6,36.8,19.8,35.72
629130.0,3412430.0,42.6,36.8,19.8,35.72
629230.0,3412430.0,42.6,36.8,19.8,35.72
629330.0,3412430.0,42.6,36.8,19.8,35.72
629430.0,3412430.0,42.6,36.8,19.8,35.72
629530.0,3412430.0,42.6,36.8,19.8,35.72
629630.0,3412430.0,42.6,36.8,19.8,35.72
629730.0,3412430.0,42.6,36.8,19.8,35.72
629830.0,3412430.0,42.6,36.8,19.8,35.72
629930.0,3412430.0,42.6,36.8,19.8,35.72
630030.0,3412430.0,42.6,36.8,19.8,35.72
630130.0,3412430.0,42.6,36.8,19.8,35.72
630230.0,3412430.0,42.6,36.8,19.8,35.72
630330.0,3412430.0,42.6,36.8,19.8,35.72
630430.0,3412430.0,42.6,36.8,19.8,35.72
630530.0,3412430.0,42.6,36.8,19.8,35.72
630630.0,3412430.0,42.6,36.8,19.8,35.72
630730.0,3412430.0,42.6,36.8,19.8,35.72
630830.0,3412430.0,42.6,36.8,19.8,35.72
630930.0,3412430.0,42.6,36.8,19.8,35.72
631030.0,3412430.0,42.6,36.8,19.8,35.72
631130.0,3412430.0,42.6,36.8,19.8,35.72
631230.0,3412430.0,42.6,36.8,19.8,35.72
631330.0,3412430.0,42.6,36.8,19.8,35.72
631430.0,3412430.0,42.6,36.8,19.8,35.72
631530.0,3412430.0,42.6,36.8,19.8,35.72
631630.0,3412430.0,42.6,36.8,19.8,35.72
631730.0,3412430.0,42.6,36.8,19.8,35.72
631830.0,3412430.0,42.6,36.8,19.8,35.72
631930.0,3412430.0,42.6,36.8,19.8,35.72
632030.0,3412430.0,42.6,36.8,19.8,35.72
632130.0,3412430.0,42.6,36.8,19.8,35.72
632230.0,3412430.0,42.6,36.8,19.8,35.72
632330.0,3412430.0,42.6,36.8,19.8,35.72
632430.0,3412430.0,42.6,36.8,19.8,35.72
632530.0,3412430.0,42.6,36.8,19.8,35.72
632630.0,3412430.0,42.6,36.8,19.8,35.72
632730.0,3412430.0,42.6,36.8,19.8,35.72
632830.0,3412430.0,42.6,36.8,19.8,35.72
632930.0,3412430.0,42.6,36.8,19.8,35.72
633030.0,3412430.0,42.6,36.8,19.8,35.72
633130.0,3412430.0,42.6,36.8,19.8,35.72
633230.0,3412430.0,42.6,36.8,19.8,35.72
633330.0,3412430.0,42.6,36.8,19.8,35.72
633430.0,3412430.0,42.6,36.8,19.8,35.72
633530.0,3412430.0,42.6,36.8,19.8,35.72
633630.0,3412430.0,42.6,36.8,19.8,35.72
633730.0,3412430.0,42.6,36.8,19.8,35.72
633830.0,3412430.0,42.6,36.8,19.8,35.72
633930.0,3412430.0,42.6,36.8,19.8,35.72
634030.0,3412430.0,42.6,36.8,19.8,35.72
634130.0,3412430.0,42.6,36.8,19.8,35.72
634230.0,3412430.0,42.6,36.8,19.8,35.72
634330.0,3412430.0,42.6,36.8,19.8,35.72
634430.0,3412430.0,42.6,36.8,19.8,35.72
624530.0,3412330.0,42.6,36.8,19.8,35.72
624630.0,3412330.0,42.6,36.8,19.8,35.72
624730.0,3412330.0,42.6,36.8,19.8,35.72
624830.0,3412330.0,42.6,36.8,19.8,35.72
624930.0,3412330.0,42.6,36.8,19.8,35.72
625030.0,3412330.0,42.6,36.8,19.8,35.72
625130.0,3412330.0,42.6,36.8,19.8,35.72
625230.0,3412330.0,42.6,36.8,19.8,35.72
625330.0,3412330.0,42.6,36.8,19.8,35.72
625430.0,3412330.0,42.6,36.8,19.8,35.72
625530.0,3412330.0,42.6,36.8,19.8,35.72
625630.0,3412330.0,42.6,36.8,19.8,35.72
625730.0,3412330.0,42.6,36.8,19.8,35.72
625830.0,3412330.0,42.6,36.8,19.8,35.72
625930.0,3412330.0,42.6,36.8,19.8,35.72
626030.0,3412330.0,42.6,36.8,19.8,35.72
626130.0,3412330.0,42.6,36.8,19.8,35.72
626230.0,3412330.0,42.6,36.8,19.8,35.72
626330.0,3412330.0,42.6,36.8,19.8,35.72
626430.0,3412330.0,42.6,36.8,19.8,35.72
626530.0,3412330.0,42.6,36.8,19.8,35.72
626630.0,3412330.0,42.6,36.8,19.8,35.72
626730.0,3412330.0,42.6,36.8,19.8,35.72
626830.0,3412330.0,42.6,36.8,19.8,35.72
626930.0,3412330.0,42.6,36.8,19.8,35.72
627030.0,3412330.0,42.6,36.8,19.8,35.72
627130.0,3412330.0,42.6,36.8,19.8,35.72
627230.0,3412330.0,42.6,36.8,19.8,35.72
627330.0,3412330.0,42.6,36.8,19.8,35.72
627430.0,3412330.0,42.6,36.8,19.8,35.72
627530.0,3412330.0,42.6,36.8,19.8,35.72
627630.0,3412330.0,42.6,36.8,19.8,35.72
627730.0,3412330.0,42.6,36.8,19.8,35.72
627830.0,3412330.0,42.6,36.8,19.8,35.72
627930.0,3412330.0,42.6,36.8,19.8,35.72
628030.0,3412330.0,42.6,36.8,19.8,35.72
628130.0,3412330.0,42.6,36.8,19.8,35.72
628230.0,3412330.0,42.6,36.8,19.8,35.72
628330.0,3412330.0,42.6,36.8,19.8,35.72
628430.0,3412330.0,42.6,36.8,19.8,35.72
628530.0,3412330.0,42.6,36.8,19.8,35.72
628630.0,3412330.0,42.6,36.8,19.8,35.72
628730.0,3412330.0,42.6,36.8,19.8,35.72
628830.0,3412330.0,42.6,36.8,19.8,35.72
628930.0,3412330.0,42.6,36.8,19.8,35.72
629030.0,3412330.0,42.6,36.8,19.8,35.72
629130.0,3412330.0,42.6,36.8,19.8,35.72
629230.0,3412330.0,42.6,36.8,19.8,35.72
629330.0,3412330.0,42.6,36.8,19.8,35.72
629430.0,3412330.0,42.6,36.8,19.8,35.72
629530.0,3412330.0,42.6,36.8,19.8,35.72
629630.0,3412330.0,42.6,36.8,19.8,35.72
629730.0,3412330.0,42.6,36.8,19.8,35.72
629830.0,3412330.0,42.6,36.8,19.8,35.72
629930.0,3412330.0,42.6,36.8,19.8,35.72
630030.0,3412330.0,42.6,36.8,19.8,35.72
630130.0,3412330.0,42.6,36.8,19.8,35.72
630230.0,3412330.0,42.6,36.8,19.8,35.72
630330.0,3412330.0,42.6,36.8,19.8,35.72
630430.0,3412330.0,42.6,36.8,19.8,35.72
630530.0,3412330.0,42.6,36.8,19.8,35.72
630630.0,3412330.0,42.6,36.8,19.8,35.72
630730.0,3412330.0,42.6,36.8,19.8,35.72
630830.0,3412330.0,42.6,36.8,19.8,35.72
630930.0,3412330.0,42.6,36.8,19.8,35.72
631030.0,3412330.0,42.6,36.8,19.8,35.72
631130.0,3412330.0,42.6,36.8,19.8,35.72
631230.0,3412330.0,42.6,36.8,19.8,35.72
631330.0,3412330.0,42.6,36.8,19.8,35.72
631430.0,3412330.0,42.6,36.8,19.8,35.72
631530.0,3412330.0,42.6,36.8,19.8,35.72
631630.0,3412330.0,42.6,36.8,19.8,35.72
631730.0,3412330.0,42.6,36.8,19.8,35.72
631830.0,3412330.0,42.6,36.8,19.8,35.72
631930.0,3412330.0,42.6,36.8,19.8,35.72
632030.0,3412330.0,42.6,36.8,19.8,35.72
632130.0,3412330.0,42.6,36.8,19.8,35.72
632230.0,3412330.0,42.6,36.8,19.8,35.72
632330.0,3412330.0,42.6,36.8,19.8,35.72
632430.0,3412330.0,42.6,36.8,19.8,35.72
632530.0,3412330.0,42.6,36.8,19.8,35.72
632630.0,3412330.0,42.6,36.8,19.8,35.72
632730.0,3412330.0,42.6,36.8,19.8,35.72
632830.0,3412330.0,42.6,36.8,19.8,35.72
632930.0,3412330.0,42.6,36.8,19.8,35.72
633030.0,3412330.0,42.6,36.8,19.8,35.72
633130.0,3412330.0,42.6,36.8,19.8,35.72
633230.0,3412330.0,42.6,36.8,19.8,35.72
633330.0,3412330.0,42.6,36.8,19.8,35.72
633430.0,3412330.0,42.6,36.8,19.8,35.72
633530.0,3412330.0,42.6,36.8,19.8,35.72
633630.0,3412330.0,42.6,36.8,19.8,35.72
633730.0,3412330.0,42.6,36.8,19.8,35.72
633830.0,3412330.0,42.6,36.8,19.8,35.72
633930.0,3412330.0,42.6,36.8,19.8,35.72
634030.0,3412330.0,42.6,36.8,19.8,35.72
634130.0,3412330.0,42.6,36.8,19.8,35.72
634230.0,3412330.0,42.6,36.8,19.8,35.72
634330.0,3412330.0,42.6,36.8,19.8,35.72
634430.0,3412330.0,42.6,36.8,19.8,35.72
624530.0,3412230.0,42.6,36.8,19.8,35.72
624630.0,3412230.0,42.6,36.8,19.8,35.72
624730.0,3412230.0,42.6,36.8,19.8,35.72
624830.0,3412230.0,42.6,36.8,19.8,35.72
624930.0,3412230.0,42.6,36.8,19.8,35.72
625030.0,3412230.0,42.6,36.8,19.8,35.72
625130.0,3412230.0,42.6,36.8,19.8,35.72
625230.0,3412230.0,42.6,36.8,19.8,35.72
625330.0,3412230.0,42.6,36.8,19.8,35.72
625430.0,3412230.0,42.6,36.8,19.8,35.72
625530.0,3412230.0,42.6,36.8,19.8,35.72
625630.0,3412230.0,42.6,36.8,19.8,35.72
625730.0,3412230.0,42.6,36.8,19.8,35.72
625830.0,3412230.0,42.6,36.8,19.8,35.72
625930.0,3412230.0,42.6,36.8,19.8,35.72
626030.0,3412230.0,42.6,36.8,19.8,35.72
626130.0,3412230.0,42.6,36.8,19.8,35.72
626230.0,3412230.0,42.6,36.8,19.8,35.72
626330.0,3412230.0,42.6,36.8,19.8,35.72
626430.0,3412230.0,42.6,36.8,19.8,35.72
626530.0,3412230.0,42.6,36.8,19.8,35.72
626630.0,3412230.0,42.6,36.8,19.8,35.72
626730.0,3412230.0,42.6,36.8,19.8,35.72
626830.0,3412230.0,42.6,36.8,19.8,35.72
626930.0,3412230.0,42.6,36.8,19.8,35.72
627030.0,3412230.0,42.6,36.8,19.8,35.72
627130.0,3412230.0,42.6,36.8,19.8,35.72
627230.0,3412230.0,42.6,36.8,19.8,35.72
627330.0,3412230.0,42.6,36.8,19.8,35.72
627430.0,3412230.0,42.6,36.8,19.8,35.72
627530.0,3412230.0,42.6,36.8,19.8,35.72
627630.0,3412230.0,42.6,36.8,19.8,35.72
627730.0,3412230.0,42.6,36.8,19.8,35.72
627830.0,3412230.0,42.6,36.8,19.8,35.72
627930.0,3412230.0,42.6,36.8,19.8,35.72
628030.0,3412230.0,42.6,36.8,19.8,35.72
628130.0,3412230.0,42.6,36.8,19.8,35.72
628230.0,3412230.0,42.6,36.8,19.8,35.72
628330.0,3412230.0,42.6,36.8,19.8,35.72
628430.0,3412230.0,42.6,36.8,19.8,35.72
628530.0,3412230.0,42.6,36.8,19.8,35.72
628630.0,3412230.0,42.6,36.8,19.8,35.72
628730.0,3412230.0,42.6,36.8,19.8,35.72
628830.0,3412230.0,42.6,36.8,19.8,35.72
628930.0,3412230.0,42.6,36.8,19.8,35.72
629030.0,3412230.0,42.6,36.8,19.8,35.72
629130.0,3412230.0,42.6,36.8,19.8,35.72
629230.0,3412230.0,42.6,36.8,19.8,35.72
629330.0,3412230.0,42.6,36.8,19.8,35.72
629430.0,3412230.0,42.6,36.8,19.8,35.72
629530.0,3412230.0,42.6,36.8,19.8,35.72
629630.0,3412230.0,42.6,36.8,19.8,35.72
629730.0,3412230.0,42.6,36.8,19.8,35.72
629830.0,3412230.0,42.6,36.8,19.8,35.72
629930.0,3412230.0,42.6,36.8,19.8,35.72
630030.0,3412230.0,42.6,36.8,19.8,35.72
630130.0,3412230.0,42.6,36.8,19.8,35.72
630230.0,3412230.0,42.6,36.8,19.8,35.72
630330.0,3412230.0,42.6,36.8,19.8,35.72
630430.0,3412230.0,42.6,36.8,19.8,35.72
630530.0,3412230.0,42.6,36.8,19.8,35.72
630630.0,3412230.0,42.6,36.8,19.8,35.72
630730.0,3412230.0,42.6,36.8,19.8,35.72
630830.0,3412230.0,42.6,36.8,19.8,35.72
630930.0,3412230.0,42.6,36.8,19.8,35.72
631030.0,3412230.0,42.6,36.8,19.8,35.72
631130.0,3412230.0,42.6,36.8,19.8,35.72
631230.0,3412230.0,42.6,36.8,19.8,35.72
631330.0,3412230.0,42.6,36.8,19.8,35.72
631430.0,3412230.0,42.6,36.8,19.8,35.72
631530.0,3412230.0,42.6,36.8,19.8,35.72
631630.0,3412230.0,42.6,36.8,19.8,35.72
631730.0,3412230.0,42.6,36.8,19.8,35.72
631830.0,3412230.0,42.6,36.8,19.8,35.72
631930.0,3412230.0,42.6,36.8,19.8,35.72
632030.0,3412230.0,42.6,36.8,19.8,35.72
632130.0,3412230.0,42.6,36.8,19.8,35.72
632230.0,3412230.0,42.6,36.8,19.8,35.72
632330.0,3412230.0,42.6,36.8,19.8,35.72
632430.0,3412230.0,42.6,36.8,19.8,35.72
632530.0,3412230.0,42.6,36.8,19.8,35.72
632630.0,3412230.0,42.6,36.8,19.8,35.72
632730.0,3412230.0,42.6,36.8,19.8,35.72
632830.0,3412230.0,42.6,36.8,19.8,35.72
632930.0,3412230.0,42.6,36.8,19.8,35.72
633030.0,3412230.0,42.6,36.8,19.8,35.72
633130.0,3412230.0,42.6,36.8,19.8,35.72
633230.0,3412230.0,42.6,36.8,19.8,35.72
633330.0,3412230.0,42.6,36.8,19.8,35.72
633430.0,3412230.0,42.6,36.8,19.8,35.72
633530.0,3412230.0,42.6,36.8,19.8,35.72
633630.0,3412230.0,42.6,36.8,19.8,35.72
633730.0,3412230.0,42.6,36.8,19.8,35.72
633830.0,3412230.0,42.6,36.8,19.8,35.72
633930.0,3412230.0,42.6,36.8,19.8,35.72
634030.0,3412230.0,42.6,36.8,19.8,35.72
634130.0,3412230.0,42.6,36.8,19.8,35.72
634230.0,3412230.0,42.6,36.8,19.8,35.72
634330.0,3412230.0,42.6,36.8,19.8,35.72
623930.0,3412130.0,42.6,36.8,19.8,35.72
624030.0,3412130.0,42.6,36.8,19.8,35.72
624130.0,3412130.0,42.6,36.8,19.8,35.72
624230.0,3412130.0,42.6,36.8,19.8,35.72
624330.0,3412130.0,42.6,36.8,19.8,35.72
624430.0,3412130.0,42.6,36.8,19.8,35.72
624530.0,3412130.0,42.6,36.8,19.8,35.72
624630.0,3412130.0,42.6,36.8,19.8,35.72
624730.0,3412130.0,42.6,36.8,19.8,35.72
624830.0,3412130.0,42.6,36.8,19.8,35.72
624930.0,3412130.0,42.6,36.8,19.8,35.72
625030.0,3412130.0,42.6,36.8,19.8,35.72
625130.0,3412130.0,42.6,36.8,19.8,35.72
625230.0,3412130.0,42.6,36.8,19.8,35.72
625330.0,3412130.0,42.6,36.8,19.8,35.72
625430.0,3412130.0,42.6,36.8,19.8,35.72
625530.0,3412130.0,42.6,36.8,19.8,35.72
625630.0,3412130.0,42.6,36.8,19.8,35.72
625730.0,3412130.0,42.6,36.8,19.8,35.72
625830.0,3412130.0,42.6,36.8,19.8,35.72
625930.0,3412130.0,42.6,36.8,19.8,35.72
626030.0,3412130.0,42.6,36.8,19.8,35.72
626130.0,3412130.0,42.6,36.8,19.8,35.72
626230.0,3412130.0,42.6,36.8,19.8,35.72
626330.0,3412130.0,42.6,36.8,19.8,35.72
626430.0,3412130.0,42.6,36.8,19.8,35.72
626530.0,3412130.0,42.6,36.8,19.8,35.72
626630.0,3412130.0,42.6,36.8,19.8,35.72
626730.0,3412130.0,42.6,36.8,19.8,35.72
626830.0,3412130.0,42.6,36.8,19.8,35.72
626930.0,3412130.0,42.6,36.8,19.8,35.72
627030.0,3412130.0,42.6,36.8,19.8,35.72
627130.0,3412130.0,42.6,36.8,19.8,35.72
627230.0,3412130.0,42.6,36.8,19.8,35.72
627330.0,3412130.0,42.6,36.8,19.8,35.72
627430.0,3412130.0,42.6,36.8,19.8,35.72
627530.0,3412130.0,42.6,36.8,19.8,35.72
627630.0,3412130.0,42.6,36.8,19.8,35.72
627730.0,3412130.0,42.6,36.8,19.8,35.72
627830.0,3412130.0,42.6,36.8,19.8,35.72
627930.0,3412130.0,42.6,36.8,19.8,35.72
628030.0,3412130.0,42.6,36.8,19.8,35.72
628130.0,3412130.0,42.6,36.8,19.8,35.72
628230.0,3412130.0,42.6,36.8,19.8,35.72
628330.0,3412130.0,42.6,36.8,19.8,35.72
628430.0,3412130.0,42.6,36.8,19.8,35.72
628530.0,3412130.0,42.6,36.8,19.8,35.72
628630.0,3412130.0,42.6,36.8,19.8,35.72
628730.0,3412130.0,42.6,36.8,19.8,35.72
628830.0,3412130.0,42.6,36.8,19.8,35.72
628930.0,3412130.0,42.6,36.8,19.8,35.72
629030.0,3412130.0,42.6,36.8,19.8,35.72
629130.0,3412130.0,42.6,36.8,19.8,35.72
629230.0,3412130.0,42.6,36.8,19.8,35.72
629330.0,3412130.0,42.6,36.8,19.8,35.72
629430.0,3412130.0,42.6,36.8,19.8,35.72
629530.0,3412130.0,42.6,36.8,19.8,35.72
629630.0,3412130.0,42.6,36.8,19.8,35.72
629730.0,3412130.0,42.6,36.8,19.8,35.72
629830.0,3412130.0,42.6,36.8,19.8,35.72
629930.0,3412130.0,42.6,36.8,19.8,35.72
630030.0,3412130.0,42.6,36.8,19.8,35.72
630130.0,3412130.0,42.6,36.8,19.8,35.72
630230.0,3412130.0,42.6,36.8,19.8,35.72
630330.0,3412130.0,42.6,36.8,19.8,35.72
630430.0,3412130.0,42.6,36.8,19.8,35.72
630530.0,3412130.0,42.6,36.8,19.8,35.72
630630.0,3412130.0,42.6,36.8,19.8,35.72
630730.0,3412130.0,42.6,36.8,19.8,35.72
630830.0,3412130.0,42.6,36.8,19.8,35.72
630930.0,3412130.0,42.6,36.8,19.8,35.72
631030.0,3412130.0,42.6,36.8,19.8,35.72
631130.0,3412130.0,42.6,36.8,19.8,35.72
631230.0,3412130.0,42.6,36.8,19.8,35.72
631330.0,3412130.0,42.6,36.8,19.8,35.72
631430.0,3412130.0,42.6,36.8,19.8,35.72
631530.0,3412130.0,42.6,36.8,19.8,35.72
631630.0,3412130.0,42.6,36.8,19.8,35.72
631730.0,3412130.0,42.6,36.8,19.8,35.72
631830.0,3412130.0,42.6,36.8,19.8,35.72
631930.0,3412130.0,42.6,36.8,19.8,35.72
632030.0,3412130.0,42.6,36.8,19.8,35.72
632130.0,3412130.0,42.6,36.8,19.8,35.72
632230.0,3412130.0,42.6,36.8,19.8,35.72
632330.0,3412130.0,42.6,36.8,19.8,35.72
632430.0,3412130.0,42.6,36.8,19.8,35.72
632530.0,3412130.0,42.6,36.8,19.8,35.72
632630.0,3412130.0,42.6,36.8,19.8,35.72
632730.0,3412130.0,42.6,36.8,19.8,35.72
632830.0,3412130.0,42.6,36.8,19.8,35.72
632930.0,3412130.0,42.6,36.8,19.8,35.72
633030.0,3412130.0,42.6,36.8,19.8,35.72
633130.0,3412130.0,42.6,36.8,19.8,35.72
633230.0,3412130.0,42.6,36.8,19.8,35.72
633330.0,3412130.0,42.6,36.8,19.8,35.72
633430.0,3412130.0,42.6,36.8,19.8,35.72
633530.0,3412130.0,42.6,36.8,19.8,35.72
633630.0,3412130.0,42.6,36.8,19.8,35.72
633730.0,3412130.0,42.6,36.8,19.8,35.72
633830.0,3412130.0,42.6,36.8,19.8,35.72
633930.0,3412130.0,42.6,36.8,19.8,35.72
634030.0,3412130.0,42.6,36.8,19.8,35.72
634130.0,3412130.0,42.6,36.8,19.8,35.72
634230.0,3412130.0,42.6,36.8,19.8,35.72
623730.0,3412030.0,42.6,36.8,19.8,35.72
623830.0,3412030.0,42.6,36.8,19.8,35.72
623930.0,3412030.0,42.6,36.8,19.8,35.72
624030.0,3412030.0,42.6,36.8,19.8,35.72
624130.0,3412030.0,42.6,36.8,19.8,35.72
624230.0,3412030.0,42.6,36.8,19.8,35.72
624330.0,3412030.0,42.6,36.8,19.8,35.72
624430.0,3412030.0,42.6,36.8,19.8,35.72
624530.0,3412030.0,42.6,36.8,19.8,35.72
624630.0,3412030.0,42.6,36.8,19.8,35.72
624730.0,3412030.0,42.6,36.8,19.8,35.72
624830.0,3412030.0,42.6,36.8,19.8,35.72
624930.0,3412030.0,42.6,36.8,19.8,35.72
625030.0,3412030.0,42.6,36.8,19.8,35.72
625130.0,3412030.0,42.6,36.8,19.8,35.72
625230.0,3412030.0,42.6,36.8,19.8,35.72
625330.0,3412030.0,42.6,36.8,19.8,35.72
625430.0,3412030.0,42.6,36.8,19.8,35.72
625530.0,3412030.0,42.6,36.8,19.8,35.72
625630.0,3412030.0,42.6,36.8,19.8,35.72
625730.0,3412030.0,42.6,36.8,19.8,35.72
625830.0,3412030.0,42.6,36.8,19.8,35.72
625930.0,3412030.0,42.6,36.8,19.8,35.72
626030.0,3412030.0,42.6,36.8,19.8,35.72
626130.0,3412030.0,42.6,36.8,19.8,35.72
626230.0,3412030.0,42.6,36.8,19.8,35.72
626330.0,3412030.0,42.6,36.8,19.8,35.72
626430.0,3412030.0,42.6,36.8,19.8,35.72
626530.0,3412030.0,42.6,36.8,19.8,35.72
626630.0,3412030.0,42.6,36.8,19.8,35.72
626730.0,3412030.0,42.6,36.8,19.8,35.72
626830.0,3412030.0,42.6,36.8,19.8,35.72
626930.0,3412030.0,42.6,36.8,19.8,35.72
627030.0,3412030.0,42.6,36.8,19.8,35.72
627130.0,3412030.0,42.6,36.8,19.8,35.72
627230.0,3412030.0,42.6,36.8,19.8,35.72
627330.0,3412030.0,42.6,36.8,19.8,35.72
627430.0,3412030.0,42.6,36.8,19.8,35.72
627530.0,3412030.0,42.6,36.8,19.8,35.72
627630.0,3412030.0,42.6,36.8,19.8,35.72
627730.0,3412030.0,42.6,36.8,19.8,35.72
627830.0,3412030.0,42.6,36.8,19.8,35.72
627930.0,3412030.0,42.6,36.8,19.8,35.72
628030.0,3412030.0,42.6,36.8,19.8,35.72
628130.0,3412030.0,42.6,36.8,19.8,35.72
628230.0,3412030.0,42.6,36.8,19.8,35.72
628330.0,3412030.0,42.6,36.8,19.8,35.72
628430.0,3412030.0,42.6,36.8,19.8,35.72
628530.0,3412030.0,42.6,36.8,19.8,35.72
628630.0,3412030.0,42.6,36.8,19.8,35.72
628730.0,3412030.0,42.6,36.8,19.8,35.72
628830.0,3412030.0,42.6,36.8,19.8,35.72
628930.0,3412030.0,42.6,36.8,19.8,35.72
629030.0,3412030.0,42.6,36.8,19.8,35.72
629130.0,3412030.0,42.6,36.8,19.8,35.72
629230.0,3412030.0,42.6,36.8,19.8,35.72
629330.0,3412030.0,42.6,36.8,19.8,35.72
629430.0,3412030.0,42.6,36.8,19.8,35.72
629530.0,3412030.0,42.6,36.8,19.8,35.72
629630.0,3412030.0,42.6,36.8,19.8,35.72
629730.0,3412030.0,42.6,36.8,19.8,35.72
629830.0,3412030.0,42.6,36.8,19.8,35.72
629930.0,3412030.0,42.6,36.8,19.8,35.72
630030.0,3412030.0,42.6,36.8,19.8,35.72
630130.0,3412030.0,42.6,36.8,19.8,35.72
630230.0,3412030.0,42.6,36.8,19.8,35.72
630330.0,3412030.0,42.6,36.8,19.8,35.72
630430.0,3412030.0,42.6,36.8,19.8,35.72
630530.0,3412030.0,42.6,36.8,19.8,35.72
630630.0,3412030.0,42.6,36.8,19.8,35.72
630730.0,3412030.0,42.6,36.8,19.8,35.72
630830.0,3412030.0,42.6,36.8,19.8,35.72
630930.0,3412030.0,42.6,36.8,19.8,35.72
631030.0,3412030.0,42.6,36.8,19.8,35.72
631130.0,3412030.0,42.6,36.8,19.8,35.72
631230.0,3412030.0,42.6,36.8,19.8,35.72
631330.0,3412030.0,42.6,36.8,19.8,35.72
631430.0,3412030.0,42.6,36.8,19.8,35.72
631530.0,3412030.0,42.6,36.8,19.8,35.72
631630.0,3412030.0,42.6,36.8,19.8,35.72
631730.0,3412030.0,42.6,36.8,19.8,35.72
631830.0,3412030.0,42.6,36.8,19.8,35.72
631930.0,3412030.0,42.6,36.8,19.8,35.72
632030.0,3412030.0,42.6,36.8,19.8,35.72
632130.0,3412030.0,42.6,36.8,19.8,35.72
632230.0,3412030.0,42.6,36.8,19.8,35.72
632330.0,3412030.0,42.6,36.8,19.8,35.72
632430.0,3412030.0,42.6,36.8,19.8,35.72
632530.0,3412030.0,42.6,36.8,19.8,35.72
632630.0,3412030.0,42.6,36.8,19.8,35.72
632730.0,3412030.0,42.6,36.8,19.8,35.72
632830.0,3412030.0,42.6,36.8,19.8,35.72
632930.0,3412030.0,42.6,36.8,19.8,35.72
633030.0,3412030.0,42.6,36.8,19.8,35.72
633130.0,3412030.0,42.6,36.8,19.8,35.72
633230.0,3412030.0,42.6,36.8,19.8,35.72
633330.0,3412030.0,42.6,36.8,19.8,35.72
633430.0,3412030.0,42.6,36.8,19.8,35.72
633530.0,3412030.0,42.6,36.8,19.8,35.72
633630.0,3412030.0,42.6,36.8,19.8,35.72
633730.0,3412030.0,42.6,36.8,19.8,35.72
633830.0,3412030.0,42.6,36.8,19.8,35.72
633930.0,3412030.0,42.6,36.8,19.8,35.72
634030.0,3412030.0,42.6,36.8,19.8,35.72
634130.0,3412030.0,42.6,36.8,19.8,35.72
634230.0,3412030.0,42.6,36.8,19.8,35.72
623630.0,3411930.0,42.6,36.8,19.8,35.72
623730.0,3411930.0,42.6,36.8,19.8,35.72
623830.0,3411930.0,42.6,36.8,19.8,35.72
623930.0,3411930.0,42.6,36.8,19.8,35.72
624030.0,3411930.0,42.6,36.8,19.8,35.72
624130.0,3411930.0,42.6,36.8,19.8,35.72
624230.0,3411930.0,42.6,36.8,19.8,35.72
624330.0,3411930.0,42.6,36.8,19.8,35.72
624430.0,3411930.0,42.6,36.8,19.8,35.72
624530.0,3411930.0,42.6,36.8,19.8,35.72
624630.0,3411930.0,42.6,36.8,19.8,35.72
624730.0,3411930.0,42.6,36.8,19.8,35.72
624830.0,3411930.0,42.6,36.8,19.8,35.72
624930.0,3411930.0,42.6,36.8,19.8,35.72
625030.0,3411930.0,42.6,36.8,19.8,35.72
625130.0,3411930.0,42.6,36.8,19.8,35.72
625230.0,3411930.0,42.6,36.8,19.8,35.72
625330.0,3411930.0,42.6,36.8,19.8,35.72
625430.0,3411930.0,42.6,36.8,19.8,35.72
625530.0,3411930.0,42.6,36.8,19.8,35.72
625630.0,3411930.0,42.6,36.8,19.8,35.72
625730.0,3411930.0,42.6,36.8,19.8,35.72
625830.0,3411930.0,42.6,36.8,19.8,35.72
625930.0,3411930.0,42.6,36.8,19.8,35.72
626030.0,3411930.0,42.6,36.8,19.8,35.72
626130.0,3411930.0,42.6,36.8,19.8,35.72
626230.0,3411930.0,42.6,36.8,19.8,35.72
626330.0,3411930.0,42.6,36.8,19.8,35.72
626430.0,3411930.0,42.6,36.8,19.8,35.72
626530.0,3411930.0,42.6,36.8,19.8,35.72
626630.0,3411930.0,42.6,36.8,19.8,35.72
626730.0,3411930.0,42.6,36.8,19.8,35.72
626830.0,3411930.0,42.6,36.8,19.8,35.72
626930.0,3411930.0,42.6,36.8,19.8,35.72
627030.0,3411930.0,42.6,36.8,19.8,35.72
627130.0,3411930.0,42.6,36.8,19.8,35.72
627230.0,3411930.0,42.6,36.8,19.8,35.72
627330.0,3411930.0,42.6,36.8,19.8,35.72
627430.0,3411930.0,42.6,36.8,19.8,35.72
627530.0,3411930.0,42.6,36.8,19.8,35.72
627630.0,3411930.0,42.6,36.8,19.8,35.72
627730.0,3411930.0,42.6,36.8,19.8,35.72
627830.0,3411930.0,42.6,36.8,19.8,35.72
627930.0,3411930.0,42.6,36.8,19.8,35.72
628030.0,3411930.0,42.6,36.8,19.8,35.72
628130.0,3411930.0,42.6,36.8,19.8,35.72
628230.0,3411930.0,42.6,36.8,19.8,35.72
628330.0,3411930.0,42.6,36.8,19.8,35.72
628430.0,3411930.0,42.6,36.8,19.8,35.72
628530.0,3411930.0,42.6,36.8,19.8,35.72
628630.0,3411930.0,42.6,36.8,19.8,35.72
628730.0,3411930.0,42.6,36.8,19.8,35.72
628830.0,3411930.0,42.6,36.8,19.8,35.72
628930.0,3411930.0,42.6,36.8,19.8,35.72
629030.0,3411930.0,42.6,36.8,19.8,35.72
629130.0,3411930.0,42.6,36.8,19.8,35.72
629230.0,3411930.0,42.6,36.8,19.8,35.72
629330.0,3411930.0,42.6,36.8,19.8,35.72
629430.0,3411930.0,42.6,36.8,19.8,35.72
629530.0,3411930.0,42.6,36.8,19.8,35.72
629630.0,3411930.0,42.6,36.8,19.8,35.72
629730.0,3411930.0,42.6,36.8,19.8,35.72
629830.0,3411930.0,42.6,36.8,19.8,35.72
629930.0,3411930.0,42.6,36.8,19.8,35.72
630030.0,3411930.0,42.6,36.8,19.8,35.72
630130.0,3411930.0,42.6,36.8,19.8,35.72
630230.0,3411930.0,42.6,36.8,19.8,35.72
630330.0,3411930.0,42.6,36.8,19.8,35.72
630430.0,3411930.0,42.6,36.8,19.8,35.72
630530.0,3411930.0,42.6,36.8,19.8,35.72
630630.0,3411930.0,42.6,36.8,19.8,35.72
630730.0,3411930.0,42.6,36.8,19.8,35.72
630830.0,3411930.0,42.6,36.8,19.8,35.72
630930.0,3411930.0,42.6,36.8,19.8,35.72
631030.0,3411930.0,42.6,36.8,19.8,35.72
631130.0,3411930.0,42.6,36.8,19.8,35.72
631230.0,3411930.0,42.6,36.8,19.8,35.72
631330.0,3411930.0,42.6,36.8,19.8,35.72
631430.0,3411930.0,42.6,36.8,19.8,35.72
631530.0,3411930.0,42.6,36.8,19.8,35.72
631630.0,3411930.0,42.6,36.8,19.8,35.72
631730.0,3411930.0,42.6,36.8,19.8,35.72
631830.0,3411930.0,42.6,36.8,19.8,35.72
631930.0,3411930.0,42.6,36.8,19.8,35.72
632030.0,3411930.0,42.6,36.8,19.8,35.72
632130.0,3411930.0,42.6,36.8,19.8,35.72
632230.0,3411930.0,42.6,36.8,19.8,35.72
632330.0,3411930.0,42.6,36.8,19.8,35.72
632430.0,3411930.0,42.6,36.8,19.8,35.72
632530.0,3411930.0,42.6,36.8,19.8,35.72
632630.0,3411930.0,42.6,36.8,19.8,35.72
632730.0,3411930.0,42.6,36.8,19.8,35.72
632830.0,3411930.0,42.6,36.8,19.8,35.72
632930.0,3411930.0,42.6,36.8,19.8,35.72
633030.0,3411930.0,42.6,36.8,19.8,35.72
633130.0,3411930.0,42.6,36.8,19.8,35.72
633230.0,3411930.0,42.6,36.8,19.8,35.72
633330.0,3411930.0,42.6,36.8,19.8,35.72
633430.0,3411930.0,42.6,36.8,19.8,35.72
633530.0,3411930.0,42.6,36.8,19.8,35.72
633630.0,3411930.0,42.6,36.8,19.8,35.72
633730.0,3411930.0,42.6,36.8,19.8,35.72
633830.0,3411930.0,42.6,36.8,19.8,35.72
633930.0,3411930.0,42.6,36.8,19.8,35.72
634030.0,3411930.0,42.6,36.8,19.8,35.72
634130.0,3411930.0,42.6,36.8,19.8,35.72
623530.0,3411830.0,42.6,36.8,19.8,35.72
623630.0,3411830.0,42.6,36.8,19.8,35.72
623730.0,3411830.0,42.6,36.8,19.8,35.72
623830.0,3411830.0,42.6,36.8,19.8,35.72
623930.0,3411830.0,42.6,36.8,19.8,35.72
624030.0,3411830.0,42.6,36.8,19.8,35.72
624130.0,3411830.0,42.6,36.8,19.8,35.72
624230.0,3411830.0,42.6,36.8,19.8,35.72
624330.0,3411830.0,42.6,36.8,19.8,35.72
624430.0,3411830.0,42.6,36.8,19.8,35.72
624530.0,3411830.0,42.6,36.8,19.8,35.72
624630.0,3411830.0,42.6,36.8,19.8,35.72
624730.0,3411830.0,42.6,36.8,19.8,35.72
624830.0,3411830.0,42.6,36.8,19.8,35.72
624930.0,3411830.0,42.6,36.8,19.8,35.72
625030.0,3411830.0,42.6,36.8,19.8,35.72
625130.0,3411830.0,42.6,36.8,19.8,35.72
625230.0,3411830.0,42.6,36.8,19.8,35.72
625330.0,3411830.0,42.6,36.8,19.8,35.72
625430.0,3411830.0,42.6,36.8,19.8,35.72
625530.0,3411830.0,42.6,36.8,19.8,35.72
625630.0,3411830.0,42.6,36.8,19.8,35.72
625730.0,3411830.0,42.6,36.8,19.8,35.72
625830.0,3411830.0,42.6,36.8,19.8,35.72
625930.0,3411830.0,42.6,36.8,19.8,35.72
626030.0,3411830.0,42.6,36.8,19.8,35.72
626130.0,3411830.0,42.6,36.8,19.8,35.72
626230.0,3411830.0,42.6,36.8,19.8,35.72
626330.0,3411830.0,42.6,36.8,19.8,35.72
626430.0,3411830.0,42.6,36.8,19.8,35.72
626530.0,3411830.0,42.6,36.8,19.8,35.72
626630.0,3411830.0,42.6,36.8,19.8,35.72
626730.0,3411830.0,42.6,36.8,19.8,35.72
626830.0,3411830.0,42.6,36.8,19.8,35.72
626930.0,3411830.0,42.6,36.8,19.8,35.72
627030.0,3411830.0,42.6,36.8,19.8,35.72
627130.0,3411830.0,42.6,36.8,19.8,35.72
627230.0,3411830.0,42.6,36.8,19.8,35.72
627330.0,3411830.0,42.6,36.8,19.8,35.72
627430.0,3411830.0,42.6,36.8,19.8,35.72
627530.0,3411830.0,42.6,36.8,19.8,35.72
627630.0,3411830.0,42.6,36.8,19.8,35.72
627730.0,3411830.0,42.6,36.8,19.8,35.72
627830.0,3411830.0,42.6,36.8,19.8,35.72
627930.0,3411830.0,42.6,36.8,19.8,35.72
628030.0,3411830.0,42.6,36.8,19.8,35.72
628130.0,3411830.0,42.6,36.8,19.8,35.72
628230.0,3411830.0,42.6,36.8,19.8,35.72
628330.0,3411830.0,42.6,36.8,19.8,35.72
628430.0,3411830.0,42.6,36.8,19.8,35.72
628530.0,3411830.0,42.6,36.8,19.8,35.72
628630.0,3411830.0,42.6,36.8,19.8,35.72
628730.0,3411830.0,42.6,36.8,19.8,35.72
628830.0,3411830.0,42.6,36.8,19.8,35.72
628930.0,3411830.0,42.6,36.8,19.8,35.72
629030.0,3411830.0,42.6,36.8,19.8,35.72
629130.0,3411830.0,42.6,36.8,19.8,35.72
629230.0,3411830.0,42.6,36.8,19.8,35.72
629330.0,3411830.0,42.6,36.8,19.8,35.72
629430.0,3411830.0,42.6,36.8,19.8,35.72
629530.0,3411830.0,42.6,36.8,19.8,35.72
629630.0,3411830.0,42.6,36.8,19.8,35.72
629730.0,3411830.0,42.6,36.8,19.8,35.72
629830.0,3411830.0,42.6,36.8,19.8,35.72
629930.0,3411830.0,42.6,36.8,19.8,35.72
630030.0,3411830.0,42.6,36.8,19.8,35.72
630130.0,3411830.0,42.6,36.8,19.8,35.72
630230.0,3411830.0,42.6,36.8,19.8,35.72
630330.0,3411830.0,42.6,36.8,19.8,35.72
630430.0,3411830.0,42.6,36.8,19.8,35.72
630530.0,3411830.0,42.6,36.8,19.8,35.72
630630.0,3411830.0,42.6,36.8,19.8,35.72
630730.0,3411830.0,42.6,36.8,19.8,35.72
630830.0,3411830.0,42.6,36.8,19.8,35.72
630930.0,3411830.0,42.6,36.8,19.8,35.72
631030.0,3411830.0,42.6,36.8,19.8,35.72
631130.0,3411830.0,42.6,36.8,19.8,35.72
631230.0,3411830.0,42.6,36.8,19.8,35.72
631330.0,3411830.0,42.6,36.8,19.8,35.72
631430.0,3411830.0,42.6,36.8,19.8,35.72
631530.0,3411830.0,42.6,36.8,19.8,35.72
631630.0,3411830.0,42.6,36.8,19.8,35.72
631730.0,3411830.0,42.6,36.8,19.8,35.72
631830.0,3411830.0,42.6,36.8,19.8,35.72
631930.0,3411830.0,42.6,36.8,19.8,35.72
632030.0,3411830.0,42.6,36.8,19.8,35.72
632130.0,3411830.0,42.6,36.8,19.8,35.72
632230.0,3411830.0,42.6,36.8,19.8,35.72
632330.0,3411830.0,42.6,36.8,19.8,35.72
632430.0,3411830.0,42.6,36.8,19.8,35.72
632530.0,3411830.0,42.6,36.8,19.8,35.72
632630.0,3411830.0,42.6,36.8,19.8,35.72
632730.0,3411830.0,42.6,36.8,19.8,35.72
632830.0,3411830.0,42.6,36.8,19.8,35.72
632930.0,3411830.0,42.6,36.8,19.8,35.72
633030.0,3411830.0,42.6,36.8,19.8,35.72
633130.0,3411830.0,42.6,36.8,19.8,35.72
633230.0,3411830.0,42.6,36.8,19.8,35.72
633330.0,3411830.0,42.6,36.8,19.8,35.72
633430.0,3411830.0,42.6,36.8,19.8,35.72
633530.0,3411830.0,42.6,36.8,19.8,35.72
633630.0,3411830.0,42.6,36.8,19.8,35.72
633730.0,3411830.0,42.6,36.8,19.8,35.72
633830.0,3411830.0,42.6,36.8,19.8,35.72
633930.0,3411830.0,42.6,36.8,19.8,35.72
634030.0,3411830.0,42.6,36.8,19.8,35.72
634130.0,3411830.0,42.6,36.8,19.8,35.72
623530.0,3411730.0,42.6,36.8,19.8,35.72
623630.0,3411730.0,42.6,36.8,19.8,35.72
623730.0,3411730.0,42.6,36.8,19.8,35.72
623830.0,3411730.0,42.6,36.8,19.8,35.72
623930.0,3411730.0,42.6,36.8,19.8,35.72
624030.0,3411730.0,42.6,36.8,19.8,35.72
624130.0,3411730.0,42.6,36.8,19.8,35.72
624230.0,3411730.0,42.6,36.8,19.8,35.72
624330.0,3411730.0,42.6,36.8,19.8,35.72
624430.0,3411730.0,42.6,36.8,19.8,35.72
624530.0,3411730.0,42.6,36.8,19.8,35.72
624630.0,3411730.0,42.6,36.8,19.8,35.72
624730.0,3411730.0,42.6,36.8,19.8,35.72
624830.0,3411730.0,42.6,36.8,19.8,35.72
624930.0,3411730.0,42.6,36.8,19.8,35.72
625030.0,3411730.0,42.6,36.8,19.8,35.72
625130.0,3411730.0,42.6,36.8,19.8,35.72
625230.0,3411730.0,42.6,36.8,19.8,35.72
625330.0,3411730.0,42.6,36.8,19.8,35.72
625430.0,3411730.0,42.6,36.8,19.8,35.72
625530.0,3411730.0,42.6,36.8,19.8,35.72
625630.0,3411730.0,42.6,36.8,19.8,35.72
625730.0,3411730.0,42.6,36.8,19.8,35.72
625830.0,3411730.0,42.6,36.8,19.8,35.72
625930.0,3411730.0,42.6,36.8,19.8,35.72
626030.0,3411730.0,42.6,36.8,19.8,35.72
626130.0,3411730.0,42.6,36.8,19.8,35.72
626230.0,3411730.0,42.6,36.8,19.8,35.72
626330.0,3411730.0,42.6,36.8,19.8,35.72
626430.0,3411730.0,42.6,36.8,19.8,35.72
626530.0,3411730.0,42.6,36.8,19.8,35.72
626630.0,3411730.0,42.6,36.8,19.8,35.72
626730.0,3411730.0,42.6,36.8,19.8,35.72
626830.0,3411730.0,42.6,36.8,19.8,35.72
626930.0,3411730.0,42.6,36.8,19.8,35.72
627030.0,3411730.0,42.6,36.8,19.8,35.72
627130.0,3411730.0,42.6,36.8,19.8,35.72
627230.0,3411730.0,42.6,36.8,19.8,35.72
627330.0,3411730.0,42.6,36.8,19.8,35.72
627430.0,3411730.0,42.6,36.8,19.8,35.72
627530.0,3411730.0,42.6,36.8,19.8,35.72
627630.0,3411730.0,42.6,36.8,19.8,35.72
627730.0,3411730.0,42.6,36.8,19.8,35.72
627830.0,3411730.0,42.6,36.8,19.8,35.72
627930.0,3411730.0,42.6,36.8,19.8,35.72
628030.0,3411730.0,42.6,36.8,19.8,35.72
628130.0,3411730.0,42.6,36.8,19.8,35.72
628230.0,3411730.0,42.6,36.8,19.8,35.72
628330.0,3411730.0,42.6,36.8,19.8,35.72
628430.0,3411730.0,42.6,36.8,19.8,35.72
628530.0,3411730.0,42.6,36.8,19.8,35.72
628630.0,3411730.0,42.6,36.8,19.8,35.72
628730.0,3411730.0,42.6,36.8,19.8,35.72
628830.0,3411730.0,42.6,36.8,19.8,35.72
628930.0,3411730.0,42.6,36.8,19.8,35.72
629030.0,3411730.0,42.6,36.8,19.8,35.72
629130.0,3411730.0,42.6,36.8,19.8,35.72
629230.0,3411730.0,42.6,36.8,19.8,35.72
629330.0,3411730.0,42.6,36.8,19.8,35.72
629430.0,3411730.0,42.6,36.8,19.8,35.72
629530.0,3411730.0,42.6,36.8,19.8,35.72
629630.0,3411730.0,42.6,36.8,19.8,35.72
629730.0,3411730.0,42.6,36.8,19.8,35.72
629830.0,3411730.0,42.6,36.8,19.8,35.72
629930.0,3411730.0,42.6,36.8,19.8,35.72
630030.0,3411730.0,42.6,36.8,19.8,35.72
630130.0,3411730.0,42.6,36.8,19.8,35.72
630230.0,3411730.0,42.6,36.8,19.8,35.72
630330.0,3411730.0,42.6,36.8,19.8,35.72
630430.0,3411730.0,42.6,36.8,19.8,35.72
630530.0,3411730.0,42.6,36.8,19.8,35.72
630630.0,3411730.0,42.6,36.8,19.8,35.72
630730.0,3411730.0,42.6,36.8,19.8,35.72
630830.0,3411730.0,42.6,36.8,19.8,35.72
630930.0,3411730.0,42.6,36.8,19.8,35.72
631030.0,3411730.0,42.6,36.8,19.8,35.72
631130.0,3411730.0,42.6,36.8,19.8,35.72
631230.0,3411730.0,42.6,36.8,19.8,35.72
631330.0,3411730.0,42.6,36.8,19.8,35.72
631430.0,3411730.0,42.6,36.8,19.8,35.72
631530.0,3411730.0,42.6,36.8,19.8,35.72
631630.0,3411730.0,42.6,36.8,19.8,35.72
631730.0,3411730.0,42.6,36.8,19.8,35.72
631830.0,3411730.0,42.6,36.8,19.8,35.72
631930.0,3411730.0,42.6,36.8,19.8,35.72
632030.0,3411730.0,42.6,36.8,19.8,35.72
632130.0,3411730.0,42.6,36.8,19.8,35.72
632230.0,3411730.0,42.6,36.8,19.8,35.72
632330.0,3411730.0,42.6,36.8,19.8,35.72
632430.0,3411730.0,42.6,36.8,19.8,35.72
632530.0,3411730.0,42.6,36.8,19.8,35.72
632630.0,3411730.0,42.6,36.8,19.8,35.72
632730.0,3411730.0,42.6,36.8,19.8,35.72
632830.0,3411730.0,42.6,36.8,19.8,35.72
632930.0,3411730.0,42.6,36.8,19.8,35.72
633030.0,3411730.0,42.6,36.8,19.8,35.72
633130.0,3411730.0,42.6,36.8,19.8,35.72
633230.0,3411730.0,42.6,36.8,19.8,35.72
633330.0,3411730.0,42.6,36.8,19.8,35.72
633430.0,3411730.0,42.6,36.8,19.8,35.72
633530.0,3411730.0,42.6,36.8,19.8,35.72
633630.0,3411730.0,42.6,36.8,19.8,35.72
633730.0,3411730.0,42.6,36.8,19.8,35.72
633830.0,3411730.0,42.6,36.8,19.8,35.72
633930.0,3411730.0,42.6,36.8,19.8,35.72
634030.0,3411730.0,42.6,36.8,19.8,35.72
623330.0,3411630.0,42.6,36.8,19.8,35.72
623430.0,3411630.0,42.6,36.8,19.8,35.72
623530.0,3411630.0,42.6,36.8,19.8,35.72
623630.0,3411630.0,42.6,36.8,19.8,35.72
623730.0,3411630.0,42.6,36.8,19.8,35.72
623830.0,3411630.0,42.6,36.8,19.8,35.72
623930.0,3411630.0,42.6,36.8,19.8,35.72
624030.0,3411630.0,42.6,36.8,19.8,35.72
624130.0,3411630.0,42.6,36.8,19.8,35.72
624230.0,3411630.0,42.6,36.8,19.8,35.72
624330.0,3411630.0,42.6,36.8,19.8,35.72
624430.0,3411630.0,42.6,36.8,19.8,35.72
624530.0,3411630.0,42.6,36.8,19.8,35.72
624630.0,3411630.0,42.6,36.8,19.8,35.72
624730.0,3411630.0,42.6,36.8,19.8,35.72
624830.0,3411630.0,42.6,36.8,19.8,35.72
624930.0,3411630.0,42.6,36.8,19.8,35.72
625030.0,3411630.0,42.6,36.8,19.8,35.72
625130.0,3411630.0,42.6,36.8,19.8,35.72
625230.0,3411630.0,42.6,36.8,19.8,35.72
625330.0,3411630.0,42.6,36.8,19.8,35.72
625430.0,3411630.0,42.6,36.8,19.8,35.72
625530.0,3411630.0,42.6,36.8,19.8,35.72
625630.0,3411630.0,42.6,36.8,19.8,35.72
625730.0,3411630.0,42.6,36.8,19.8,35.72
625830.0,3411630.0,42.6,36.8,19.8,35.72
625930.0,3411630.0,42.6,36.8,19.8,35.72
626030.0,3411630.0,42.6,36.8,19.8,35.72
626130.0,3411630.0,42.6,36.8,19.8,35.72
626230.0,3411630.0,42.6,36.8,19.8,35.72
626330.0,3411630.0,42.6,36.8,19.8,35.72
626430.0,3411630.0,42.6,36.8,19.8,35.72
626530.0,3411630.0,42.6,36.8,19.8,35.72
626630.0,3411630.0,42.6,36.8,19.8,35.72
626730.0,3411630.0,42.6,36.8,19.8,35.72
626830.0,3411630.0,42.6,36.8,19.8,35.72
626930.0,3411630.0,42.6,36.8,19.8,35.72
627030.0,3411630.0,42.6,36.8,19.8,35.72
627130.0,3411630.0,42.6,36.8,19.8,35.72
627230.0,3411630.0,42.6,36.8,19.8,35.72
627330.0,3411630.0,42.6,36.8,19.8,35.72
627430.0,3411630.0,42.6,36.8,19.8,35.72
627530.0,3411630.0,42.6,36.8,19.8,35.72
627630.0,3411630.0,42.6,36.8,19.8,35.72
627730.0,3411630.0,42.6,36.8,19.8,35.72
627830.0,3411630.0,42.6,36.8,19.8,35.72
627930.0,3411630.0,42.6,36.8,19.8,35.72
628030.0,3411630.0,42.6,36.8,19.8,35.72
628130.0,3411630.0,42.6,36.8,19.8,35.72
628230.0,3411630.0,42.6,36.8,19.8,35.72
628330.0,3411630.0,42.6,36.8,19.8,35.72
628430.0,3411630.0,42.6,36.8,19.8,35.72
628530.0,3411630.0,42.6,36.8,19.8,35.72
628630.0,3411630.0,42.6,36.8,19.8,35.72
628730.0,3411630.0,42.6,36.8,19.8,35.72
628830.0,3411630.0,42.6,36.8,19.8,35.72
628930.0,3411630.0,42.6,36.8,19.8,35.72
629030.0,3411630.0,42.6,36.8,19.8,35.72
629130.0,3411630.0,42.6,36.8,19.8,35.72
629230.0,3411630.0,42.6,36.8,19.8,35.72
629330.0,3411630.0,42.6,36.8,19.8,35.72
629430.0,3411630.0,42.6,36.8,19.8,35.72
629530.0,3411630.0,42.6,36.8,19.8,35.72
629630.0,3411630.0,42.6,36.8,19.8,35.72
629730.0,3411630.0,42.6,36.8,19.8,35.72
629830.0,3411630.0,42.6,36.8,19.8,35.72
629930.0,3411630.0,42.6,36.8,19.8,35.72
630030.0,3411630.0,42.6,36.8,19.8,35.72
630130.0,3411630.0,42.6,36.8,19.8,35.72
630230.0,3411630.0,42.6,36.8,19.8,35.72
630330.0,3411630.0,42.6,36.8,19.8,35.72
630430.0,3411630.0,42.6,36.8,19.8,35.72
630530.0,3411630.0,42.6,36.8,19.8,35.72
630630.0,3411630.0,42.6,36.8,19.8,35.72
630730.0,3411630.0,42.6,36.8,19.8,35.72
630830.0,3411630.0,42.6,36.8,19.8,35.72
630930.0,3411630.0,42.6,36.8,19.8,35.72
631030.0,3411630.0,42.6,36.8,19.8,35.72
631130.0,3411630.0,42.6,36.8,19.8,35.72
631230.0,3411630.0,42.6,36.8,19.8,35.72
631330.0,3411630.0,42.6,36.8,19.8,35.72
631430.0,3411630.0,42.6,36.8,19.8,35.72
631530.0,3411630.0,42.6,36.8,19.8,35.72
631630.0,3411630.0,42.6,36.8,19.8,35.72
631730.0,3411630.0,42.6,36.8,19.8,35.72
631830.0,3411630.0,42.6,36.8,19.8,35.72
631930.0,3411630.0,42.6,36.8,19.8,35.72
632030.0,3411630.0,42.6,36.8,19.8,35.72
632130.0,3411630.0,42.6,36.8,19.8,35.72
632230.0,3411630.0,42.6,36.8,19.8,35.72
632330.0,3411630.0,42.6,36.8,19.8,35.72
632430.0,3411630.0,42.6,36.8,19.8,35.72
632530.0,3411630.0,42.6,36.8,19.8,35.72
632630.0,3411630.0,42.6,36.8,19.8,35.72
632730.0,3411630.0,42.6,36.8,19.8,35.72
632830.0,3411630.0,42.6,36.8,19.8,35.72
632930.0,3411630.0,42.6,36.8,19.8,35.72
633030.0,3411630.0,42.6,36.8,19.8,35.72
633130.0,3411630.0,42.6,36.8,19.8,35.72
633230.0,3411630.0,42.6,36.8,19.8,35.72
633330.0,3411630.0,42.6,36.8,19.8,35.72
633430.0,3411630.0,42.6,36.8,19.8,35.72
633530.0,3411630.0,42.6,36.8,19.8,35.72
633630.0,3411630.0,42.6,36.8,19.8,35.72
633730.0,3411630.0,42.6,36.8,19.8,35.72
633830.0,3411630.0,42.6,36.8,19.8,35.72
633930.0,3411630.0,42.6,36.8,19.8,35.72
634030.0,3411630.0,42.6,36.8,19.8,35.72
622630.0,3411530.0,42.6,36.8,19.8,35.72
622730.0,3411530.0,42.6,36.8,19.8,35.72
622830.0,3411530.0,42.6,36.8,19.8,35.72
622930.0,3411530.0,42.6,36.8,19.8,35.72
623030.0,3411530.0,42.6,36.8,19.8,35.72
623130.0,3411530.0,42.6,36.8,19.8,35.72
623230.0,3411530.0,42.6,36.8,19.8,35.72
623330.0,3411530.0,42.6,36.8,19.8,35.72
623430.0,3411530.0,42.6,36.8,19.8,35.72
623530.0,3411530.0,42.6,36.8,19.8,35.72
623630.0,3411530.0,42.6,36.8,19.8,35.72
623730.0,3411530.0,42.6,36.8,19.8,35.72
623830.0,3411530.0,42.6,36.8,19.8,35.72
623930.0,3411530.0,42.6,36.8,19.8,35.72
624030.0,3411530.0,42.6,36.8,19.8,35.72
624130.0,3411530.0,42.6,36.8,19.8,35.72
624230.0,3411530.0,42.6,36.8,19.8,35.72
624330.0,3411530.0,42.6,36.8,19.8,35.72
624430.0,3411530.0,42.6,36.8,19.8,35.72
624530.0,3411530.0,42.6,36.8,19.8,35.72
624630.0,3411530.0,42.6,36.8,19.8,35.72
624730.0,3411530.0,42.6,36.8,19.8,35.72
624830.0,3411530.0,42.6,36.8,19.8,35.72
624930.0,3411530.0,42.6,36.8,19.8,35.72
625030.0,3411530.0,42.6,36.8,19.8,35.72
625130.0,3411530.0,42.6,36.8,19.8,35.72
625230.0,3411530.0,42.6,36.8,19.8,35.72
625330.0,3411530.0,42.6,36.8,19.8,35.72
625430.0,3411530.0,42.6,36.8,19.8,35.72
625530.0,3411530.0,42.6,36.8,19.8,35.72
625630.0,3411530.0,42.6,36.8,19.8,35.72
625730.0,3411530.0,42.6,36.8,19.8,35.72
625830.0,3411530.0,42.6,36.8,19.8,35.72
625930.0,3411530.0,42.6,36.8,19.8,35.72
626030.0,3411530.0,42.6,36.8,19.8,35.72
626130.0,3411530.0,42.6,36.8,19.8,35.72
626230.0,3411530.0,42.6,36.8,19.8,35.72
626330.0,3411530.0,42.6,36.8,19.8,35.72
626430.0,3411530.0,42.6,36.8,19.8,35.72
626530.0,3411530.0,42.6,36.8,19.8,35.72
626630.0,3411530.0,42.6,36.8,19.8,35.72
626730.0,3411530.0,42.6,36.8,19.8,35.72
626830.0,3411530.0,42.6,36.8,19.8,35.72
626930.0,3411530.0,42.6,36.8,19.8,35.72
627030.0,3411530.0,42.6,36.8,19.8,35.72
627130.0,3411530.0,42.6,36.8,19.8,35.72
627230.0,3411530.0,42.6,36.8,19.8,35.72
627330.0,3411530.0,42.6,36.8,19.8,35.72
627430.0,3411530.0,42.6,36.8,19.8,35.72
627530.0,3411530.0,42.6,36.8,19.8,35.72
627630.0,3411530.0,42.6,36.8,19.8,35.72
627730.0,3411530.0,42.6,36.8,19.8,35.72
627830.0,3411530.0,42.6,36.8,19.8,35.72
627930.0,3411530.0,42.6,36.8,19.8,35.72
628030.0,3411530.0,42.6,36.8,19.8,35.72
628130.0,3411530.0,42.6,36.8,19.8,35.72
628230.0,3411530.0,42.6,36.8,19.8,35.72
628330.0,3411530.0,42.6,36.8,19.8,35.72
628430.0,3411530.0,42.6,36.8,19.8,35.72
628530.0,3411530.0,42.6,36.8,19.8,35.72
628630.0,3411530.0,42.6,36.8,19.8,35.72
628730.0,3411530.0,42.6,36.8,19.8,35.72
628830.0,3411530.0,42.6,36.8,19.8,35.72
628930.0,3411530.0,42.6,36.8,19.8,35.72
629030.0,3411530.0,42.6,36.8,19.8,35.72
629130.0,3411530.0,42.6,36.8,19.8,35.72
629230.0,3411530.0,42.6,36.8,19.8,35.72
629330.0,3411530.0,42.6,36.8,19.8,35.72
629430.0,3411530.0,42.6,36.8,19.8,35.72
629530.0,3411530.0,42.6,36.8,19.8,35.72
629630.0,3411530.0,42.6,36.8,19.8,35.72
629730.0,3411530.0,42.6,36.8,19.8,35.72
629830.0,3411530.0,42.6,36.8,19.8,35.72
629930.0,3411530.0,42.6,36.8,19.8,35.72
630030.0,3411530.0,42.6,36.8,19.8,35.72
630130.0,3411530.0,42.6,36.8,19.8,35.72
630230.0,3411530.0,42.6,36.8,19.8,35.72
630330.0,3411530.0,42.6,36.8,19.8,35.72
630430.0,3411530.0,42.6,36.8,19.8,35.72
630530.0,3411530.0,42.6,36.8,19.8,35.72
630630.0,3411530.0,42.6,36.8,19.8,35.72
630730.0,3411530.0,42.6,36.8,19.8,35.72
630830.0,3411530.0,42.6,36.8,19.8,35.72
630930.0,3411530.0,42.6,36.8,19.8,35.72
631030.0,3411530.0,42.6,36.8,19.8,35.72
631130.0,3411530.0,42.6,36.8,19.8,35.72
631230.0,3411530.0,42.6,36.8,19.8,35.72
631330.0,3411530.0,42.6,36.8,19.8,35.72
631430.0,3411530.0,42.6,36.8,19.8,35.72
631530.0,3411530.0,42.6,36.8,19.8,35.72
631630.0,3411530.0,42.6,36.8,19.8,35.72
631730.0,3411530.0,42.6,36.8,19.8,35.72
631830.0,3411530.0,42.6,36.8,19.8,35.72
631930.0,3411530.0,42.6,36.8,19.8,35.72
632030.0,3411530.0,42.6,36.8,19.8,35.72
632130.0,3411530.0,42.6,36.8,19.8,35.72
632230.0,3411530.0,42.6,36.8,19.8,35.72
632330.0,3411530.0,42.6,36.8,19.8,35.72
632430.0,3411530.0,42.6,36.8,19.8,35.72
632530.0,3411530.0,42.6,36.8,19.8,35.72
632630.0,3411530.0,42.6,36.8,19.8,35.72
632730.0,3411530.0,42.6,36.8,19.8,35.72
632830.0,3411530.0,42.6,36.8,19.8,35.72
632930.0,3411530.0,42.6,36.8,19.8,35.72
633030.0,3411530.0,42.6,36.8,19.8,35.72
633130.0,3411530.0,42.6,36.8,19.8,35.72
633230.0,3411530.0,42.6,36.8,19.8,35.72
633330.0,3411530.0,42.6,36.8,19.8,35.72
633430.0,3411530.0,42.6,36.8,19.8,35.72
633530.0,3411530.0,42.6,36.8,19.8,35.72
633630.0,3411530.0,42.6,36.8,19.8,35.72
633730.0,3411530.0,42.6,36.8,19.8,35.72
633830.0,3411530.0,42.6,36.8,19.8,35.72
633930.0,3411530.0,42.6,36.8,19.8,35.72
634030.0,3411530.0,42.6,36.8,19.8,35.72
622630.0,3411430.0,42.6,36.8,19.8,35.72
622730.0,3411430.0,42.6,36.8,19.8,35.72
622830.0,3411430.0,42.6,36.8,19.8,35.72
622930.0,3411430.0,42.6,36.8,19.8,35.72
623030.0,3411430.0,42.6,36.8,19.8,35.72
623130.0,3411430.0,42.6,36.8,19.8,35.72
623230.0,3411430.0,42.6,36.8,19.8,35.72
623330.0,3411430.0,42.6,36.8,19.8,35.72
623430.0,3411430.0,42.6,36.8,19.8,35.72
623530.0,3411430.0,42.6,36.8,19.8,35.72
623630.0,3411430.0,42.6,36.8,19.8,35.72
623730.0,3411430.0,42.6,36.8,19.8,35.72
623830.0,3411430.0,42.6,36.8,19.8,35.72
623930.0,3411430.0,42.6,36.8,19.8,35.72
624030.0,3411430.0,42.6,36.8,19.8,35.72
624130.0,3411430.0,42.6,36.8,19.8,35.72
624230.0,3411430.0,42.6,36.8,19.8,35.72
624330.0,3411430.0,42.6,36.8,19.8,35.72
624430.0,3411430.0,42.6,36.8,19.8,35.72
624530.0,3411430.0,42.6,36.8,19.8,35.72
624630.0,3411430.0,42.6,36.8,19.8,35.72
624730.0,3411430.0,42.6,36.8,19.8,35.72
624830.0,3411430.0,42.6,36.8,19.8,35.72
624930.0,3411430.0,42.6,36.8,19.8,35.72
625030.0,3411430.0,42.6,36.8,19.8,35.72
625130.0,3411430.0,42.6,36.8,19.8,35.72
625230.0,3411430.0,42.6,36.8,19.8,35.72
625330.0,3411430.0,42.6,36.8,19.8,35.72
625430.0,3411430.0,42.6,36.8,19.8,35.72
625530.0,3411430.0,42.6,36.8,19.8,35.72
625630.0,3411430.0,42.6,36.8,19.8,35.72
625730.0,3411430.0,42.6,36.8,19.8,35.72
625830.0,3411430.0,42.6,36.8,19.8,35.72
625930.0,3411430.0,42.6,36.8,19.8,35.72
626030.0,3411430.0,42.6,36.8,19.8,35.72
626130.0,3411430.0,42.6,36.8,19.8,35.72
626230.0,3411430.0,42.6,36.8,19.8,35.72
626330.0,3411430.0,42.6,36.8,19.8,35.72
626430.0,3411430.0,42.6,36.8,19.8,35.72
626530.0,3411430.0,42.6,36.8,19.8,35.72
626630.0,3411430.0,42.6,36.8,19.8,35.72
626730.0,3411430.0,42.6,36.8,19.8,35.72
626830.0,3411430.0,42.6,36.8,19.8,35.72
626930.0,3411430.0,42.6,36.8,19.8,35.72
627030.0,3411430.0,42.6,36.8,19.8,35.72
627130.0,3411430.0,42.6,36.8,19.8,35.72
627230.0,3411430.0,42.6,36.8,19.8,35.72
627330.0,3411430.0,42.6,36.8,19.8,35.72
627430.0,3411430.0,42.6,36.8,19.8,35.72
627530.0,3411430.0,42.6,36.8,19.8,35.72
627630.0,3411430.0,42.6,36.8,19.8,35.72
627730.0,3411430.0,42.6,36.8,19.8,35.72
627830.0,3411430.0,42.6,36.8,19.8,35.72
627930.0,3411430.0,42.6,36.8,19.8,35.72
628030.0,3411430.0,42.6,36.8,19.8,35.72
628130.0,3411430.0,42.6,36.8,19.8,35.72
628230.0,3411430.0,42.6,36.8,19.8,35.72
628330.0,3411430.0,42.6,36.8,19.8,35.72
628430.0,3411430.0,42.6,36.8,19.8,35.72
628530.0,3411430.0,42.6,36.8,19.8,35.72
628630.0,3411430.0,42.6,36.8,19.8,35.72
628730.0,3411430.0,42.6,36.8,19.8,35.72
628830.0,3411430.0,42.6,36.8,19.8,35.72
628930.0,3411430.0,42.6,36.8,19.8,35.72
629030.0,3411430.0,42.6,36.8,19.8,35.72
629130.0,3411430.0,42.6,36.8,19.8,35.72
629230.0,3411430.0,42.6,36.8,19.8,35.72
629330.0,3411430.0,42.6,36.8,19.8,35.72
629430.0,3411430.0,42.6,36.8,19.8,35.72
629530.0,3411430.0,42.6,36.8,19.8,35.72
629630.0,3411430.0,42.6,36.8,19.8,35.72
629730.0,3411430.0,42.6,36.8,19.8,35.72
629830.0,3411430.0,42.6,36.8,19.8,35.72
629930.0,3411430.0,42.6,36.8,19.8,35.72
630030.0,3411430.0,42.6,36.8,19.8,35.72
630130.0,3411430.0,42.6,36.8,19.8,35.72
630230.0,3411430.0,42.6,36.8,19.8,35.72
630330.0,3411430.0,42.6,36.8,19.8,35.72
630430.0,3411430.0,42.6,36.8,19.8,35.72
630530.0,3411430.0,42.6,36.8,19.8,35.72
630630.0,3411430.0,42.6,36.8,19.8,35.72
630730.0,3411430.0,42.6,36.8,19.8,35.72
630830.0,3411430.0,42.6,36.8,19.8,35.72
630930.0,3411430.0,42.6,36.8,19.8,35.72
631030.0,3411430.0,42.6,36.8,19.8,35.72
631130.0,3411430.0,42.6,36.8,19.8,35.72
631230.0,3411430.0,42.6,36.8,19.8,35.72
631330.0,3411430.0,42.6,36.8,19.8,35.72
631430.0,3411430.0,42.6,36.8,19.8,35.72
631530.0,3411430.0,42.6,36.8,19.8,35.72
631630.0,3411430.0,42.6,36.8,19.8,35.72
631730.0,3411430.0,42.6,36.8,19.8,35.72
631830.0,3411430.0,42.6,36.8,19.8,35.72
631930.0,3411430.0,42.6,36.8,19.8,35.72
632030.0,3411430.0,42.6,36.8,19.8,35.72
632130.0,3411430.0,42.6,36.8,19.8,35.72
632230.0,3411430.0,42.6,36.8,19.8,35.72
632330.0,3411430.0,42.6,36.8,19.8,35.72
632430.0,3411430.0,42.6,36.8,19.8,35.72
632530.0,3411430.0,42.6,36.8,19.8,35.72
632630.0,3411430.0,42.6,36.8,19.8,35.72
632730.0,3411430.0,42.6,36.8,19.8,35.72
632830.0,3411430.0,42.6,36.8,19.8,35.72
632930.0,3411430.0,42.6,36.8,19.8,35.72
633030.0,3411430.0,42.6,36.8,19.8,35.72
633130.0,3411430.0,42.6,36.8,19.8,35.72
633230.0,3411430.0,42.6,36.8,19.8,35.72
633330.0,3411430.0,42.6,36.8,19.8,35.72
633430.0,3411430.0,42.6,36.8,19.8,35.72
633530.0,3411430.0,42.6,36.8,19.8,35.72
633630.0,3411430.0,42.6,36.8,19.8,35.72
633730.0,3411430.0,42.6,36.8,19.8,35.72
633830.0,3411430.0,42.6,36.8,19.8,35.72
633930.0,3411430.0,42.6,36.8,19.8,35.72
634030.0,3411430.0,42.6,36.8,19.8,35.72
634130.0,3411430.0,42.6,36.8,19.8,35.72
622630.0,3411330.0,42.6,36.8,19.8,35.72
622730.0,3411330.0,42.6,36.8,19.8,35.72
622830.0,3411330.0,42.6,36.8,19.8,35.72
622930.0,3411330.0,42.6,36.8,19.8,35.72
623030.0,3411330.0,42.6,36.8,19.8,35.72
623130.0,3411330.0,42.6,36.8,19.8,35.72
623230.0,3411330.0,42.6,36.8,19.8,35.72
623330.0,3411330.0,42.6,36.8,19.8,35.72
623430.0,3411330.0,42.6,36.8,19.8,35.72
623530.0,3411330.0,42.6,36.8,19.8,35.72
623630.0,3411330.0,42.6,36.8,19.8,35.72
623730.0,3411330.0,42.6,36.8,19.8,35.72
623830.0,3411330.0,42.6,36.8,19.8,35.72
623930.0,3411330.0,42.6,36.8,19.8,35.72
624030.0,3411330.0,42.6,36.8,19.8,35.72
624130.0,3411330.0,42.6,36.8,19.8,35.72
624230.0,3411330.0,42.6,36.8,19.8,35.72
624330.0,3411330.0,42.6,36.8,19.8,35.72
624430.0,3411330.0,42.6,36.8,19.8,35.72
624530.0,3411330.0,42.6,36.8,19.8,35.72
624630.0,3411330.0,42.6,36.8,19.8,35.72
624730.0,3411330.0,42.6,36.8,19.8,35.72
624830.0,3411330.0,42.6,36.8,19.8,35.72
624930.0,3411330.0,42.6,36.8,19.8,35.72
625030.0,3411330.0,42.6,36.8,19.8,35.72
625130.0,3411330.0,42.6,36.8,19.8,35.72
625230.0,3411330.0,42.6,36.8,19.8,35.72
625330.0,3411330.0,42.6,36.8,19.8,35.72
625430.0,3411330.0,42.6,36.8,19.8,35.72
625530.0,3411330.0,42.6,36.8,19.8,35.72
625630.0,3411330.0,42.6,36.8,19.8,35.72
625730.0,3411330.0,42.6,36.8,19.8,35.72
625830.0,3411330.0,42.6,36.8,19.8,35.72
625930.0,3411330.0,42.6,36.8,19.8,35.72
626030.0,3411330.0,42.6,36.8,19.8,35.72
626130.0,3411330.0,42.6,36.8,19.8,35.72
626230.0,3411330.0,42.6,36.8,19.8,35.72
626330.0,3411330.0,42.6,36.8,19.8,35.72
626430.0,3411330.0,42.6,36.8,19.8,35.72
626530.0,3411330.0,42.6,36.8,19.8,35.72
626630.0,3411330.0,42.6,36.8,19.8,35.72
626730.0,3411330.0,42.6,36.8,19.8,35.72
626830.0,3411330.0,42.6,36.8,19.8,35.72
626930.0,3411330.0,42.6,36.8,19.8,35.72
627030.0,3411330.0,42.6,36.8,19.8,35.72
627130.0,3411330.0,42.6,36.8,19.8,35.72
627230.0,3411330.0,42.6,36.8,19.8,35.72
627330.0,3411330.0,42.6,36.8,19.8,35.72
627430.0,3411330.0,42.6,36.8,19.8,35.72
627530.0,3411330.0,42.6,36.8,19.8,35.72
627630.0,3411330.0,42.6,36.8,19.8,35.72
627730.0,3411330.0,42.6,36.8,19.8,35.72
627830.0,3411330.0,42.6,36.8,19.8,35.72
627930.0,3411330.0,42.6,36.8,19.8,35.72
628030.0,3411330.0,42.6,36.8,19.8,35.72
628130.0,3411330.0,42.6,36.8,19.8,35.72
628230.0,3411330.0,42.6,36.8,19.8,35.72
628330.0,3411330.0,42.6,36.8,19.8,35.72
628430.0,3411330.0,42.6,36.8,19.8,35.72
628530.0,3411330.0,42.6,36.8,19.8,35.72
628630.0,3411330.0,42.6,36.8,19.8,35.72
628730.0,3411330.0,42.6,36.8,19.8,35.72
628830.0,3411330.0,42.6,36.8,19.8,35.72
628930.0,3411330.0,42.6,36.8,19.8,35.72
629030.0,3411330.0,42.6,36.8,19.8,35.72
629130.0,3411330.0,42.6,36.8,19.8,35.72
629230.0,3411330.0,42.6,36.8,19.8,35.72
629330.0,3411330.0,42.6,36.8,19.8,35.72
629430.0,3411330.0,42.6,36.8,19.8,35.72
629530.0,3411330.0,42.6,36.8,19.8,35.72
629630.0,3411330.0,42.6,36.8,19.8,35.72
629730.0,3411330.0,42.6,36.8,19.8,35.72
629830.0,3411330.0,42.6,36.8,19.8,35.72
629930.0,3411330.0,42.6,36.8,19.8,35.72
630030.0,3411330.0,42.6,36.8,19.8,35.72
630130.0,3411330.0,42.6,36.8,19.8,35.72
630230.0,3411330.0,42.6,36.8,19.8,35.72
630330.0,3411330.0,42.6,36.8,19.8,35.72
630430.0,3411330.0,42.6,36.8,19.8,35.72
630530.0,3411330.0,42.6,36.8,19.8,35.72
630630.0,3411330.0,42.6,36.8,19.8,35.72
630730.0,3411330.0,42.6,36.8,19.8,35.72
630830.0,3411330.0,42.6,36.8,19.8,35.72
630930.0,3411330.0,42.6,36.8,19.8,35.72
631030.0,3411330.0,42.6,36.8,19.8,35.72
631130.0,3411330.0,42.6,36.8,19.8,35.72
631230.0,3411330.0,42.6,36.8,19.8,35.72
631330.0,3411330.0,42.6,36.8,19.8,35.72
631430.0,3411330.0,42.6,36.8,19.8,35.72
631530.0,3411330.0,42.6,36.8,19.8,35.72
631630.0,3411330.0,42.6,36.8,19.8,35.72
631730.0,3411330.0,42.6,36.8,19.8,35.72
631830.0,3411330.0,42.6,36.8,19.8,35.72
631930.0,3411330.0,42.6,36.8,19.8,35.72
632030.0,3411330.0,42.6,36.8,19.8,35.72
632130.0,3411330.0,42.6,36.8,19.8,35.72
632230.0,3411330.0,42.6,36.8,19.8,35.72
632330.0,3411330.0,42.6,36.8,19.8,35.72
632430.0,3411330.0,42.6,36.8,19.8,35.72
632530.0,3411330.0,42.6,36.8,19.8,35.72
632630.0,3411330.0,42.6,36.8,19.8,35.72
632730.0,3411330.0,42.6,36.8,19.8,35.72
632830.0,3411330.0,42.6,36.8,19.8,35.72
632930.0,3411330.0,42.6,36.8,19.8,35.72
633030.0,3411330.0,42.6,36.8,19.8,35.72
633130.0,3411330.0,42.6,36.8,19.8,35.72
633230.0,3411330.0,42.6,36.8,19.8,35.72
633330.0,3411330.0,42.6,36.8,19.8,35.72
633430.0,3411330.0,42.6,36.8,19.8,35.72
633530.0,3411330.0,42.6,36.8,19.8,35.72
633630.0,3411330.0,42.6,36.8,19.8,35.72
633730.0,3411330.0,42.6,36.8,19.8,35.72
633830.0,3411330.0,42.6,36.8,19.8,35.72
633930.0,3411330.0,42.6,36.8,19.8,35.72
634030.0,3411330.0,42.6,36.8,19.8,35.72
634130.0,3411330.0,42.6,36.8,19.8,35.72
622530.0,3411230.0,42.6,36.8,19.8,35.72
622630.0,3411230.0,42.6,36.8,19.8,35.72
622730.0,3411230.0,42.6,36.8,19.8,35.72
622830.0,3411230.0,42.6,36.8,19.8,35.72
622930.0,3411230.0,42.6,36.8,19.8,35.72
623030.0,3411230.0,42.6,36.8,19.8,35.72
623130.0,3411230.0,42.6,36.8,19.8,35.72
623230.0,3411230.0,42.6,36.8,19.8,35.72
623330.0,3411230.0,42.6,36.8,19.8,35.72
623430.0,3411230.0,42.6,36.8,19.8,35.72
623530.0,3411230.0,42.6,36.8,19.8,35.72
623630.0,3411230.0,42.6,36.8,19.8,35.72
623730.0,3411230.0,42.6,36.8,19.8,35.72
623830.0,3411230.0,42.6,36.8,19.8,35.72
623930.0,3411230.0,42.6,36.8,19.8,35.72
624030.0,3411230.0,42.6,36.8,19.8,35.72
624130.0,3411230.0,42.6,36.8,19.8,35.72
624230.0,3411230.0,42.6,36.8,19.8,35.72
624330.0,3411230.0,42.6,36.8,19.8,35.72
624430.0,3411230.0,42.6,36.8,19.8,35.72
624530.0,3411230.0,42.6,36.8,19.8,35.72
624630.0,3411230.0,42.6,36.8,19.8,35.72
624730.0,3411230.0,42.6,36.8,19.8,35.72
624830.0,3411230.0,42.6,36.8,19.8,35.72
624930.0,3411230.0,42.6,36.8,19.8,35.72
625030.0,3411230.0,42.6,36.8,19.8,35.72
625130.0,3411230.0,42.6,36.8,19.8,35.72
625230.0,3411230.0,42.6,36.8,19.8,35.72
625330.0,3411230.0,42.6,36.8,19.8,35.72
625430.0,3411230.0,42.6,36.8,19.8,35.72
625530.0,3411230.0,42.6,36.8,19.8,35.72
625630.0,3411230.0,42.6,36.8,19.8,35.72
625730.0,3411230.0,42.6,36.8,19.8,35.72
625830.0,3411230.0,42.6,36.8,19.8,35.72
625930.0,3411230.0,42.6,36.8,19.8,35.72
626030.0,3411230.0,42.6,36.8,19.8,35.72
626130.0,3411230.0,42.6,36.8,19.8,35.72
626230.0,3411230.0,42.6,36.8,19.8,35.72
626330.0,3411230.0,42.6,36.8,19.8,35.72
626430.0,3411230.0,42.6,36.8,19.8,35.72
626530.0,3411230.0,42.6,36.8,19.8,35.72
626630.0,3411230.0,42.6,36.8,19.8,35.72
626730.0,3411230.0,42.6,36.8,19.8,35.72
626830.0,3411230.0,42.6,36.8,19.8,35.72
626930.0,3411230.0,42.6,36.8,19.8,35.72
627030.0,3411230.0,42.6,36.8,19.8,35.72
627130.0,3411230.0,42.6,36.8,19.8,35.72
627230.0,3411230.0,42.6,36.8,19.8,35.72
627330.0,3411230.0,42.6,36.8,19.8,35.72
627430.0,3411230.0,42.6,36.8,19.8,35.72
627530.0,3411230.0,42.6,36.8,19.8,35.72
627630.0,3411230.0,42.6,36.8,19.8,35.72
627730.0,3411230.0,42.6,36.8,19.8,35.72
627830.0,3411230.0,42.6,36.8,19.8,35.72
627930.0,3411230.0,42.6,36.8,19.8,35.72
628030.0,3411230.0,42.6,36.8,19.8,35.72
628130.0,3411230.0,42.6,36.8,19.8,35.72
628230.0,3411230.0,42.6,36.8,19.8,35.72
628330.0,3411230.0,42.6,36.8,19.8,35.72
628430.0,3411230.0,42.6,36.8,19.8,35.72
628530.0,3411230.0,42.6,36.8,19.8,35.72
628630.0,3411230.0,42.6,36.8,19.8,35.72
628730.0,3411230.0,42.6,36.8,19.8,35.72
628830.0,3411230.0,42.6,36.8,19.8,35.72
628930.0,3411230.0,42.6,36.8,19.8,35.72
629030.0,3411230.0,42.6,36.8,19.8,35.72
629130.0,3411230.0,42.6,36.8,19.8,35.72
629230.0,3411230.0,42.6,36.8,19.8,35.72
629330.0,3411230.0,42.6,36.8,19.8,35.72
629430.0,3411230.0,42.6,36.8,19.8,35.72
629530.0,3411230.0,42.6,36.8,19.8,35.72
629630.0,3411230.0,42.6,36.8,19.8,35.72
629730.0,3411230.0,42.6,36.8,19.8,35.72
629830.0,3411230.0,42.6,36.8,19.8,35.72
629930.0,3411230.0,42.6,36.8,19.8,35.72
630030.0,3411230.0,42.6,36.8,19.8,35.72
630130.0,3411230.0,42.6,36.8,19.8,35.72
630230.0,3411230.0,42.6,36.8,19.8,35.72
630330.0,3411230.0,42.6,36.8,19.8,35.72
630430.0,3411230.0,42.6,36.8,19.8,35.72
630530.0,3411230.0,42.6,36.8,19.8,35.72
630630.0,3411230.0,42.6,36.8,19.8,35.72
630730.0,3411230.0,42.6,36.8,19.8,35.72
630830.0,3411230.0,42.6,36.8,19.8,35.72
630930.0,3411230.0,42.6,36.8,19.8,35.72
631030.0,3411230.0,42.6,36.8,19.8,35.72
631130.0,3411230.0,42.6,36.8,19.8,35.72
631230.0,3411230.0,42.6,36.8,19.8,35.72
631330.0,3411230.0,42.6,36.8,19.8,35.72
631430.0,3411230.0,42.6,36.8,19.8,35.72
631530.0,3411230.0,42.6,36.8,19.8,35.72
631630.0,3411230.0,42.6,36.8,19.8,35.72
631730.0,3411230.0,42.6,36.8,19.8,35.72
631830.0,3411230.0,42.6,36.8,19.8,35.72
631930.0,3411230.0,42.6,36.8,19.8,35.72
632030.0,3411230.0,42.6,36.8,19.8,35.72
632130.0,3411230.0,42.6,36.8,19.8,35.72
632230.0,3411230.0,42.6,36.8,19.8,35.72
632330.0,3411230.0,42.6,36.8,19.8,35.72
632430.0,3411230.0,42.6,36.8,19.8,35.72
632530.0,3411230.0,42.6,36.8,19.8,35.72
632630.0,3411230.0,42.6,36.8,19.8,35.72
632730.0,3411230.0,42.6,36.8,19.8,35.72
632830.0,3411230.0,42.6,36.8,19.8,35.72
632930.0,3411230.0,42.6,36.8,19.8,35.72
633030.0,3411230.0,42.6,36.8,19.8,35.72
633130.0,3411230.0,42.6,36.8,19.8,35.72
633230.0,3411230.0,42.6,36.8,19.8,35.72
633330.0,3411230.0,42.6,36.8,19.8,35.72
633430.0,3411230.0,42.6,36.8,19.8,35.72
633530.0,3411230.0,42.6,36.8,19.8,35.72
633630.0,3411230.0,42.6,36.8,19.8,35.72
633730.0,3411230.0,42.6,36.8,19.8,35.72
633830.0,3411230.0,42.6,36.8,19.8,35.72
633930.0,3411230.0,42.6,36.8,19.8,35.72
634030.0,3411230.0,42.6,36.8,19.8,35.72
634130.0,3411230.0,42.6,36.8,19.8,35.72
634230.0,3411230.0,42.6,36.8,19.8,35.72
622530.0,3411130.0,42.6,36.8,19.8,35.72
622630.0,3411130.0,42.6,36.8,19.8,35.72
622730.0,3411130.0,42.6,36.8,19.8,35.72
622830.0,3411130.0,42.6,36.8,19.8,35.72
622930.0,3411130.0,42.6,36.8,19.8,35.72
623030.0,3411130.0,42.6,36.8,19.8,35.72
623130.0,3411130.0,42.6,36.8,19.8,35.72
623230.0,3411130.0,42.6,36.8,19.8,35.72
623330.0,3411130.0,42.6,36.8,19.8,35.72
623430.0,3411130.0,42.6,36.8,19.8,35.72
623530.0,3411130.0,42.6,36.8,19.8,35.72
623630.0,3411130.0,42.6,36.8,19.8,35.72
623730.0,3411130.0,42.6,36.8,19.8,35.72
623830.0,3411130.0,42.6,36.8,19.8,35.72
623930.0,3411130.0,42.6,36.8,19.8,35.72
624030.0,3411130.0,42.6,36.8,19.8,35.72
624130.0,3411130.0,42.6,36.8,19.8,35.72
624230.0,3411130.0,42.6,36.8,19.8,35.72
624330.0,3411130.0,42.6,36.8,19.8,35.72
624430.0,3411130.0,42.6,36.8,19.8,35.72
624530.0,3411130.0,42.6,36.8,19.8,35.72
624630.0,3411130.0,42.6,36.8,19.8,35.72
624730.0,3411130.0,42.6,36.8,19.8,35.72
624830.0,3411130.0,42.6,36.8,19.8,35.72
624930.0,3411130.0,42.6,36.8,19.8,35.72
625030.0,3411130.0,42.6,36.8,19.8,35.72
625130.0,3411130.0,42.6,36.8,19.8,35.72
625230.0,3411130.0,42.6,36.8,19.8,35.72
625330.0,3411130.0,42.6,36.8,19.8,35.72
625430.0,3411130.0,42.6,36.8,19.8,35.72
625530.0,3411130.0,42.6,36.8,19.8,35.72
625630.0,3411130.0,42.6,36.8,19.8,35.72
625730.0,3411130.0,42.6,36.8,19.8,35.72
625830.0,3411130.0,42.6,36.8,19.8,35.72
625930.0,3411130.0,42.6,36.8,19.8,35.72
626030.0,3411130.0,42.6,36.8,19.8,35.72
626130.0,3411130.0,42.6,36.8,19.8,35.72
626230.0,3411130.0,42.6,36.8,19.8,35.72
626330.0,3411130.0,42.6,36.8,19.8,35.72
626430.0,3411130.0,42.6,36.8,19.8,35.72
626530.0,3411130.0,42.6,36.8,19.8,35.72
626630.0,3411130.0,42.6,36.8,19.8,35.72
626730.0,3411130.0,42.6,36.8,19.8,35.72
626830.0,3411130.0,42.6,36.8,19.8,35.72
626930.0,3411130.0,42.6,36.8,19.8,35.72
627030.0,3411130.0,42.6,36.8,19.8,35.72
627130.0,3411130.0,42.6,36.8,19.8,35.72
627230.0,3411130.0,42.6,36.8,19.8,35.72
627330.0,3411130.0,42.6,36.8,19.8,35.72
627430.0,3411130.0,42.6,36.8,19.8,35.72
627530.0,3411130.0,42.6,36.8,19.8,35.72
627630.0,3411130.0,42.6,36.8,19.8,35.72
627730.0,3411130.0,42.6,36.8,19.8,35.72
627830.0,3411130.0,42.6,36.8,19.8,35.72
627930.0,3411130.0,42.6,36.8,19.8,35.72
628030.0,3411130.0,42.6,36.8,19.8,35.72
628130.0,3411130.0,42.6,36.8,19.8,35.72
628230.0,3411130.0,42.6,36.8,19.8,35.72
628330.0,3411130.0,42.6,36.8,19.8,35.72
628430.0,3411130.0,42.6,36.8,19.8,35.72
628530.0,3411130.0,42.6,36.8,19.8,35.72
628630.0,3411130.0,42.6,36.8,19.8,35.72
628730.0,3411130.0,42.6,36.8,19.8,35.72
628830.0,3411130.0,42.6,36.8,19.8,35.72
628930.0,3411130.0,42.6,36.8,19.8,35.72
629030.0,3411130.0,42.6,36.8,19.8,35.72
629130.0,3411130.0,42.6,36.8,19.8,35.72
629230.0,3411130.0,42.6,36.8,19.8,35.72
629330.0,3411130.0,42.6,36.8,19.8,35.72
629430.0,3411130.0,42.6,36.8,19.8,35.72
629530.0,3411130.0,42.6,36.8,19.8,35.72
629630.0,3411130.0,42.6,36.8,19.8,35.72
629730.0,3411130.0,42.6,36.8,19.8,35.72
629830.0,3411130.0,42.6,36.8,19.8,35.72
629930.0,3411130.0,42.6,36.8,19.8,35.72
630030.0,3411130.0,42.6,36.8,19.8,35.72
630130.0,3411130.0,42.6,36.8,19.8,35.72
630230.0,3411130.0,42.6,36.8,19.8,35.72
630330.0,3411130.0,42.6,36.8,19.8,35.72
630430.0,3411130.0,42.6,36.8,19.8,35.72
630530.0,3411130.0,42.6,36.8,19.8,35.72
630630.0,3411130.0,42.6,36.8,19.8,35.72
630730.0,3411130.0,42.6,36.8,19.8,35.72
630830.0,3411130.0,42.6,36.8,19.8,35.72
630930.0,3411130.0,42.6,36.8,19.8,35.72
631030.0,3411130.0,42.6,36.8,19.8,35.72
631130.0,3411130.0,42.6,36.8,19.8,35.72
631230.0,3411130.0,42.6,36.8,19.8,35.72
631330.0,3411130.0,42.6,36.8,19.8,35.72
631430.0,3411130.0,42.6,36.8,19.8,35.72
631530.0,3411130.0,42.6,36.8,19.8,35.72
631630.0,3411130.0,42.6,36.8,19.8,35.72
631730.0,3411130.0,42.6,36.8,19.8,35.72
631830.0,3411130.0,42.6,36.8,19.8,35.72
631930.0,3411130.0,42.6,36.8,19.8,35.72
632030.0,3411130.0,42.6,36.8,19.8,35.72
632130.0,3411130.0,42.6,36.8,19.8,35.72
632230.0,3411130.0,42.6,36.8,19.8,35.72
632330.0,3411130.0,42.6,36.8,19.8,35.72
632430.0,3411130.0,42.6,36.8,19.8,35.72
632530.0,3411130.0,42.6,36.8,19.8,35.72
632630.0,3411130.0,42.6,36.8,19.8,35.72
632730.0,3411130.0,42.6,36.8,19.8,35.72
632830.0,3411130.0,42.6,36.8,19.8,35.72
632930.0,3411130.0,42.6,36.8,19.8,35.72
633030.0,3411130.0,42.6,36.8,19.8,35.72
633130.0,3411130.0,42.6,36.8,19.8,35.72
633230.0,3411130.0,42.6,36.8,19.8,35.72
633330.0,3411130.0,42.6,36.8,19.8,35.72
633430.0,3411130.0,42.6,36.8,19.8,35.72
633530.0,3411130.0,42.6,36.8,19.8,35.72
633630.0,3411130.0,42.6,36.8,19.8,35.72
633730.0,3411130.0,42.6,36.8,19.8,35.72
633830.0,3411130.0,42.6,36.8,19.8,35.72
633930.0,3411130.0,42.6,36.8,19.8,35.72
634030.0,3411130.0,42.6,36.8,19.8,35.72
634130.0,3411130.0,42.6,36.8,19.8,35.72
634230.0,3411130.0,42.6,36.8,19.8,35.72
622530.0,3411030.0,42.6,36.8,19.8,35.72
622630.0,3411030.0,42.6,36.8,19.8,35.72
622730.0,3411030.0,42.6,36.8,19.8,35.72
622830.0,3411030.0,42.6,36.8,19.8,35.72
622930.0,3411030.0,42.6,36.8,19.8,35.72
623030.0,3411030.0,42.6,36.8,19.8,35.72
623130.0,3411030.0,42.6,36.8,19.8,35.72
623230.0,3411030.0,42.6,36.8,19.8,35.72
623330.0,3411030.0,42.6,36.8,19.8,35.72
623430.0,3411030.0,42.6,36.8,19.8,35.72
623530.0,3411030.0,42.6,36.8,19.8,35.72
623630.0,3411030.0,42.6,36.8,19.8,35.72
623730.0,3411030.0,42.6,36.8,19.8,35.72
623830.0,3411030.0,42.6,36.8,19.8,35.72
623930.0,3411030.0,42.6,36.8,19.8,35.72
624030.0,3411030.0,42.6,36.8,19.8,35.72
624130.0,3411030.0,42.6,36.8,19.8,35.72
624230.0,3411030.0,42.6,36.8,19.8,35.72
624330.0,3411030.0,42.6,36.8,19.8,35.72
624430.0,3411030.0,42.6,36.8,19.8,35.72
624530.0,3411030.0,42.6,36.8,19.8,35.72
624630.0,3411030.0,42.6,36.8,19.8,35.72
624730.0,3411030.0,42.6,36.8,19.8,35.72
624830.0,3411030.0,42.6,36.8,19.8,35.72
624930.0,3411030.0,42.6,36.8,19.8,35.72
625030.0,3411030.0,42.6,36.8,19.8,35.72
625130.0,3411030.0,42.6,36.8,19.8,35.72
625230.0,3411030.0,42.6,36.8,19.8,35.72
625330.0,3411030.0,42.6,36.8,19.8,35.72
625430.0,3411030.0,42.6,36.8,19.8,35.72
625530.0,3411030.0,42.6,36.8,19.8,35.72
625630.0,3411030.0,42.6,36.8,19.8,35.72
625730.0,3411030.0,42.6,36.8,19.8,35.72
625830.0,3411030.0,42.6,36.8,19.8,35.72
625930.0,3411030.0,42.6,36.8,19.8,35.72
626030.0,3411030.0,42.6,36.8,19.8,35.72
626130.0,3411030.0,42.6,36.8,19.8,35.72
626230.0,3411030.0,42.6,36.8,19.8,35.72
626330.0,3411030.0,42.6,36.8,19.8,35.72
626430.0,3411030.0,42.6,36.8,19.8,35.72
626530.0,3411030.0,42.6,36.8,19.8,35.72
626630.0,3411030.0,42.6,36.8,19.8,35.72
626730.0,3411030.0,42.6,36.8,19.8,35.72
626830.0,3411030.0,42.6,36.8,19.8,35.72
626930.0,3411030.0,42.6,36.8,19.8,35.72
627030.0,3411030.0,42.6,36.8,19.8,35.72
627130.0,3411030.0,42.6,36.8,19.8,35.72
627230.0,3411030.0,42.6,36.8,19.8,35.72
627330.0,3411030.0,42.6,36.8,19.8,35.72
627430.0,3411030.0,42.6,36.8,19.8,35.72
627530.0,3411030.0,42.6,36.8,19.8,35.72
627630.0,3411030.0,42.6,36.8,19.8,35.72
627730.0,3411030.0,42.6,36.8,19.8,35.72
627830.0,3411030.0,42.6,36.8,19.8,35.72
627930.0,3411030.0,42.6,36.8,19.8,35.72
628030.0,3411030.0,42.6,36.8,19.8,35.72
628130.0,3411030.0,42.6,36.8,19.8,35.72
628230.0,3411030.0,42.6,36.8,19.8,35.72
628330.0,3411030.0,42.6,36.8,19.8,35.72
628430.0,3411030.0,42.6,36.8,19.8,35.72
628530.0,3411030.0,42.6,36.8,19.8,35.72
628630.0,3411030.0,42.6,36.8,19.8,35.72
628730.0,3411030.0,42.6,36.8,19.8,35.72
628830.0,3411030.0,42.6,36.8,19.8,35.72
628930.0,3411030.0,42.6,36.8,19.8,35.72
629030.0,3411030.0,42.6,36.8,19.8,35.72
629130.0,3411030.0,42.6,36.8,19.8,35.72
629230.0,3411030.0,42.6,36.8,19.8,35.72
629330.0,3411030.0,42.6,36.8,19.8,35.72
629430.0,3411030.0,42.6,36.8,19.8,35.72
629530.0,3411030.0,42.6,36.8,19.8,35.72
629630.0,3411030.0,42.6,36.8,19.8,35.72
629730.0,3411030.0,42.6,36.8,19.8,35.72
629830.0,3411030.0,42.6,36.8,19.8,35.72
629930.0,3411030.0,42.6,36.8,19.8,35.72
630030.0,3411030.0,42.6,36.8,19.8,35.72
630130.0,3411030.0,42.6,36.8,19.8,35.72
630230.0,3411030.0,42.6,36.8,19.8,35.72
630330.0,3411030.0,42.6,36.8,19.8,35.72
630430.0,3411030.0,42.6,36.8,19.8,35.72
630530.0,3411030.0,42.6,36.8,19.8,35.72
630630.0,3411030.0,42.6,36.8,19.8,35.72
630730.0,3411030.0,42.6,36.8,19.8,35.72
630830.0,3411030.0,42.6,36.8,19.8,35.72
630930.0,3411030.0,42.6,36.8,19.8,35.72
631030.0,3411030.0,42.6,36.8,19.8,35.72
631130.0,3411030.0,42.6,36.8,19.8,35.72
631230.0,3411030.0,42.6,36.8,19.8,35.72
631330.0,3411030.0,42.6,36.8,19.8,35.72
631430.0,3411030.0,42.6,36.8,19.8,35.72
631530.0,3411030.0,42.6,36.8,19.8,35.72
631630.0,3411030.0,42.6,36.8,19.8,35.72
631730.0,3411030.0,42.6,36.8,19.8,35.72
631830.0,3411030.0,42.6,36.8,19.8,35.72
631930.0,3411030.0,42.6,36.8,19.8,35.72
632030.0,3411030.0,42.6,36.8,19.8,35.72
632130.0,3411030.0,42.6,36.8,19.8,35.72
632230.0,3411030.0,42.6,36.8,19.8,35.72
632330.0,3411030.0,42.6,36.8,19.8,35.72
632430.0,3411030.0,42.6,36.8,19.8,35.72
632530.0,3411030.0,42.6,36.8,19.8,35.72
632630.0,3411030.0,42.6,36.8,19.8,35.72
632730.0,3411030.0,42.6,36.8,19.8,35.72
632830.0,3411030.0,42.6,36.8,19.8,35.72
632930.0,3411030.0,42.6,36.8,19.8,35.72
633030.0,3411030.0,42.6,36.8,19.8,35.72
633130.0,3411030.0,42.6,36.8,19.8,35.72
633230.0,3411030.0,42.6,36.8,19.8,35.72
633330.0,3411030.0,42.6,36.8,19.8,35.72
633430.0,3411030.0,42.6,36.8,19.8,35.72
633530.0,3411030.0,42.6,36.8,19.8,35.72
633630.0,3411030.0,42.6,36.8,19.8,35.72
633730.0,3411030.0,42.6,36.8,19.8,35.72
633830.0,3411030.0,42.6,36.8,19.8,35.72
633930.0,3411030.0,42.6,36.8,19.8,35.72
634030.0,3411030.0,42.6,36.8,19.8,35.72
634130.0,3411030.0,42.6,36.8,19.8,35.72
634230.0,3411030.0,42.6,36.8,19.8,35.72
634330.0,3411030.0,42.6,36.8,19.8,35.72
622530.0,3410930.0,42.6,36.8,19.8,35.72
622630.0,3410930.0,42.6,36.8,19.8,35.72
622730.0,3410930.0,42.6,36.8,19.8,35.72
622830.0,3410930.0,42.6,36.8,19.8,35.72
622930.0,3410930.0,42.6,36.8,19.8,35.72
623030.0,3410930.0,42.6,36.8,19.8,35.72
623130.0,3410930.0,42.6,36.8,19.8,35.72
623230.0,3410930.0,42.6,36.8,19.8,35.72
623330.0,3410930.0,42.6,36.8,19.8,35.72
623430.0,3410930.0,42.6,36.8,19.8,35.72
623530.0,3410930.0,42.6,36.8,19.8,35.72
623630.0,3410930.0,42.6,36.8,19.8,35.72
623730.0,3410930.0,42.6,36.8,19.8,35.72
623830.0,3410930.0,42.6,36.8,19.8,35.72
623930.0,3410930.0,42.6,36.8,19.8,35.72
624030.0,3410930.0,42.6,36.8,19.8,35.72
624130.0,3410930.0,42.6,36.8,19.8,35.72
624230.0,3410930.0,42.6,36.8,19.8,35.72
624330.0,3410930.0,42.6,36.8,19.8,35.72
624430.0,3410930.0,42.6,36.8,19.8,35.72
624530.0,3410930.0,42.6,36.8,19.8,35.72
624630.0,3410930.0,42.6,36.8,19.8,35.72
624730.0,3410930.0,42.6,36.8,19.8,35.72
624830.0,3410930.0,42.6,36.8,19.8,35.72
624930.0,3410930.0,42.6,36.8,19.8,35.72
625030.0,3410930.0,42.6,36.8,19.8,35.72
625130.0,3410930.0,42.6,36.8,19.8,35.72
625230.0,3410930.0,42.6,36.8,19.8,35.72
625330.0,3410930.0,42.6,36.8,19.8,35.72
625430.0,3410930.0,42.6,36.8,19.8,35.72
625530.0,3410930.0,42.6,36.8,19.8,35.72
625630.0,3410930.0,42.6,36.8,19.8,35.72
625730.0,3410930.0,42.6,36.8,19.8,35.72
625830.0,3410930.0,42.6,36.8,19.8,35.72
625930.0,3410930.0,42.6,36.8,19.8,35.72
626030.0,3410930.0,42.6,36.8,19.8,35.72
626130.0,3410930.0,42.6,36.8,19.8,35.72
626230.0,3410930.0,42.6,36.8,19.8,35.72
626330.0,3410930.0,42.6,36.8,19.8,35.72
626430.0,3410930.0,42.6,36.8,19.8,35.72
626530.0,3410930.0,42.6,36.8,19.8,35.72
626630.0,3410930.0,42.6,36.8,19.8,35.72
626730.0,3410930.0,42.6,36.8,19.8,35.72
626830.0,3410930.0,42.6,36.8,19.8,35.72
626930.0,3410930.0,42.6,36.8,19.8,35.72
627030.0,3410930.0,42.6,36.8,19.8,35.72
627130.0,3410930.0,42.6,36.8,19.8,35.72
627230.0,3410930.0,42.6,36.8,19.8,35.72
627330.0,3410930.0,42.6,36.8,19.8,35.72
627430.0,3410930.0,42.6,36.8,19.8,35.72
627530.0,3410930.0,42.6,36.8,19.8,35.72
627630.0,3410930.0,42.6,36.8,19.8,35.72
627730.0,3410930.0,42.6,36.8,19.8,35.72
627830.0,3410930.0,42.6,36.8,19.8,35.72
627930.0,3410930.0,42.6,36.8,19.8,35.72
628030.0,3410930.0,42.6,36.8,19.8,35.72
628130.0,3410930.0,42.6,36.8,19.8,35.72
628230.0,3410930.0,42.6,36.8,19.8,35.72
628330.0,3410930.0,42.6,36.8,19.8,35.72
628430.0,3410930.0,42.6,36.8,19.8,35.72
628530.0,3410930.0,42.6,36.8,19.8,35.72
628630.0,3410930.0,42.6,36.8,19.8,35.72
628730.0,3410930.0,42.6,36.8,19.8,35.72
628830.0,3410930.0,42.6,36.8,19.8,35.72
628930.0,3410930.0,42.6,36.8,19.8,35.72
629030.0,3410930.0,42.6,36.8,19.8,35.72
629130.0,3410930.0,42.6,36.8,19.8,35.72
629230.0,3410930.0,42.6,36.8,19.8,35.72
629330.0,3410930.0,42.6,36.8,19.8,35.72
629430.0,3410930.0,42.6,36.8,19.8,35.72
629530.0,3410930.0,42.6,36.8,19.8,35.72
629630.0,3410930.0,42.6,36.8,19.8,35.72
629730.0,3410930.0,42.6,36.8,19.8,35.72
629830.0,3410930.0,42.6,36.8,19.8,35.72
629930.0,3410930.0,42.6,36.8,19.8,35.72
630030.0,3410930.0,42.6,36.8,19.8,35.72
630130.0,3410930.0,42.6,36.8,19.8,35.72
630230.0,3410930.0,42.6,36.8,19.8,35.72
630330.0,3410930.0,42.6,36.8,19.8,35.72
630430.0,3410930.0,42.6,36.8,19.8,35.72
630530.0,3410930.0,42.6,36.8,19.8,35.72
630630.0,3410930.0,42.6,36.8,19.8,35.72
630730.0,3410930.0,42.6,36.8,19.8,35.72
630830.0,3410930.0,42.6,36.8,19.8,35.72
630930.0,3410930.0,42.6,36.8,19.8,35.72
631030.0,3410930.0,42.6,36.8,19.8,35.72
631130.0,3410930.0,42.6,36.8,19.8,35.72
631230.0,3410930.0,42.6,36.8,19.8,35.72
631330.0,3410930.0,42.6,36.8,19.8,35.72
631430.0,3410930.0,42.6,36.8,19.8,35.72
631530.0,3410930.0,42.6,36.8,19.8,35.72
631630.0,3410930.0,42.6,36.8,19.8,35.72
631730.0,3410930.0,42.6,36.8,19.8,35.72
631830.0,3410930.0,42.6,36.8,19.8,35.72
631930.0,3410930.0,42.6,36.8,19.8,35.72
632030.0,3410930.0,42.6,36.8,19.8,35.72
632130.0,3410930.0,42.6,36.8,19.8,35.72
632230.0,3410930.0,42.6,36.8,19.8,35.72
632330.0,3410930.0,42.6,36.8,19.8,35.72
632430.0,3410930.0,42.6,36.8,19.8,35.72
632530.0,3410930.0,42.6,36.8,19.8,35.72
632630.0,3410930.0,42.6,36.8,19.8,35.72
632730.0,3410930.0,42.6,36.8,19.8,35.72
632830.0,3410930.0,42.6,36.8,19.8,35.72
632930.0,3410930.0,42.6,36.8,19.8,35.72
633030.0,3410930.0,42.6,36.8,19.8,35.72
633130.0,3410930.0,42.6,36.8,19.8,35.72
633230.0,3410930.0,42.6,36.8,19.8,35.72
633330.0,3410930.0,42.6,36.8,19.8,35.72
633430.0,3410930.0,42.6,36.8,19.8,35.72
633530.0,3410930.0,42.6,36.8,19.8,35.72
633630.0,3410930.0,42.6,36.8,19.8,35.72
633730.0,3410930.0,42.6,36.8,19.8,35.72
633830.0,3410930.0,42.6,36.8,19.8,35.72
633930.0,3410930.0,42.6,36.8,19.8,35.72
634030.0,3410930.0,42.6,36.8,19.8,35.72
634130.0,3410930.0,42.6,36.8,19.8,35.72
634230.0,3410930.0,42.6,36.8,19.8,35.72
634330.0,3410930.0,42.6,36.8,19.8,35.72
622530.0,3410830.0,42.6,36.8,19.8,35.72
622630.0,3410830.0,42.6,36.8,19.8,35.72
622730.0,3410830.0,42.6,36.8,19.8,35.72
622830.0,3410830.0,42.6,36.8,19.8,35.72
622930.0,3410830.0,42.6,36.8,19.8,35.72
623030.0,3410830.0,42.6,36.8,19.8,35.72
623130.0,3410830.0,42.6,36.8,19.8,35.72
623230.0,3410830.0,42.6,36.8,19.8,35.72
623330.0,3410830.0,42.6,36.8,19.8,35.72
623430.0,3410830.0,42.6,36.8,19.8,35.72
623530.0,3410830.0,42.6,36.8,19.8,35.72
623630.0,3410830.0,42.6,36.8,19.8,35.72
623730.0,3410830.0,42.6,36.8,19.8,35.72
623830.0,3410830.0,42.6,36.8,19.8,35.72
623930.0,3410830.0,42.6,36.8,19.8,35.72
624030.0,3410830.0,42.6,36.8,19.8,35.72
624130.0,3410830.0,42.6,36.8,19.8,35.72
624230.0,3410830.0,42.6,36.8,19.8,35.72
624330.0,3410830.0,42.6,36.8,19.8,35.72
624430.0,3410830.0,42.6,36.8,19.8,35.72
624530.0,3410830.0,42.6,36.8,19.8,35.72
624630.0,3410830.0,42.6,36.8,19.8,35.72
624730.0,3410830.0,42.6,36.8,19.8,35.72
624830.0,3410830.0,42.6,36.8,19.8,35.72
624930.0,3410830.0,42.6,36.8,19.8,35.72
625030.0,3410830.0,42.6,36.8,19.8,35.72
625130.0,3410830.0,42.6,36.8,19.8,35.72
625230.0,3410830.0,42.6,36.8,19.8,35.72
625330.0,3410830.0,42.6,36.8,19.8,35.72
625430.0,3410830.0,42.6,36.8,19.8,35.72
625530.0,3410830.0,42.6,36.8,19.8,35.72
625630.0,3410830.0,42.6,36.8,19.8,35.72
625730.0,3410830.0,42.6,36.8,19.8,35.72
625830.0,3410830.0,42.6,36.8,19.8,35.72
625930.0,3410830.0,42.6,36.8,19.8,35.72
626030.0,3410830.0,42.6,36.8,19.8,35.72
626130.0,3410830.0,42.6,36.8,19.8,35.72
626230.0,3410830.0,42.6,36.8,19.8,35.72
626330.0,3410830.0,42.6,36.8,19.8,35.72
626430.0,3410830.0,42.6,36.8,19.8,35.72
626530.0,3410830.0,42.6,36.8,19.8,35.72
626630.0,3410830.0,42.6,36.8,19.8,35.72
626730.0,3410830.0,42.6,36.8,19.8,35.72
626830.0,3410830.0,42.6,36.8,19.8,35.72
626930.0,3410830.0,42.6,36.8,19.8,35.72
627030.0,3410830.0,42.6,36.8,19.8,35.72
627130.0,3410830.0,42.6,36.8,19.8,35.72
627230.0,3410830.0,42.6,36.8,19.8,35.72
627330.0,3410830.0,42.6,36.8,19.8,35.72
627430.0,3410830.0,42.6,36.8,19.8,35.72
627530.0,3410830.0,42.6,36.8,19.8,35.72
627630.0,3410830.0,42.6,36.8,19.8,35.72
627730.0,3410830.0,42.6,36.8,19.8,35.72
627830.0,3410830.0,42.6,36.8,19.8,35.72
627930.0,3410830.0,42.6,36.8,19.8,35.72
628030.0,3410830.0,42.6,36.8,19.8,35.72
628130.0,3410830.0,42.6,36.8,19.8,35.72
628230.0,3410830.0,42.6,36.8,19.8,35.72
628330.0,3410830.0,42.6,36.8,19.8,35.72
628430.0,3410830.0,42.6,36.8,19.8,35.72
628530.0,3410830.0,42.6,36.8,19.8,35.72
628630.0,3410830.0,42.6,36.8,19.8,35.72
628730.0,3410830.0,42.6,36.8,19.8,35.72
628830.0,3410830.0,42.6,36.8,19.8,35.72
628930.0,3410830.0,42.6,36.8,19.8,35.72
629030.0,3410830.0,42.6,36.8,19.8,35.72
629130.0,3410830.0,42.6,36.8,19.8,35.72
629230.0,3410830.0,42.6,36.8,19.8,35.72
629330.0,3410830.0,42.6,36.8,19.8,35.72
629430.0,3410830.0,42.6,36.8,19.8,35.72
629530.0,3410830.0,42.6,36.8,19.8,35.72
629630.0,3410830.0,42.6,36.8,19.8,35.72
629730.0,3410830.0,42.6,36.8,19.8,35.72
629830.0,3410830.0,42.6,36.8,19.8,35.72
629930.0,3410830.0,42.6,36.8,19.8,35.72
630030.0,3410830.0,42.6,36.8,19.8,35.72
630130.0,3410830.0,42.6,36.8,19.8,35.72
630230.0,3410830.0,42.6,36.8,19.8,35.72
630330.0,3410830.0,42.6,36.8,19.8,35.72
630430.0,3410830.0,42.6,36.8,19.8,35.72
630530.0,3410830.0,42.6,36.8,19.8,35.72
630630.0,3410830.0,42.6,36.8,19.8,35.72
630730.0,3410830.0,42.6,36.8,19.8,35.72
630830.0,3410830.0,42.6,36.8,19.8,35.72
630930.0,3410830.0,42.6,36.8,19.8,35.72
631030.0,3410830.0,42.6,36.8,19.8,35.72
631130.0,3410830.0,42.6,36.8,19.8,35.72
631230.0,3410830.0,42.6,36.8,19.8,35.72
631330.0,3410830.0,42.6,36.8,19.8,35.72
631430.0,3410830.0,42.6,36.8,19.8,35.72
631530.0,3410830.0,42.6,36.8,19.8,35.72
631630.0,3410830.0,42.6,36.8,19.8,35.72
631730.0,3410830.0,42.6,36.8,19.8,35.72
631830.0,3410830.0,42.6,36.8,19.8,35.72
631930.0,3410830.0,42.6,36.8,19.8,35.72
632030.0,3410830.0,42.6,36.8,19.8,35.72
632130.0,3410830.0,42.6,36.8,19.8,35.72
632230.0,3410830.0,42.6,36.8,19.8,35.72
632330.0,3410830.0,42.6,36.8,19.8,35.72
632430.0,3410830.0,42.6,36.8,19.8,35.72
632530.0,3410830.0,42.6,36.8,19.8,35.72
632630.0,3410830.0,42.6,36.8,19.8,35.72
632730.0,3410830.0,42.6,36.8,19.8,35.72
632830.0,3410830.0,42.6,36.8,19.8,35.72
632930.0,3410830.0,42.6,36.8,19.8,35.72
633030.0,3410830.0,42.6,36.8,19.8,35.72
633130.0,3410830.0,42.6,36.8,19.8,35.72
633230.0,3410830.0,42.6,36.8,19.8,35.72
633330.0,3410830.0,42.6,36.8,19.8,35.72
633430.0,3410830.0,42.6,36.8,19.8,35.72
633530.0,3410830.0,42.6,36.8,19.8,35.72
633630.0,3410830.0,42.6,36.8,19.8,35.72
633730.0,3410830.0,42.6,36.8,19.8,35.72
633830.0,3410830.0,42.6,36.8,19.8,35.72
633930.0,3410830.0,42.6,36.8,19.8,35.72
634030.0,3410830.0,42.6,36.8,19.8,35.72
634130.0,3410830.0,42.6,36.8,19.8,35.72
634230.0,3410830.0,42.6,36.8,19.8,35.72
634330.0,3410830.0,42.6,36.8,19.8,35.72
634430.0,3410830.0,42.6,36.8,19.8,35.72
622530.0,3410730.0,42.6,36.8,19.8,35.72
622630.0,3410730.0,42.6,36.8,19.8,35.72
622730.0,3410730.0,42.6,36.8,19.8,35.72
622830.0,3410730.0,42.6,36.8,19.8,35.72
622930.0,3410730.0,42.6,36.8,19.8,35.72
623030.0,3410730.0,42.6,36.8,19.8,35.72
623130.0,3410730.0,42.6,36.8,19.8,35.72
623230.0,3410730.0,42.6,36.8,19.8,35.72
623330.0,3410730.0,42.6,36.8,19.8,35.72
623430.0,3410730.0,42.6,36.8,19.8,35.72
623530.0,3410730.0,42.6,36.8,19.8,35.72
623630.0,3410730.0,42.6,36.8,19.8,35.72
623730.0,3410730.0,42.6,36.8,19.8,35.72
623830.0,3410730.0,42.6,36.8,19.8,35.72
623930.0,3410730.0,42.6,36.8,19.8,35.72
624030.0,3410730.0,42.6,36.8,19.8,35.72
624130.0,3410730.0,42.6,36.8,19.8,35.72
624230.0,3410730.0,42.6,36.8,19.8,35.72
624330.0,3410730.0,42.6,36.8,19.8,35.72
624430.0,3410730.0,42.6,36.8,19.8,35.72
624530.0,3410730.0,42.6,36.8,19.8,35.72
624630.0,3410730.0,42.6,36.8,19.8,35.72
624730.0,3410730.0,42.6,36.8,19.8,35.72
624830.0,3410730.0,42.6,36.8,19.8,35.72
624930.0,3410730.0,42.6,36.8,19.8,35.72
625030.0,3410730.0,42.6,36.8,19.8,35.72
625130.0,3410730.0,42.6,36.8,19.8,35.72
625230.0,3410730.0,42.6,36.8,19.8,35.72
625330.0,3410730.0,42.6,36.8,19.8,35.72
625430.0,3410730.0,42.6,36.8,19.8,35.72
625530.0,3410730.0,42.6,36.8,19.8,35.72
625630.0,3410730.0,42.6,36.8,19.8,35.72
625730.0,3410730.0,42.6,36.8,19.8,35.72
625830.0,3410730.0,42.6,36.8,19.8,35.72
625930.0,3410730.0,42.6,36.8,19.8,35.72
626030.0,3410730.0,42.6,36.8,19.8,35.72
626130.0,3410730.0,42.6,36.8,19.8,35.72
626230.0,3410730.0,42.6,36.8,19.8,35.72
626330.0,3410730.0,42.6,36.8,19.8,35.72
626430.0,3410730.0,42.6,36.8,19.8,35.72
626530.0,3410730.0,42.6,36.8,19.8,35.72
626630.0,3410730.0,42.6,36.8,19.8,35.72
626730.0,3410730.0,42.6,36.8,19.8,35.72
626830.0,3410730.0,42.6,36.8,19.8,35.72
626930.0,3410730.0,42.6,36.8,19.8,35.72
627030.0,3410730.0,42.6,36.8,19.8,35.72
627130.0,3410730.0,42.6,36.8,19.8,35.72
627230.0,3410730.0,42.6,36.8,19.8,35.72
627330.0,3410730.0,42.6,36.8,19.8,35.72
627430.0,3410730.0,42.6,36.8,19.8,35.72
627530.0,3410730.0,42.6,36.8,19.8,35.72
627630.0,3410730.0,42.6,36.8,19.8,35.72
627730.0,3410730.0,42.6,36.8,19.8,35.72
627830.0,3410730.0,42.6,36.8,19.8,35.72
627930.0,3410730.0,42.6,36.8,19.8,35.72
628030.0,3410730.0,42.6,36.8,19.8,35.72
628130.0,3410730.0,42.6,36.8,19.8,35.72
628230.0,3410730.0,42.6,36.8,19.8,35.72
628330.0,3410730.0,42.6,36.8,19.8,35.72
628430.0,3410730.0,42.6,36.8,19.8,35.72
628530.0,3410730.0,42.6,36.8,19.8,35.72
628630.0,3410730.0,42.6,36.8,19.8,35.72
628730.0,3410730.0,42.6,36.8,19.8,35.72
628830.0,3410730.0,42.6,36.8,19.8,35.72
628930.0,3410730.0,42.6,36.8,19.8,35.72
629030.0,3410730.0,42.6,36.8,19.8,35.72
629130.0,3410730.0,42.6,36.8,19.8,35.72
629230.0,3410730.0,42.6,36.8,19.8,35.72
629330.0,3410730.0,42.6,36.8,19.8,35.72
629430.0,3410730.0,42.6,36.8,19.8,35.72
629530.0,3410730.0,42.6,36.8,19.8,35.72
629630.0,3410730.0,42.6,36.8,19.8,35.72
629730.0,3410730.0,42.6,36.8,19.8,35.72
629830.0,3410730.0,42.6,36.8,19.8,35.72
629930.0,3410730.0,42.6,36.8,19.8,35.72
630030.0,3410730.0,42.6,36.8,19.8,35.72
630130.0,3410730.0,42.6,36.8,19.8,35.72
630230.0,3410730.0,42.6,36.8,19.8,35.72
630330.0,3410730.0,42.6,36.8,19.8,35.72
630430.0,3410730.0,42.6,36.8,19.8,35.72
630530.0,3410730.0,42.6,36.8,19.8,35.72
630630.0,3410730.0,42.6,36.8,19.8,35.72
630730.0,3410730.0,42.6,36.8,19.8,35.72
630830.0,3410730.0,42.6,36.8,19.8,35.72
630930.0,3410730.0,42.6,36.8,19.8,35.72
631030.0,3410730.0,42.6,36.8,19.8,35.72
631130.0,3410730.0,42.6,36.8,19.8,35.72
631230.0,3410730.0,42.6,36.8,19.8,35.72
631330.0,3410730.0,42.6,36.8,19.8,35.72
631430.0,3410730.0,42.6,36.8,19.8,35.72
631530.0,3410730.0,42.6,36.8,19.8,35.72
631630.0,3410730.0,42.6,36.8,19.8,35.72
631730.0,3410730.0,42.6,36.8,19.8,35.72
631830.0,3410730.0,42.6,36.8,19.8,35.72
631930.0,3410730.0,42.6,36.8,19.8,35.72
632030.0,3410730.0,42.6,36.8,19.8,35.72
632130.0,3410730.0,42.6,36.8,19.8,35.72
632230.0,3410730.0,42.6,36.8,19.8,35.72
632330.0,3410730.0,42.6,36.8,19.8,35.72
632430.0,3410730.0,42.6,36.8,19.8,35.72
632530.0,3410730.0,42.6,36.8,19.8,35.72
632630.0,3410730.0,42.6,36.8,19.8,35.72
632730.0,3410730.0,42.6,36.8,19.8,35.72
632830.0,3410730.0,42.6,36.8,19.8,35.72
632930.0,3410730.0,42.6,36.8,19.8,35.72
633030.0,3410730.0,42.6,36.8,19.8,35.72
633130.0,3410730.0,42.6,36.8,19.8,35.72
633230.0,3410730.0,42.6,36.8,19.8,35.72
633330.0,3410730.0,42.6,36.8,19.8,35.72
633430.0,3410730.0,42.6,36.8,19.8,35.72
633530.0,3410730.0,42.6,36.8,19.8,35.72
633630.0,3410730.0,42.6,36.8,19.8,35.72
633730.0,3410730.0,42.6,36.8,19.8,35.72
633830.0,3410730.0,42.6,36.8,19.8,35.72
633930.0,3410730.0,42.6,36.8,19.8,35.72
634030.0,3410730.0,42.6,36.8,19.8,35.72
634130.0,3410730.0,42.6,36.8,19.8,35.72
634230.0,3410730.0,42.6,36.8,19.8,35.72
634330.0,3410730.0,42.6,36.8,19.8,35.72
634430.0,3410730.0,42.6,36.8,19.8,35.72
636230.0,3410730.0,42.6,36.8,19.8,35.72
636330.0,3410730.0,42.6,36.8,19.8,35.72
622530.0,3410630.0,42.6,36.8,19.8,35.72
622630.0,3410630.0,42.6,36.8,19.8,35.72
622730.0,3410630.0,42.6,36.8,19.8,35.72
622830.0,3410630.0,42.6,36.8,19.8,35.72
622930.0,3410630.0,42.6,36.8,19.8,35.72
623030.0,3410630.0,42.6,36.8,19.8,35.72
623130.0,3410630.0,42.6,36.8,19.8,35.72
623230.0,3410630.0,42.6,36.8,19.8,35.72
623330.0,3410630.0,42.6,36.8,19.8,35.72
623430.0,3410630.0,42.6,36.8,19.8,35.72
623530.0,3410630.0,42.6,36.8,19.8,35.72
623630.0,3410630.0,42.6,36.8,19.8,35.72
623730.0,3410630.0,42.6,36.8,19.8,35.72
623830.0,3410630.0,42.6,36.8,19.8,35.72
623930.0,3410630.0,42.6,36.8,19.8,35.72
624030.0,3410630.0,42.6,36.8,19.8,35.72
624130.0,3410630.0,42.6,36.8,19.8,35.72
624230.0,3410630.0,42.6,36.8,19.8,35.72
624330.0,3410630.0,42.6,36.8,19.8,35.72
624430.0,3410630.0,42.6,36.8,19.8,35.72
624530.0,3410630.0,42.6,36.8,19.8,35.72
624630.0,3410630.0,42.6,36.8,19.8,35.72
624730.0,3410630.0,42.6,36.8,19.8,35.72
624830.0,3410630.0,42.6,36.8,19.8,35.72
624930.0,3410630.0,42.6,36.8,19.8,35.72
625030.0,3410630.0,42.6,36.8,19.8,35.72
625130.0,3410630.0,42.6,36.8,19.8,35.72
625230.0,3410630.0,42.6,36.8,19.8,35.72
625330.0,3410630.0,42.6,36.8,19.8,35.72
625430.0,3410630.0,42.6,36.8,19.8,35.72
625530.0,3410630.0,42.6,36.8,19.8,35.72
625630.0,3410630.0,42.6,36.8,19.8,35.72
625730.0,3410630.0,42.6,36.8,19.8,35.72
625830.0,3410630.0,42.6,36.8,19.8,35.72
625930.0,3410630.0,42.6,36.8,19.8,35.72
626030.0,3410630.0,42.6,36.8,19.8,35.72
626130.0,3410630.0,42.6,36.8,19.8,35.72
626230.0,3410630.0,42.6,36.8,19.8,35.72
626330.0,3410630.0,42.6,36.8,19.8,35.72
626430.0,3410630.0,42.6,36.8,19.8,35.72
626530.0,3410630.0,42.6,36.8,19.8,35.72
626630.0,3410630.0,42.6,36.8,19.8,35.72
626730.0,3410630.0,42.6,36.8,19.8,35.72
626830.0,3410630.0,42.6,36.8,19.8,35.72
626930.0,3410630.0,42.6,36.8,19.8,35.72
627030.0,3410630.0,42.6,36.8,19.8,35.72
627130.0,3410630.0,42.6,36.8,19.8,35.72
627230.0,3410630.0,42.6,36.8,19.8,35.72
627330.0,3410630.0,42.6,36.8,19.8,35.72
627430.0,3410630.0,42.6,36.8,19.8,35.72
627530.0,3410630.0,42.6,36.8,19.8,35.72
627630.0,3410630.0,42.6,36.8,19.8,35.72
627730.0,3410630.0,42.6,36.8,19.8,35.72
627830.0,3410630.0,42.6,36.8,19.8,35.72
627930.0,3410630.0,42.6,36.8,19.8,35.72
628030.0,3410630.0,42.6,36.8,19.8,35.72
628130.0,3410630.0,42.6,36.8,19.8,35.72
628230.0,3410630.0,42.6,36.8,19.8,35.72
628330.0,3410630.0,42.6,36.8,19.8,35.72
628430.0,3410630.0,42.6,36.8,19.8,35.72
628530.0,3410630.0,42.6,36.8,19.8,35.72
628630.0,3410630.0,42.6,36.8,19.8,35.72
628730.0,3410630.0,42.6,36.8,19.8,35.72
628830.0,3410630.0,42.6,36.8,19.8,35.72
628930.0,3410630.0,42.6,36.8,19.8,35.72
629030.0,3410630.0,42.6,36.8,19.8,35.72
629130.0,3410630.0,42.6,36.8,19.8,35.72
629230.0,3410630.0,42.6,36.8,19.8,35.72
629330.0,3410630.0,42.6,36.8,19.8,35.72
629430.0,3410630.0,42.6,36.8,19.8,35.72
629530.0,3410630.0,42.6,36.8,19.8,35.72
629630.0,3410630.0,42.6,36.8,19.8,35.72
629730.0,3410630.0,42.6,36.8,19.8,35.72
629830.0,3410630.0,42.6,36.8,19.8,35.72
629930.0,3410630.0,42.6,36.8,19.8,35.72
630030.0,3410630.0,42.6,36.8,19.8,35.72
630130.0,3410630.0,42.6,36.8,19.8,35.72
630230.0,3410630.0,42.6,36.8,19.8,35.72
630330.0,3410630.0,42.6,36.8,19.8,35.72
630430.0,3410630.0,42.6,36.8,19.8,35.72
630530.0,3410630.0,42.6,36.8,19.8,35.72
630630.0,3410630.0,42.6,36.8,19.8,35.72
630730.0,3410630.0,42.6,36.8,19.8,35.72
630830.0,3410630.0,42.6,36.8,19.8,35.72
630930.0,3410630.0,42.6,36.8,19.8,35.72
631030.0,3410630.0,42.6,36.8,19.8,35.72
631130.0,3410630.0,42.6,36.8,19.8,35.72
631230.0,3410630.0,42.6,36.8,19.8,35.72
631330.0,3410630.0,42.6,36.8,19.8,35.72
631430.0,3410630.0,42.6,36.8,19.8,35.72
631530.0,3410630.0,42.6,36.8,19.8,35.72
631630.0,3410630.0,42.6,36.8,19.8,35.72
631730.0,3410630.0,42.6,36.8,19.8,35.72
631830.0,3410630.0,42.6,36.8,19.8,35.72
631930.0,3410630.0,42.6,36.8,19.8,35.72
632030.0,3410630.0,42.6,36.8,19.8,35.72
632130.0,3410630.0,42.6,36.8,19.8,35.72
632230.0,3410630.0,42.6,36.8,19.8,35.72
632330.0,3410630.0,42.6,36.8,19.8,35.72
632430.0,3410630.0,42.6,36.8,19.8,35.72
632530.0,3410630.0,42.6,36.8,19.8,35.72
632630.0,3410630.0,42.6,36.8,19.8,35.72
632730.0,3410630.0,42.6,36.8,19.8,35.72
632830.0,3410630.0,42.6,36.8,19.8,35.72
632930.0,3410630.0,42.6,36.8,19.8,35.72
633030.0,3410630.0,42.6,36.8,19.8,35.72
633130.0,3410630.0,42.6,36.8,19.8,35.72
633230.0,3410630.0,42.6,36.8,19.8,35.72
633330.0,3410630.0,42.6,36.8,19.8,35.72
633430.0,3410630.0,42.6,36.8,19.8,35.72
633530.0,3410630.0,42.6,36.8,19.8,35.72
633630.0,3410630.0,42.6,36.8,19.8,35.72
633730.0,3410630.0,42.6,36.8,19.8,35.72
633830.0,3410630.0,42.6,36.8,19.8,35.72
633930.0,3410630.0,42.6,36.8,19.8,35.72
634030.0,3410630.0,42.6,36.8,19.8,35.72
634130.0,3410630.0,42.6,36.8,19.8,35.72
634230.0,3410630.0,42.6,36.8,19.8,35.72
634330.0,3410630.0,42.6,36.8,19.8,35.72
634430.0,3410630.0,42.6,36.8,19.8,35.72
634530.0,3410630.0,42.6,36.8,19.8,35.72
636230.0,3410630.0,42.6,36.8,19.8,35.72
636330.0,3410630.0,42.6,36.8,19.8,35.72
636430.0,3410630.0,42.6,36.8,19.8,35.72
622530.0,3410530.0,42.6,36.8,19.8,35.72
622630.0,3410530.0,42.6,36.8,19.8,35.72
622730.0,3410530.0,42.6,36.8,19.8,35.72
622830.0,3410530.0,42.6,36.8,19.8,35.72
622930.0,3410530.0,42.6,36.8,19.8,35.72
623030.0,3410530.0,42.6,36.8,19.8,35.72
623130.0,3410530.0,42.6,36.8,19.8,35.72
623230.0,3410530.0,42.6,36.8,19.8,35.72
623330.0,3410530.0,42.6,36.8,19.8,35.72
623430.0,3410530.0,42.6,36.8,19.8,35.72
623530.0,3410530.0,42.6,36.8,19.8,35.72
623630.0,3410530.0,42.6,36.8,19.8,35.72
623730.0,3410530.0,42.6,36.8,19.8,35.72
623830.0,3410530.0,42.6,36.8,19.8,35.72
623930.0,3410530.0,42.6,36.8,19.8,35.72
624030.0,3410530.0,42.6,36.8,19.8,35.72
624130.0,3410530.0,42.6,36.8,19.8,35.72
624230.0,3410530.0,42.6,36.8,19.8,35.72
624330.0,3410530.0,42.6,36.8,19.8,35.72
624430.0,3410530.0,42.6,36.8,19.8,35.72
624530.0,3410530.0,42.6,36.8,19.8,35.72
624630.0,3410530.0,42.6,36.8,19.8,35.72
624730.0,3410530.0,42.6,36.8,19.8,35.72
624830.0,3410530.0,42.6,36.8,19.8,35.72
624930.0,3410530.0,42.6,36.8,19.8,35.72
625030.0,3410530.0,42.6,36.8,19.8,35.72
625130.0,3410530.0,42.6,36.8,19.8,35.72
625230.0,3410530.0,42.6,36.8,19.8,35.72
625330.0,3410530.0,42.6,36.8,19.8,35.72
625430.0,3410530.0,42.6,36.8,19.8,35.72
625530.0,3410530.0,42.6,36.8,19.8,35.72
625630.0,3410530.0,42.6,36.8,19.8,35.72
625730.0,3410530.0,42.6,36.8,19.8,35.72
625830.0,3410530.0,42.6,36.8,19.8,35.72
625930.0,3410530.0,42.6,36.8,19.8,35.72
626030.0,3410530.0,42.6,36.8,19.8,35.72
626130.0,3410530.0,42.6,36.8,19.8,35.72
626230.0,3410530.0,42.6,36.8,19.8,35.72
626330.0,3410530.0,42.6,36.8,19.8,35.72
626430.0,3410530.0,42.6,36.8,19.8,35.72
626530.0,3410530.0,42.6,36.8,19.8,35.72
626630.0,3410530.0,42.6,36.8,19.8,35.72
626730.0,3410530.0,42.6,36.8,19.8,35.72
626830.0,3410530.0,42.6,36.8,19.8,35.72
626930.0,3410530.0,42.6,36.8,19.8,35.72
627030.0,3410530.0,42.6,36.8,19.8,35.72
627130.0,3410530.0,42.6,36.8,19.8,35.72
627230.0,3410530.0,42.6,36.8,19.8,35.72
627330.0,3410530.0,42.6,36.8,19.8,35.72
627430.0,3410530.0,42.6,36.8,19.8,35.72
627530.0,3410530.0,42.6,36.8,19.8,35.72
627630.0,3410530.0,42.6,36.8,19.8,35.72
627730.0,3410530.0,42.6,36.8,19.8,35.72
627830.0,3410530.0,42.6,36.8,19.8,35.72
627930.0,3410530.0,42.6,36.8,19.8,35.72
628030.0,3410530.0,42.6,36.8,19.8,35.72
628130.0,3410530.0,42.6,36.8,19.8,35.72
628230.0,3410530.0,42.6,36.8,19.8,35.72
628330.0,3410530.0,42.6,36.8,19.8,35.72
628430.0,3410530.0,42.6,36.8,19.8,35.72
628530.0,3410530.0,42.6,36.8,19.8,35.72
628630.0,3410530.0,42.6,36.8,19.8,35.72
628730.0,3410530.0,42.6,36.8,19.8,35.72
628830.0,3410530.0,42.6,36.8,19.8,35.72
628930.0,3410530.0,42.6,36.8,19.8,35.72
629030.0,3410530.0,42.6,36.8,19.8,35.72
629130.0,3410530.0,42.6,36.8,19.8,35.72
629230.0,3410530.0,42.6,36.8,19.8,35.72
629330.0,3410530.0,42.6,36.8,19.8,35.72
629430.0,3410530.0,42.6,36.8,19.8,35.72
629530.0,3410530.0,42.6,36.8,19.8,35.72
629630.0,3410530.0,42.6,36.8,19.8,35.72
629730.0,3410530.0,42.6,36.8,19.8,35.72
629830.0,3410530.0,42.6,36.8,19.8,35.72
629930.0,3410530.0,42.6,36.8,19.8,35.72
630030.0,3410530.0,42.6,36.8,19.8,35.72
630130.0,3410530.0,42.6,36.8,19.8,35.72
630230.0,3410530.0,42.6,36.8,19.8,35.72
630330.0,3410530.0,42.6,36.8,19.8,35.72
630430.0,3410530.0,42.6,36.8,19.8,35.72
630530.0,3410530.0,42.6,36.8,19.8,35.72
630630.0,3410530.0,42.6,36.8,19.8,35.72
630730.0,3410530.0,42.6,36.8,19.8,35.72
630830.0,3410530.0,42.6,36.8,19.8,35.72
630930.0,3410530.0,42.6,36.8,19.8,35.72
631030.0,3410530.0,42.6,36.8,19.8,35.72
631130.0,3410530.0,42.6,36.8,19.8,35.72
631230.0,3410530.0,42.6,36.8,19.8,35.72
631330.0,3410530.0,42.6,36.8,19.8,35.72
631430.0,3410530.0,42.6,36.8,19.8,35.72
631530.0,3410530.0,42.6,36.8,19.8,35.72
631630.0,3410530.0,42.6,36.8,19.8,35.72
631730.0,3410530.0,42.6,36.8,19.8,35.72
631830.0,3410530.0,42.6,36.8,19.8,35.72
631930.0,3410530.0,42.6,36.8,19.8,35.72
632030.0,3410530.0,42.6,36.8,19.8,35.72
632130.0,3410530.0,42.6,36.8,19.8,35.72
632230.0,3410530.0,42.6,36.8,19.8,35.72
632330.0,3410530.0,42.6,36.8,19.8,35.72
632430.0,3410530.0,42.6,36.8,19.8,35.72
632530.0,3410530.0,42.6,36.8,19.8,35.72
632630.0,3410530.0,42.6,36.8,19.8,35.72
632730.0,3410530.0,42.6,36.8,19.8,35.72
632830.0,3410530.0,42.6,36.8,19.8,35.72
632930.0,3410530.0,42.6,36.8,19.8,35.72
633030.0,3410530.0,42.6,36.8,19.8,35.72
633130.0,3410530.0,42.6,36.8,19.8,35.72
633230.0,3410530.0,42.6,36.8,19.8,35.72
633330.0,3410530.0,42.6,36.8,19.8,35.72
633430.0,3410530.0,42.6,36.8,19.8,35.72
633530.0,3410530.0,42.6,36.8,19.8,35.72
633630.0,3410530.0,42.6,36.8,19.8,35.72
633730.0,3410530.0,42.6,36.8,19.8,35.72
633830.0,3410530.0,42.6,36.8,19.8,35.72
633930.0,3410530.0,42.6,36.8,19.8,35.72
634030.0,3410530.0,42.6,36.8,19.8,35.72
634130.0,3410530.0,42.6,36.8,19.8,35.72
634230.0,3410530.0,42.6,36.8,19.8,35.72
634330.0,3410530.0,42.6,36.8,19.8,35.72
634430.0,3410530.0,42.6,36.8,19.8,35.72
634530.0,3410530.0,42.6,36.8,19.8,35.72
634630.0,3410530.0,42.6,36.8,19.8,35.72
635830.0,3410530.0,42.6,36.8,19.8,35.72
635930.0,3410530.0,42.6,36.8,19.8,35.72
636030.0,3410530.0,42.6,36.8,19.8,35.72
636130.0,3410530.0,42.6,36.8,19.8,35.72
636230.0,3410530.0,42.6,36.8,19.8,35.72
636330.0,3410530.0,42.6,36.8,19.8,35.72
636430.0,3410530.0,42.6,36.8,19.8,35.72
636530.0,3410530.0,42.6,36.8,19.8,35.72
636630.0,3410530.0,42.6,36.8,19.8,35.72
622530.0,3410430.0,42.6,36.8,19.8,35.72
622630.0,3410430.0,42.6,36.8,19.8,35.72
622730.0,3410430.0,42.6,36.8,19.8,35.72
622830.0,3410430.0,42.6,36.8,19.8,35.72
622930.0,3410430.0,42.6,36.8,19.8,35.72
623030.0,3410430.0,42.6,36.8,19.8,35.72
623130.0,3410430.0,42.6,36.8,19.8,35.72
623230.0,3410430.0,42.6,36.8,19.8,35.72
623330.0,3410430.0,42.6,36.8,19.8,35.72
623430.0,3410430.0,42.6,36.8,19.8,35.72
623530.0,3410430.0,42.6,36.8,19.8,35.72
623630.0,3410430.0,42.6,36.8,19.8,35.72
623730.0,3410430.0,42.6,36.8,19.8,35.72
623830.0,3410430.0,42.6,36.8,19.8,35.72
623930.0,3410430.0,42.6,36.8,19.8,35.72
624030.0,3410430.0,42.6,36.8,19.8,35.72
624130.0,3410430.0,42.6,36.8,19.8,35.72
624230.0,3410430.0,42.6,36.8,19.8,35.72
624330.0,3410430.0,42.6,36.8,19.8,35.72
624430.0,3410430.0,42.6,36.8,19.8,35.72
624530.0,3410430.0,42.6,36.8,19.8,35.72
624630.0,3410430.0,42.6,36.8,19.8,35.72
624730.0,3410430.0,42.6,36.8,19.8,35.72
624830.0,3410430.0,42.6,36.8,19.8,35.72
624930.0,3410430.0,42.6,36.8,19.8,35.72
625030.0,3410430.0,42.6,36.8,19.8,35.72
625130.0,3410430.0,42.6,36.8,19.8,35.72
625230.0,3410430.0,42.6,36.8,19.8,35.72
625330.0,3410430.0,42.6,36.8,19.8,35.72
625430.0,3410430.0,42.6,36.8,19.8,35.72
625530.0,3410430.0,42.6,36.8,19.8,35.72
625630.0,3410430.0,42.6,36.8,19.8,35.72
625730.0,3410430.0,42.6,36.8,19.8,35.72
625830.0,3410430.0,42.6,36.8,19.8,35.72
625930.0,3410430.0,42.6,36.8,19.8,35.72
626030.0,3410430.0,42.6,36.8,19.8,35.72
626130.0,3410430.0,42.6,36.8,19.8,35.72
626230.0,3410430.0,42.6,36.8,19.8,35.72
626330.0,3410430.0,42.6,36.8,19.8,35.72
626430.0,3410430.0,42.6,36.8,19.8,35.72
626530.0,3410430.0,42.6,36.8,19.8,35.72
626630.0,3410430.0,42.6,36.8,19.8,35.72
626730.0,3410430.0,42.6,36.8,19.8,35.72
626830.0,3410430.0,42.6,36.8,19.8,35.72
626930.0,3410430.0,42.6,36.8,19.8,35.72
627030.0,3410430.0,42.6,36.8,19.8,35.72
627130.0,3410430.0,42.6,36.8,19.8,35.72
627230.0,3410430.0,42.6,36.8,19.8,35.72
627330.0,3410430.0,42.6,36.8,19.8,35.72
627430.0,3410430.0,42.6,36.8,19.8,35.72
627530.0,3410430.0,42.6,36.8,19.8,35.72
627630.0,3410430.0,42.6,36.8,19.8,35.72
627730.0,3410430.0,42.6,36.8,19.8,35.72
627830.0,3410430.0,42.6,36.8,19.8,35.72
627930.0,3410430.0,42.6,36.8,19.8,35.72
628030.0,3410430.0,42.6,36.8,19.8,35.72
628130.0,3410430.0,42.6,36.8,19.8,35.72
628230.0,3410430.0,42.6,36.8,19.8,35.72
628330.0,3410430.0,42.6,36.8,19.8,35.72
628430.0,3410430.0,42.6,36.8,19.8,35.72
628530.0,3410430.0,42.6,36.8,19.8,35.72
628630.0,3410430.0,42.6,36.8,19.8,35.72
628730.0,3410430.0,42.6,36.8,19.8,35.72
628830.0,3410430.0,42.6,36.8,19.8,35.72
628930.0,3410430.0,42.6,36.8,19.8,35.72
629030.0,3410430.0,42.6,36.8,19.8,35.72
629130.0,3410430.0,42.6,36.8,19.8,35.72
629230.0,3410430.0,42.6,36.8,19.8,35.72
629330.0,3410430.0,42.6,36.8,19.8,35.72
629430.0,3410430.0,42.6,36.8,19.8,35.72
629530.0,3410430.0,42.6,36.8,19.8,35.72
629630.0,3410430.0,42.6,36.8,19.8,35.72
629730.0,3410430.0,42.6,36.8,19.8,35.72
629830.0,3410430.0,42.6,36.8,19.8,35.72
629930.0,3410430.0,42.6,36.8,19.8,35.72
630030.0,3410430.0,42.6,36.8,19.8,35.72
630130.0,3410430.0,42.6,36.8,19.8,35.72
630230.0,3410430.0,42.6,36.8,19.8,35.72
630330.0,3410430.0,42.6,36.8,19.8,35.72
630430.0,3410430.0,42.6,36.8,19.8,35.72
630530.0,3410430.0,42.6,36.8,19.8,35.72
630630.0,3410430.0,42.6,36.8,19.8,35.72
630730.0,3410430.0,42.6,36.8,19.8,35.72
630830.0,3410430.0,42.6,36.8,19.8,35.72
630930.0,3410430.0,42.6,36.8,19.8,35.72
631030.0,3410430.0,42.6,36.8,19.8,35.72
631130.0,3410430.0,42.6,36.8,19.8,35.72
631230.0,3410430.0,42.6,36.8,19.8,35.72
631330.0,3410430.0,42.6,36.8,19.8,35.72
631430.0,3410430.0,42.6,36.8,19.8,35.72
631530.0,3410430.0,42.6,36.8,19.8,35.72
631630.0,3410430.0,42.6,36.8,19.8,35.72
631730.0,3410430.0,42.6,36.8,19.8,35.72
631830.0,3410430.0,42.6,36.8,19.8,35.72
631930.0,3410430.0,42.6,36.8,19.8,35.72
632030.0,3410430.0,42.6,36.8,19.8,35.72
632130.0,3410430.0,42.6,36.8,19.8,35.72
632230.0,3410430.0,42.6,36.8,19.8,35.72
632330.0,3410430.0,42.6,36.8,19.8,35.72
632430.0,3410430.0,42.6,36.8,19.8,35.72
632530.0,3410430.0,42.6,36.8,19.8,35.72
632630.0,3410430.0,42.6,36.8,19.8,35.72
632730.0,3410430.0,42.6,36.8,19.8,35.72
632830.0,3410430.0,42.6,36.8,19.8,35.72
632930.0,3410430.0,42.6,36.8,19.8,35.72
633030.0,3410430.0,42.6,36.8,19.8,35.72
633130.0,3410430.0,42.6,36.8,19.8,35.72
633230.0,3410430.0,42.6,36.8,19.8,35.72
633330.0,3410430.0,42.6,36.8,19.8,35.72
633430.0,3410430.0,42.6,36.8,19.8,35.72
633530.0,3410430.0,42.6,36.8,19.8,35.72
633630.0,3410430.0,42.6,36.8,19.8,35.72
633730.0,3410430.0,42.6,36.8,19.8,35.72
633830.0,3410430.0,42.6,36.8,19.8,35.72
633930.0,3410430.0,42.6,36.8,19.8,35.72
634030.0,3410430.0,42.6,36.8,19.8,35.72
634130.0,3410430.0,42.6,36.8,19.8,35.72
634230.0,3410430.0,42.6,36.8,19.8,35.72
634330.0,3410430.0,42.6,36.8,19.8,35.72
634430.0,3410430.0,42.6,36.8,19.8,35.72
634530.0,3410430.0,42.6,36.8,19.8,35.72
634630.0,3410430.0,42.6,36.8,19.8,35.72
635630.0,3410430.0,42.6,36.8,19.8,35.72
635730.0,3410430.0,42.6,36.8,19.8,35.72
635830.0,3410430.0,42.6,36.8,19.8,35.72
635930.0,3410430.0,42.6,36.8,19.8,35.72
636030.0,3410430.0,42.6,36.8,19.8,35.72
636130.0,3410430.0,42.6,36.8,19.8,35.72
636230.0,3410430.0,42.6,36.8,19.8,35.72
636330.0,3410430.0,42.6,36.8,19.8,35.72
636430.0,3410430.0,42.6,36.8,19.8,35.72
636530.0,3410430.0,42.6,36.8,19.8,35.72
636630.0,3410430.0,42.6,36.8,19.8,35.72
636730.0,3410430.0,42.6,36.8,19.8,35.72
636830.0,3410430.0,42.6,36.8,19.8,35.72
622630.0,3410330.0,42.6,36.8,19.8,35.72
622730.0,3410330.0,42.6,36.8,19.8,35.72
622830.0,3410330.0,42.6,36.8,19.8,35.72
622930.0,3410330.0,42.6,36.8,19.8,35.72
623030.0,3410330.0,42.6,36.8,19.8,35.72
623130.0,3410330.0,42.6,36.8,19.8,35.72
623230.0,3410330.0,42.6,36.8,19.8,35.72
623330.0,3410330.0,42.6,36.8,19.8,35.72
623430.0,3410330.0,42.6,36.8,19.8,35.72
623530.0,3410330.0,42.6,36.8,19.8,35.72
623630.0,3410330.0,42.6,36.8,19.8,35.72
623730.0,3410330.0,42.6,36.8,19.8,35.72
623830.0,3410330.0,42.6,36.8,19.8,35.72
623930.0,3410330.0,42.6,36.8,19.8,35.72
624030.0,3410330.0,42.6,36.8,19.8,35.72
624130.0,3410330.0,42.6,36.8,19.8,35.72
624230.0,3410330.0,42.6,36.8,19.8,35.72
624330.0,3410330.0,42.6,36.8,19.8,35.72
624430.0,3410330.0,42.6,36.8,19.8,35.72
624530.0,3410330.0,42.6,36.8,19.8,35.72
624630.0,3410330.0,42.6,36.8,19.8,35.72
624730.0,3410330.0,42.6,36.8,19.8,35.72
624830.0,3410330.0,42.6,36.8,19.8,35.72
624930.0,3410330.0,42.6,36.8,19.8,35.72
625030.0,3410330.0,42.6,36.8,19.8,35.72
625130.0,3410330.0,42.6,36.8,19.8,35.72
625230.0,3410330.0,42.6,36.8,19.8,35.72
625330.0,3410330.0,42.6,36.8,19.8,35.72
625430.0,3410330.0,42.6,36.8,19.8,35.72
625530.0,3410330.0,42.6,36.8,19.8,35.72
625630.0,3410330.0,42.6,36.8,19.8,35.72
625730.0,3410330.0,42.6,36.8,19.8,35.72
625830.0,3410330.0,42.6,36.8,19.8,35.72
625930.0,3410330.0,42.6,36.8,19.8,35.72
626030.0,3410330.0,42.6,36.8,19.8,35.72
626130.0,3410330.0,42.6,36.8,19.8,35.72
626230.0,3410330.0,42.6,36.8,19.8,35.72
626330.0,3410330.0,42.6,36.8,19.8,35.72
626430.0,3410330.0,42.6,36.8,19.8,35.72
626530.0,3410330.0,42.6,36.8,19.8,35.72
626630.0,3410330.0,42.6,36.8,19.8,35.72
626730.0,3410330.0,42.6,36.8,19.8,35.72
626830.0,3410330.0,42.6,36.8,19.8,35.72
626930.0,3410330.0,42.6,36.8,19.8,35.72
627030.0,3410330.0,42.6,36.8,19.8,35.72
627130.0,3410330.0,42.6,36.8,19.8,35.72
627230.0,3410330.0,42.6,36.8,19.8,35.72
627330.0,3410330.0,42.6,36.8,19.8,35.72
627430.0,3410330.0,42.6,36.8,19.8,35.72
627530.0,3410330.0,42.6,36.8,19.8,35.72
627630.0,3410330.0,42.6,36.8,19.8,35.72
627730.0,3410330.0,42.6,36.8,19.8,35.72
627830.0,3410330.0,42.6,36.8,19.8,35.72
627930.0,3410330.0,42.6,36.8,19.8,35.72
628030.0,3410330.0,42.6,36.8,19.8,35.72
628130.0,3410330.0,42.6,36.8,19.8,35.72
628230.0,3410330.0,42.6,36.8,19.8,35.72
628330.0,3410330.0,42.6,36.8,19.8,35.72
628430.0,3410330.0,42.6,36.8,19.8,35.72
628530.0,3410330.0,42.6,36.8,19.8,35.72
628630.0,3410330.0,42.6,36.8,19.8,35.72
628730.0,3410330.0,42.6,36.8,19.8,35.72
628830.0,3410330.0,42.6,36.8,19.8,35.72
628930.0,3410330.0,42.6,36.8,19.8,35.72
629030.0,3410330.0,42.6,36.8,19.8,35.72
629130.0,3410330.0,42.6,36.8,19.8,35.72
629230.0,3410330.0,42.6,36.8,19.8,35.72
629330.0,3410330.0,42.6,36.8,19.8,35.72
629430.0,3410330.0,42.6,36.8,19.8,35.72
629530.0,3410330.0,42.6,36.8,19.8,35.72
629630.0,3410330.0,42.6,36.8,19.8,35.72
629730.0,3410330.0,42.6,36.8,19.8,35.72
629830.0,3410330.0,42.6,36.8,19.8,35.72
629930.0,3410330.0,42.6,36.8,19.8,35.72
630030.0,3410330.0,42.6,36.8,19.8,35.72
630130.0,3410330.0,42.6,36.8,19.8,35.72
630230.0,3410330.0,42.6,36.8,19.8,35.72
630330.0,3410330.0,42.6,36.8,19.8,35.72
630430.0,3410330.0,42.6,36.8,19.8,35.72
630530.0,3410330.0,42.6,36.8,19.8,35.72
630630.0,3410330.0,42.6,36.8,19.8,35.72
630730.0,3410330.0,42.6,36.8,19.8,35.72
630830.0,3410330.0,42.6,36.8,19.8,35.72
630930.0,3410330.0,42.6,36.8,19.8,35.72
631030.0,3410330.0,42.6,36.8,19.8,35.72
631130.0,3410330.0,42.6,36.8,19.8,35.72
631230.0,3410330.0,42.6,36.8,19.8,35.72
631330.0,3410330.0,42.6,36.8,19.8,35.72
631430.0,3410330.0,42.6,36.8,19.8,35.72
631530.0,3410330.0,42.6,36.8,19.8,35.72
631630.0,3410330.0,42.6,36.8,19.8,35.72
631730.0,3410330.0,42.6,36.8,19.8,35.72
631830.0,3410330.0,42.6,36.8,19.8,35.72
631930.0,3410330.0,42.6,36.8,19.8,35.72
632030.0,3410330.0,42.6,36.8,19.8,35.72
632130.0,3410330.0,42.6,36.8,19.8,35.72
632230.0,3410330.0,42.6,36.8,19.8,35.72
632330.0,3410330.0,42.6,36.8,19.8,35.72
632430.0,3410330.0,42.6,36.8,19.8,35.72
632530.0,3410330.0,42.6,36.8,19.8,35.72
632630.0,3410330.0,42.6,36.8,19.8,35.72
632730.0,3410330.0,42.6,36.8,19.8,35.72
632830.0,3410330.0,42.6,36.8,19.8,35.72
632930.0,3410330.0,42.6,36.8,19.8,35.72
633030.0,3410330.0,42.6,36.8,19.8,35.72
633130.0,3410330.0,42.6,36.8,19.8,35.72
633230.0,3410330.0,42.6,36.8,19.8,35.72
633330.0,3410330.0,42.6,36.8,19.8,35.72
633430.0,3410330.0,42.6,36.8,19.8,35.72
633530.0,3410330.0,42.6,36.8,19.8,35.72
633630.0,3410330.0,42.6,36.8,19.8,35.72
633730.0,3410330.0,42.6,36.8,19.8,35.72
633830.0,3410330.0,42.6,36.8,19.8,35.72
633930.0,3410330.0,42.6,36.8,19.8,35.72
634030.0,3410330.0,42.6,36.8,19.8,35.72
634130.0,3410330.0,42.6,36.8,19.8,35.72
634230.0,3410330.0,42.6,36.8,19.8,35.72
634330.0,3410330.0,42.6,36.8,19.8,35.72
634430.0,3410330.0,42.6,36.8,19.8,35.72
634530.0,3410330.0,42.6,36.8,19.8,35.72
634630.0,3410330.0,42.6,36.8,19.8,35.72
634730.0,3410330.0,42.6,36.8,19.8,35.72
634830.0,3410330.0,42.6,36.8,19.8,35.72
634930.0,3410330.0,42.6,36.8,19.8,35.72
635030.0,3410330.0,42.6,36.8,19.8,35.72
635130.0,3410330.0,42.6,36.8,19.8,35.72
635230.0,3410330.0,42.6,36.8,19.8,35.72
635330.0,3410330.0,42.6,36.8,19.8,35.72
635430.0,3410330.0,42.6,36.8,19.8,35.72
635530.0,3410330.0,42.6,36.8,19.8,35.72
635630.0,3410330.0,42.6,36.8,19.8,35.72
635730.0,3410330.0,42.6,36.8,19.8,35.72
635830.0,3410330.0,42.6,36.8,19.8,35.72
635930.0,3410330.0,42.6,36.8,19.8,35.72
636030.0,3410330.0,42.6,36.8,19.8,35.72
636130.0,3410330.0,42.6,36.8,19.8,35.72
636230.0,3410330.0,42.6,36.8,19.8,35.72
636330.0,3410330.0,42.6,36.8,19.8,35.72
636430.0,3410330.0,42.6,36.8,19.8,35.72
636530.0,3410330.0,42.6,36.8,19.8,35.72
636630.0,3410330.0,42.6,36.8,19.8,35.72
636730.0,3410330.0,42.6,36.8,19.8,35.72
636830.0,3410330.0,42.6,36.8,19.8,35.72
636930.0,3410330.0,42.6,36.8,19.8,35.72
622630.0,3410230.0,42.6,36.8,19.8,35.72
622730.0,3410230.0,42.6,36.8,19.8,35.72
622830.0,3410230.0,42.6,36.8,19.8,35.72
622930.0,3410230.0,42.6,36.8,19.8,35.72
623030.0,3410230.0,42.6,36.8,19.8,35.72
623130.0,3410230.0,42.6,36.8,19.8,35.72
623230.0,3410230.0,42.6,36.8,19.8,35.72
623330.0,3410230.0,42.6,36.8,19.8,35.72
623430.0,3410230.0,42.6,36.8,19.8,35.72
623530.0,3410230.0,42.6,36.8,19.8,35.72
623630.0,3410230.0,42.6,36.8,19.8,35.72
623730.0,3410230.0,42.6,36.8,19.8,35.72
623830.0,3410230.0,42.6,36.8,19.8,35.72
623930.0,3410230.0,42.6,36.8,19.8,35.72
624030.0,3410230.0,42.6,36.8,19.8,35.72
624130.0,3410230.0,42.6,36.8,19.8,35.72
624230.0,3410230.0,42.6,36.8,19.8,35.72
624330.0,3410230.0,42.6,36.8,19.8,35.72
624430.0,3410230.0,42.6,36.8,19.8,35.72
624530.0,3410230.0,42.6,36.8,19.8,35.72
624630.0,3410230.0,42.6,36.8,19.8,35.72
624730.0,3410230.0,42.6,36.8,19.8,35.72
624830.0,3410230.0,42.6,36.8,19.8,35.72
624930.0,3410230.0,42.6,36.8,19.8,35.72
625030.0,3410230.0,42.6,36.8,19.8,35.72
625130.0,3410230.0,42.6,36.8,19.8,35.72
625230.0,3410230.0,42.6,36.8,19.8,35.72
625330.0,3410230.0,42.6,36.8,19.8,35.72
625430.0,3410230.0,42.6,36.8,19.8,35.72
625530.0,3410230.0,42.6,36.8,19.8,35.72
625630.0,3410230.0,42.6,36.8,19.8,35.72
625730.0,3410230.0,42.6,36.8,19.8,35.72
625830.0,3410230.0,42.6,36.8,19.8,35.72
625930.0,3410230.0,42.6,36.8,19.8,35.72
626030.0,3410230.0,42.6,36.8,19.8,35.72
626130.0,3410230.0,42.6,36.8,19.8,35.72
626230.0,3410230.0,42.6,36.8,19.8,35.72
626330.0,3410230.0,42.6,36.8,19.8,35.72
626430.0,3410230.0,42.6,36.8,19.8,35.72
626530.0,3410230.0,42.6,36.8,19.8,35.72
626630.0,3410230.0,42.6,36.8,19.8,35.72
626730.0,3410230.0,42.6,36.8,19.8,35.72
626830.0,3410230.0,42.6,36.8,19.8,35.72
626930.0,3410230.0,42.6,36.8,19.8,35.72
627030.0,3410230.0,42.6,36.8,19.8,35.72
627130.0,3410230.0,42.6,36.8,19.8,35.72
627230.0,3410230.0,42.6,36.8,19.8,35.72
627330.0,3410230.0,42.6,36.8,19.8,35.72
627430.0,3410230.0,42.6,36.8,19.8,35.72
627530.0,3410230.0,42.6,36.8,19.8,35.72
627630.0,3410230.0,42.6,36.8,19.8,35.72
627730.0,3410230.0,42.6,36.8,19.8,35.72
627830.0,3410230.0,42.6,36.8,19.8,35.72
627930.0,3410230.0,42.6,36.8,19.8,35.72
628030.0,3410230.0,42.6,36.8,19.8,35.72
628130.0,3410230.0,42.6,36.8,19.8,35.72
628230.0,3410230.0,42.6,36.8,19.8,35.72
628330.0,3410230.0,42.6,36.8,19.8,35.72
628430.0,3410230.0,42.6,36.8,19.8,35.72
628530.0,3410230.0,42.6,36.8,19.8,35.72
628630.0,3410230.0,42.6,36.8,19.8,35.72
628730.0,3410230.0,42.6,36.8,19.8,35.72
628830.0,3410230.0,42.6,36.8,19.8,35.72
628930.0,3410230.0,42.6,36.8,19.8,35.72
629030.0,3410230.0,42.6,36.8,19.8,35.72
629130.0,3410230.0,42.6,36.8,19.8,35.72
629230.0,3410230.0,42.6,36.8,19.8,35.72
629330.0,3410230.0,42.6,36.8,19.8,35.72
629430.0,3410230.0,42.6,36.8,19.8,35.72
629530.0,3410230.0,42.6,36.8,19.8,35.72
629630.0,3410230.0,42.6,36.8,19.8,35.72
629730.0,3410230.0,42.6,36.8,19.8,35.72
629830.0,3410230.0,42.6,36.8,19.8,35.72
629930.0,3410230.0,42.6,36.8,19.8,35.72
630030.0,3410230.0,42.6,36.8,19.8,35.72
630130.0,3410230.0,42.6,36.8,19.8,35.72
630230.0,3410230.0,42.6,36.8,19.8,35.72
630330.0,3410230.0,42.6,36.8,19.8,35.72
630430.0,3410230.0,42.6,36.8,19.8,35.72
630530.0,3410230.0,42.6,36.8,19.8,35.72
630630.0,3410230.0,42.6,36.8,19.8,35.72
630730.0,3410230.0,42.6,36.8,19.8,35.72
630830.0,3410230.0,42.6,36.8,19.8,35.72
630930.0,3410230.0,42.6,36.8,19.8,35.72
631030.0,3410230.0,42.6,36.8,19.8,35.72
631130.0,3410230.0,42.6,36.8,19.8,35.72
631230.0,3410230.0,42.6,36.8,19.8,35.72
631330.0,3410230.0,42.6,36.8,19.8,35.72
631430.0,3410230.0,42.6,36.8,19.8,35.72
631530.0,3410230.0,42.6,36.8,19.8,35.72
631630.0,3410230.0,42.6,36.8,19.8,35.72
631730.0,3410230.0,42.6,36.8,19.8,35.72
631830.0,3410230.0,42.6,36.8,19.8,35.72
631930.0,3410230.0,42.6,36.8,19.8,35.72
632030.0,3410230.0,42.6,36.8,19.8,35.72
632130.0,3410230.0,42.6,36.8,19.8,35.72
632230.0,3410230.0,42.6,36.8,19.8,35.72
632330.0,3410230.0,42.6,36.8,19.8,35.72
632430.0,3410230.0,42.6,36.8,19.8,35.72
632530.0,3410230.0,42.6,36.8,19.8,35.72
632630.0,3410230.0,42.6,36.8,19.8,35.72
632730.0,3410230.0,42.6,36.8,19.8,35.72
632830.0,3410230.0,42.6,36.8,19.8,35.72
632930.0,3410230.0,42.6,36.8,19.8,35.72
633030.0,3410230.0,42.6,36.8,19.8,35.72
633130.0,3410230.0,42.6,36.8,19.8,35.72
633230.0,3410230.0,42.6,36.8,19.8,35.72
633330.0,3410230.0,42.6,36.8,19.8,35.72
633430.0,3410230.0,42.6,36.8,19.8,35.72
633530.0,3410230.0,42.6,36.8,19.8,35.72
633630.0,3410230.0,42.6,36.8,19.8,35.72
633730.0,3410230.0,42.6,36.8,19.8,35.72
633830.0,3410230.0,42.6,36.8,19.8,35.72
633930.0,3410230.0,42.6,36.8,19.8,35.72
634030.0,3410230.0,42.6,36.8,19.8,35.72
634130.0,3410230.0,42.6,36.8,19.8,35.72
634230.0,3410230.0,42.6,36.8,19.8,35.72
634330.0,3410230.0,42.6,36.8,19.8,35.72
634430.0,3410230.0,42.6,36.8,19.8,35.72
634530.0,3410230.0,42.6,36.8,19.8,35.72
634630.0,3410230.0,42.6,36.8,19.8,35.72
634730.0,3410230.0,42.6,36.8,19.8,35.72
634830.0,3410230.0,42.6,36.8,19.8,35.72
634930.0,3410230.0,42.6,36.8,19.8,35.72
635030.0,3410230.0,42.6,36.8,19.8,35.72
635130.0,3410230.0,42.6,36.8,19.8,35.72
635230.0,3410230.0,42.6,36.8,19.8,35.72
635330.0,3410230.0,42.6,36.8,19.8,35.72
635430.0,3410230.0,42.6,36.8,19.8,35.72
635530.0,3410230.0,42.6,36.8,19.8,35.72
635630.0,3410230.0,42.6,36.8,19.8,35.72
635730.0,3410230.0,42.6,36.8,19.8,35.72
635830.0,3410230.0,42.6,36.8,19.8,35.72
635930.0,3410230.0,42.6,36.8,19.8,35.72
636030.0,3410230.0,42.6,36.8,19.8,35.72
636130.0,3410230.0,42.6,36.8,19.8,35.72
636230.0,3410230.0,42.6,36.8,19.8,35.72
636330.0,3410230.0,42.6,36.8,19.8,35.72
636430.0,3410230.0,42.6,36.8,19.8,35.72
636530.0,3410230.0,42.6,36.8,19.8,35.72
636630.0,3410230.0,42.6,36.8,19.8,35.72
636730.0,3410230.0,42.6,36.8,19.8,35.72
636830.0,3410230.0,42.6,36.8,19.8,35.72
636930.0,3410230.0,42.6,36.8,19.8,35.72
622730.0,3410130.0,42.6,36.8,19.8,35.72
622830.0,3410130.0,42.6,36.8,19.8,35.72
622930.0,3410130.0,42.6,36.8,19.8,35.72
623030.0,3410130.0,42.6,36.8,19.8,35.72
623130.0,3410130.0,42.6,36.8,19.8,35.72
623230.0,3410130.0,42.6,36.8,19.8,35.72
623330.0,3410130.0,42.6,36.8,19.8,35.72
623430.0,3410130.0,42.6,36.8,19.8,35.72
623530.0,3410130.0,42.6,36.8,19.8,35.72
623630.0,3410130.0,42.6,36.8,19.8,35.72
623730.0,3410130.0,42.6,36.8,19.8,35.72
623830.0,3410130.0,42.6,36.8,19.8,35.72
623930.0,3410130.0,42.6,36.8,19.8,35.72
624030.0,3410130.0,42.6,36.8,19.8,35.72
624130.0,3410130.0,42.6,36.8,19.8,35.72
624230.0,3410130.0,42.6,36.8,19.8,35.72
624330.0,3410130.0,42.6,36.8,19.8,35.72
624430.0,3410130.0,42.6,36.8,19.8,35.72
624530.0,3410130.0,42.6,36.8,19.8,35.72
624630.0,3410130.0,42.6,36.8,19.8,35.72
624730.0,3410130.0,42.6,36.8,19.8,35.72
624830.0,3410130.0,42.6,36.8,19.8,35.72
624930.0,3410130.0,42.6,36.8,19.8,35.72
625030.0,3410130.0,42.6,36.8,19.8,35.72
625130.0,3410130.0,42.6,36.8,19.8,35.72
625230.0,3410130.0,42.6,36.8,19.8,35.72
625330.0,3410130.0,42.6,36.8,19.8,35.72
625430.0,3410130.0,42.6,36.8,19.8,35.72
625530.0,3410130.0,42.6,36.8,19.8,35.72
625630.0,3410130.0,42.6,36.8,19.8,35.72
625730.0,3410130.0,42.6,36.8,19.8,35.72
625830.0,3410130.0,42.6,36.8,19.8,35.72
625930.0,3410130.0,42.6,36.8,19.8,35.72
626030.0,3410130.0,42.6,36.8,19.8,35.72
626130.0,3410130.0,42.6,36.8,19.8,35.72
626230.0,3410130.0,42.6,36.8,19.8,35.72
626330.0,3410130.0,42.6,36.8,19.8,35.72
626430.0,3410130.0,42.6,36.8,19.8,35.72
626530.0,3410130.0,42.6,36.8,19.8,35.72
626630.0,3410130.0,42.6,36.8,19.8,35.72
626730.0,3410130.0,42.6,36.8,19.8,35.72
626830.0,3410130.0,42.6,36.8,19.8,35.72
626930.0,3410130.0,42.6,36.8,19.8,35.72
627030.0,3410130.0,42.6,36.8,19.8,35.72
627130.0,3410130.0,42.6,36.8,19.8,35.72
627230.0,3410130.0,42.6,36.8,19.8,35.72
627330.0,3410130.0,42.6,36.8,19.8,35.72
627430.0,3410130.0,42.6,36.8,19.8,35.72
627530.0,3410130.0,42.6,36.8,19.8,35.72
627630.0,3410130.0,42.6,36.8,19.8,35.72
627730.0,3410130.0,42.6,36.8,19.8,35.72
627830.0,3410130.0,42.6,36.8,19.8,35.72
627930.0,3410130.0,42.6,36.8,19.8,35.72
628030.0,3410130.0,42.6,36.8,19.8,35.72
628130.0,3410130.0,42.6,36.8,19.8,35.72
628230.0,3410130.0,42.6,36.8,19.8,35.72
628330.0,3410130.0,42.6,36.8,19.8,35.72
628430.0,3410130.0,42.6,36.8,19.8,35.72
628530.0,3410130.0,42.6,36.8,19.8,35.72
628630.0,3410130.0,42.6,36.8,19.8,35.72
628730.0,3410130.0,42.6,36.8,19.8,35.72
628830.0,3410130.0,42.6,36.8,19.8,35.72
628930.0,3410130.0,42.6,36.8,19.8,35.72
629030.0,3410130.0,42.6,36.8,19.8,35.72
629130.0,3410130.0,42.6,36.8,19.8,35.72
629230.0,3410130.0,42.6,36.8,19.8,35.72
629330.0,3410130.0,42.6,36.8,19.8,35.72
629430.0,3410130.0,42.6,36.8,19.8,35.72
629530.0,3410130.0,42.6,36.8,19.8,35.72
629630.0,3410130.0,42.6,36.8,19.8,35.72
629730.0,3410130.0,42.6,36.8,19.8,35.72
629830.0,3410130.0,42.6,36.8,19.8,35.72
629930.0,3410130.0,42.6,36.8,19.8,35.72
630030.0,3410130.0,42.6,36.8,19.8,35.72
630130.0,3410130.0,42.6,36.8,19.8,35.72
630230.0,3410130.0,42.6,36.8,19.8,35.72
630330.0,3410130.0,42.6,36.8,19.8,35.72
630430.0,3410130.0,42.6,36.8,19.8,35.72
630530.0,3410130.0,42.6,36.8,19.8,35.72
630630.0,3410130.0,42.6,36.8,19.8,35.72
630730.0,3410130.0,42.6,36.8,19.8,35.72
630830.0,3410130.0,42.6,36.8,19.8,35.72
630930.0,3410130.0,42.6,36.8,19.8,35.72
631030.0,3410130.0,42.6,36.8,19.8,35.72
631130.0,3410130.0,42.6,36.8,19.8,35.72
631230.0,3410130.0,42.6,36.8,19.8,35.72
631330.0,3410130.0,42.6,36.8,19.8,35.72
631430.0,3410130.0,42.6,36.8,19.8,35.72
631530.0,3410130.0,42.6,36.8,19.8,35.72
631630.0,3410130.0,42.6,36.8,19.8,35.72
631730.0,3410130.0,42.6,36.8,19.8,35.72
631830.0,3410130.0,42.6,36.8,19.8,35.72
631930.0,3410130.0,42.6,36.8,19.8,35.72
632030.0,3410130.0,42.6,36.8,19.8,35.72
632130.0,3410130.0,42.6,36.8,19.8,35.72
632230.0,3410130.0,42.6,36.8,19.8,35.72
632330.0,3410130.0,42.6,36.8,19.8,35.72
632430.0,3410130.0,42.6,36.8,19.8,35.72
632530.0,3410130.0,42.6,36.8,19.8,35.72
632630.0,3410130.0,42.6,36.8,19.8,35.72
632730.0,3410130.0,42.6,36.8,19.8,35.72
632830.0,3410130.0,42.6,36.8,19.8,35.72
632930.0,3410130.0,42.6,36.8,19.8,35.72
633030.0,3410130.0,42.6,36.8,19.8,35.72
633130.0,3410130.0,42.6,36.8,19.8,35.72
633230.0,3410130.0,42.6,36.8,19.8,35.72
633330.0,3410130.0,42.6,36.8,19.8,35.72
633430.0,3410130.0,42.6,36.8,19.8,35.72
633530.0,3410130.0,42.6,36.8,19.8,35.72
633630.0,3410130.0,42.6,36.8,19.8,35.72
633730.0,3410130.0,42.6,36.8,19.8,35.72
633830.0,3410130.0,42.6,36.8,19.8,35.72
633930.0,3410130.0,42.6,36.8,19.8,35.72
634030.0,3410130.0,42.6,36.8,19.8,35.72
634130.0,3410130.0,42.6,36.8,19.8,35.72
634230.0,3410130.0,42.6,36.8,19.8,35.72
634330.0,3410130.0,42.6,36.8,19.8,35.72
634430.0,3410130.0,42.6,36.8,19.8,35.72
634530.0,3410130.0,42.6,36.8,19.8,35.72
634630.0,3410130.0,42.6,36.8,19.8,35.72
634730.0,3410130.0,42.6,36.8,19.8,35.72
634830.0,3410130.0,42.6,36.8,19.8,35.72
634930.0,3410130.0,42.6,36.8,19.8,35.72
635030.0,3410130.0,42.6,36.8,19.8,35.72
635130.0,3410130.0,42.6,36.8,19.8,35.72
635230.0,3410130.0,42.6,36.8,19.8,35.72
635330.0,3410130.0,42.6,36.8,19.8,35.72
635430.0,3410130.0,42.6,36.8,19.8,35.72
635530.0,3410130.0,42.6,36.8,19.8,35.72
635630.0,3410130.0,42.6,36.8,19.8,35.72
635730.0,3410130.0,42.6,36.8,19.8,35.72
635830.0,3410130.0,42.6,36.8,19.8,35.72
635930.0,3410130.0,42.6,36.8,19.8,35.72
636030.0,3410130.0,42.6,36.8,19.8,35.72
636130.0,3410130.0,42.6,36.8,19.8,35.72
636230.0,3410130.0,42.6,36.8,19.8,35.72
636330.0,3410130.0,42.6,36.8,19.8,35.72
636430.0,3410130.0,42.6,36.8,19.8,35.72
636530.0,3410130.0,42.6,36.8,19.8,35.72
636630.0,3410130.0,42.6,36.8,19.8,35.72
636730.0,3410130.0,42.6,36.8,19.8,35.72
636830.0,3410130.0,42.6,36.8,19.8,35.72
636930.0,3410130.0,42.6,36.8,19.8,35.72
622730.0,3410030.0,42.6,36.8,19.8,35.72
622830.0,3410030.0,42.6,36.8,19.8,35.72
622930.0,3410030.0,42.6,36.8,19.8,35.72
623030.0,3410030.0,42.6,36.8,19.8,35.72
623130.0,3410030.0,42.6,36.8,19.8,35.72
623230.0,3410030.0,42.6,36.8,19.8,35.72
623330.0,3410030.0,42.6,36.8,19.8,35.72
623430.0,3410030.0,42.6,36.8,19.8,35.72
623530.0,3410030.0,42.6,36.8,19.8,35.72
623630.0,3410030.0,42.6,36.8,19.8,35.72
623730.0,3410030.0,42.6,36.8,19.8,35.72
623830.0,3410030.0,42.6,36.8,19.8,35.72
623930.0,3410030.0,42.6,36.8,19.8,35.72
624030.0,3410030.0,42.6,36.8,19.8,35.72
624130.0,3410030.0,42.6,36.8,19.8,35.72
624230.0,3410030.0,42.6,36.8,19.8,35.72
624330.0,3410030.0,42.6,36.8,19.8,35.72
624430.0,3410030.0,42.6,36.8,19.8,35.72
624530.0,3410030.0,42.6,36.8,19.8,35.72
624630.0,3410030.0,42.6,36.8,19.8,35.72
624730.0,3410030.0,42.6,36.8,19.8,35.72
624830.0,3410030.0,42.6,36.8,19.8,35.72
624930.0,3410030.0,42.6,36.8,19.8,35.72
625030.0,3410030.0,42.6,36.8,19.8,35.72
625130.0,3410030.0,42.6,36.8,19.8,35.72
625230.0,3410030.0,42.6,36.8,19.8,35.72
625330.0,3410030.0,42.6,36.8,19.8,35.72
625430.0,3410030.0,42.6,36.8,19.8,35.72
625530.0,3410030.0,42.6,36.8,19.8,35.72
625630.0,3410030.0,42.6,36.8,19.8,35.72
625730.0,3410030.0,42.6,36.8,19.8,35.72
625830.0,3410030.0,42.6,36.8,19.8,35.72
625930.0,3410030.0,42.6,36.8,19.8,35.72
626030.0,3410030.0,42.6,36.8,19.8,35.72
626130.0,3410030.0,42.6,36.8,19.8,35.72
626230.0,3410030.0,42.6,36.8,19.8,35.72
626330.0,3410030.0,42.6,36.8,19.8,35.72
626430.0,3410030.0,42.6,36.8,19.8,35.72
626530.0,3410030.0,42.6,36.8,19.8,35.72
626630.0,3410030.0,42.6,36.8,19.8,35.72
626730.0,3410030.0,42.6,36.8,19.8,35.72
626830.0,3410030.0,42.6,36.8,19.8,35.72
626930.0,3410030.0,42.6,36.8,19.8,35.72
627030.0,3410030.0,42.6,36.8,19.8,35.72
627130.0,3410030.0,42.6,36.8,19.8,35.72
627230.0,3410030.0,42.6,36.8,19.8,35.72
627330.0,3410030.0,42.6,36.8,19.8,35.72
627430.0,3410030.0,42.6,36.8,19.8,35.72
627530.0,3410030.0,42.6,36.8,19.8,35.72
627630.0,3410030.0,42.6,36.8,19.8,35.72
627730.0,3410030.0,42.6,36.8,19.8,35.72
627830.0,3410030.0,42.6,36.8,19.8,35.72
627930.0,3410030.0,42.6,36.8,19.8,35.72
628030.0,3410030.0,42.6,36.8,19.8,35.72
628130.0,3410030.0,42.6,36.8,19.8,35.72
628230.0,3410030.0,42.6,36.8,19.8,35.72
628330.0,3410030.0,42.6,36.8,19.8,35.72
628430.0,3410030.0,42.6,36.8,19.8,35.72
628530.0,3410030.0,42.6,36.8,19.8,35.72
628630.0,3410030.0,42.6,36.8,19.8,35.72
628730.0,3410030.0,42.6,36.8,19.8,35.72
628830.0,3410030.0,42.6,36.8,19.8,35.72
628930.0,3410030.0,42.6,36.8,19.8,35.72
629030.0,3410030.0,42.6,36.8,19.8,35.72
629130.0,3410030.0,42.6,36.8,19.8,35.72
629230.0,3410030.0,42.6,36.8,19.8,35.72
629330.0,3410030.0,42.6,36.8,19.8,35.72
629430.0,3410030.0,42.6,36.8,19.8,35.72
629530.0,3410030.0,42.6,36.8,19.8,35.72
629630.0,3410030.0,42.6,36.8,19.8,35.72
629730.0,3410030.0,42.6,36.8,19.8,35.72
629830.0,3410030.0,42.6,36.8,19.8,35.72
629930.0,3410030.0,42.6,36.8,19.8,35.72
630030.0,3410030.0,42.6,36.8,19.8,35.72
630130.0,3410030.0,42.6,36.8,19.8,35.72
630230.0,3410030.0,42.6,36.8,19.8,35.72
630330.0,3410030.0,42.6,36.8,19.8,35.72
630430.0,3410030.0,42.6,36.8,19.8,35.72
630530.0,3410030.0,42.6,36.8,19.8,35.72
630630.0,3410030.0,42.6,36.8,19.8,35.72
630730.0,3410030.0,42.6,36.8,19.8,35.72
630830.0,3410030.0,42.6,36.8,19.8,35.72
630930.0,3410030.0,42.6,36.8,19.8,35.72
631030.0,3410030.0,42.6,36.8,19.8,35.72
631130.0,3410030.0,42.6,36.8,19.8,35.72
631230.0,3410030.0,42.6,36.8,19.8,35.72
631330.0,3410030.0,42.6,36.8,19.8,35.72
631430.0,3410030.0,42.6,36.8,19.8,35.72
631530.0,3410030.0,42.6,36.8,19.8,35.72
631630.0,3410030.0,42.6,36.8,19.8,35.72
631730.0,3410030.0,42.6,36.8,19.8,35.72
631830.0,3410030.0,42.6,36.8,19.8,35.72
631930.0,3410030.0,42.6,36.8,19.8,35.72
632030.0,3410030.0,42.6,36.8,19.8,35.72
632130.0,3410030.0,42.6,36.8,19.8,35.72
632230.0,3410030.0,42.6,36.8,19.8,35.72
632330.0,3410030.0,42.6,36.8,19.8,35.72
632430.0,3410030.0,42.6,36.8,19.8,35.72
632530.0,3410030.0,42.6,36.8,19.8,35.72
632630.0,3410030.0,42.6,36.8,19.8,35.72
632730.0,3410030.0,42.6,36.8,19.8,35.72
632830.0,3410030.0,42.6,36.8,19.8,35.72
632930.0,3410030.0,42.6,36.8,19.8,35.72
633030.0,3410030.0,42.6,36.8,19.8,35.72
633130.0,3410030.0,42.6,36.8,19.8,35.72
633230.0,3410030.0,42.6,36.8,19.8,35.72
633330.0,3410030.0,42.6,36.8,19.8,35.72
633430.0,3410030.0,42.6,36.8,19.8,35.72
633530.0,3410030.0,42.6,36.8,19.8,35.72
633630.0,3410030.0,42.6,36.8,19.8,35.72
633730.0,3410030.0,42.6,36.8,19.8,35.72
633830.0,3410030.0,42.6,36.8,19.8,35.72
633930.0,3410030.0,42.6,36.8,19.8,35.72
634030.0,3410030.0,42.6,36.8,19.8,35.72
634130.0,3410030.0,42.6,36.8,19.8,35.72
634230.0,3410030.0,42.6,36.8,19.8,35.72
634330.0,3410030.0,42.6,36.8,19.8,35.72
634430.0,3410030.0,42.6,36.8,19.8,35.72
634530.0,3410030.0,42.6,36.8,19.8,35.72
634630.0,3410030.0,42.6,36.8,19.8,35.72
634730.0,3410030.0,42.6,36.8,19.8,35.72
634830.0,3410030.0,42.6,36.8,19.8,35.72
634930.0,3410030.0,42.6,36.8,19.8,35.72
635030.0,3410030.0,42.6,36.8,19.8,35.72
635130.0,3410030.0,42.6,36.8,19.8,35.72
635230.0,3410030.0,42.6,36.8,19.8,35.72
635330.0,3410030.0,42.6,36.8,19.8,35.72
635430.0,3410030.0,42.6,36.8,19.8,35.72
635530.0,3410030.0,42.6,36.8,19.8,35.72
635630.0,3410030.0,42.6,36.8,19.8,35.72
635730.0,3410030.0,42.6,36.8,19.8,35.72
635830.0,3410030.0,42.6,36.8,19.8,35.72
635930.0,3410030.0,42.6,36.8,19.8,35.72
636030.0,3410030.0,42.6,36.8,19.8,35.72
636130.0,3410030.0,42.6,36.8,19.8,35.72
636230.0,3410030.0,42.6,36.8,19.8,35.72
636330.0,3410030.0,42.6,36.8,19.8,35.72
636430.0,3410030.0,42.6,36.8,19.8,35.72
636530.0,3410030.0,42.6,36.8,19.8,35.72
636630.0,3410030.0,42.6,36.8,19.8,35.72
636730.0,3410030.0,42.6,36.8,19.8,35.72
636830.0,3410030.0,42.6,36.8,19.8,35.72
636930.0,3410030.0,42.6,36.8,19.8,35.72
622830.0,3409930.0,42.6,36.8,19.8,35.72
622930.0,3409930.0,42.6,36.8,19.8,35.72
623030.0,3409930.0,42.6,36.8,19.8,35.72
623130.0,3409930.0,42.6,36.8,19.8,35.72
623230.0,3409930.0,42.6,36.8,19.8,35.72
623330.0,3409930.0,42.6,36.8,19.8,35.72
623430.0,3409930.0,42.6,36.8,19.8,35.72
623530.0,3409930.0,42.6,36.8,19.8,35.72
623630.0,3409930.0,42.6,36.8,19.8,35.72
623730.0,3409930.0,42.6,36.8,19.8,35.72
623830.0,3409930.0,42.6,36.8,19.8,35.72
623930.0,3409930.0,42.6,36.8,19.8,35.72
624030.0,3409930.0,42.6,36.8,19.8,35.72
624130.0,3409930.0,42.6,36.8,19.8,35.72
624230.0,3409930.0,42.6,36.8,19.8,35.72
624330.0,3409930.0,42.6,36.8,19.8,35.72
624430.0,3409930.0,42.6,36.8,19.8,35.72
624530.0,3409930.0,42.6,36.8,19.8,35.72
624630.0,3409930.0,42.6,36.8,19.8,35.72
624730.0,3409930.0,42.6,36.8,19.8,35.72
624830.0,3409930.0,42.6,36.8,19.8,35.72
624930.0,3409930.0,42.6,36.8,19.8,35.72
625030.0,3409930.0,42.6,36.8,19.8,35.72
625130.0,3409930.0,42.6,36.8,19.8,35.72
625230.0,3409930.0,42.6,36.8,19.8,35.72
625330.0,3409930.0,42.6,36.8,19.8,35.72
625430.0,3409930.0,42.6,36.8,19.8,35.72
625530.0,3409930.0,42.6,36.8,19.8,35.72
625630.0,3409930.0,42.6,36.8,19.8,35.72
625730.0,3409930.0,42.6,36.8,19.8,35.72
625830.0,3409930.0,42.6,36.8,19.8,35.72
625930.0,3409930.0,42.6,36.8,19.8,35.72
626030.0,3409930.0,42.6,36.8,19.8,35.72
626130.0,3409930.0,42.6,36.8,19.8,35.72
626230.0,3409930.0,42.6,36.8,19.8,35.72
626330.0,3409930.0,42.6,36.8,19.8,35.72
626430.0,3409930.0,42.6,36.8,19.8,35.72
626530.0,3409930.0,42.6,36.8,19.8,35.72
626630.0,3409930.0,42.6,36.8,19.8,35.72
626730.0,3409930.0,42.6,36.8,19.8,35.72
626830.0,3409930.0,42.6,36.8,19.8,35.72
626930.0,3409930.0,42.6,36.8,19.8,35.72
627030.0,3409930.0,42.6,36.8,19.8,35.72
627130.0,3409930.0,42.6,36.8,19.8,35.72
627230.0,3409930.0,42.6,36.8,19.8,35.72
627330.0,3409930.0,42.6,36.8,19.8,35.72
627430.0,3409930.0,42.6,36.8,19.8,35.72
627530.0,3409930.0,42.6,36.8,19.8,35.72
627630.0,3409930.0,42.6,36.8,19.8,35.72
627730.0,3409930.0,42.6,36.8,19.8,35.72
627830.0,3409930.0,42.6,36.8,19.8,35.72
627930.0,3409930.0,42.6,36.8,19.8,35.72
628030.0,3409930.0,42.6,36.8,19.8,35.72
628130.0,3409930.0,42.6,36.8,19.8,35.72
628230.0,3409930.0,42.6,36.8,19.8,35.72
628330.0,3409930.0,42.6,36.8,19.8,35.72
628430.0,3409930.0,42.6,36.8,19.8,35.72
628530.0,3409930.0,42.6,36.8,19.8,35.72
628630.0,3409930.0,42.6,36.8,19.8,35.72
628730.0,3409930.0,42.6,36.8,19.8,35.72
628830.0,3409930.0,42.6,36.8,19.8,35.72
628930.0,3409930.0,42.6,36.8,19.8,35.72
629030.0,3409930.0,42.6,36.8,19.8,35.72
629130.0,3409930.0,42.6,36.8,19.8,35.72
629230.0,3409930.0,42.6,36.8,19.8,35.72
629330.0,3409930.0,42.6,36.8,19.8,35.72
629430.0,3409930.0,42.6,36.8,19.8,35.72
629530.0,3409930.0,42.6,36.8,19.8,35.72
629630.0,3409930.0,42.6,36.8,19.8,35.72
629730.0,3409930.0,42.6,36.8,19.8,35.72
629830.0,3409930.0,42.6,36.8,19.8,35.72
629930.0,3409930.0,42.6,36.8,19.8,35.72
630030.0,3409930.0,42.6,36.8,19.8,35.72
630130.0,3409930.0,42.6,36.8,19.8,35.72
630230.0,3409930.0,42.6,36.8,19.8,35.72
630330.0,3409930.0,42.6,36.8,19.8,35.72
630430.0,3409930.0,42.6,36.8,19.8,35.72
630530.0,3409930.0,42.6,36.8,19.8,35.72
630630.0,3409930.0,42.6,36.8,19.8,35.72
630730.0,3409930.0,42.6,36.8,19.8,35.72
630830.0,3409930.0,42.6,36.8,19.8,35.72
630930.0,3409930.0,42.6,36.8,19.8,35.72
631030.0,3409930.0,42.6,36.8,19.8,35.72
631130.0,3409930.0,42.6,36.8,19.8,35.72
631230.0,3409930.0,42.6,36.8,19.8,35.72
631330.0,3409930.0,42.6,36.8,19.8,35.72
631430.0,3409930.0,42.6,36.8,19.8,35.72
631530.0,3409930.0,42.6,36.8,19.8,35.72
631630.0,3409930.0,42.6,36.8,19.8,35.72
631730.0,3409930.0,42.6,36.8,19.8,35.72
631830.0,3409930.0,42.6,36.8,19.8,35.72
631930.0,3409930.0,42.6,36.8,19.8,35.72
632030.0,3409930.0,42.6,36.8,19.8,35.72
632130.0,3409930.0,42.6,36.8,19.8,35.72
632230.0,3409930.0,42.6,36.8,19.8,35.72
632330.0,3409930.0,42.6,36.8,19.8,35.72
632430.0,3409930.0,42.6,36.8,19.8,35.72
632530.0,3409930.0,42.6,36.8,19.8,35.72
632630.0,3409930.0,42.6,36.8,19.8,35.72
632730.0,3409930.0,42.6,36.8,19.8,35.72
632830.0,3409930.0,42.6,36.8,19.8,35.72
632930.0,3409930.0,42.6,36.8,19.8,35.72
633030.0,3409930.0,42.6,36.8,19.8,35.72
633130.0,3409930.0,42.6,36.8,19.8,35.72
633230.0,3409930.0,42.6,36.8,19.8,35.72
633330.0,3409930.0,42.6,36.8,19.8,35.72
633430.0,3409930.0,42.6,36.8,19.8,35.72
633530.0,3409930.0,42.6,36.8,19.8,35.72
633630.0,3409930.0,42.6,36.8,19.8,35.72
633730.0,3409930.0,42.6,36.8,19.8,35.72
633830.0,3409930.0,42.6,36.8,19.8,35.72
633930.0,3409930.0,42.6,36.8,19.8,35.72
634030.0,3409930.0,42.6,36.8,19.8,35.72
634130.0,3409930.0,42.6,36.8,19.8,35.72
634230.0,3409930.0,42.6,36.8,19.8,35.72
634330.0,3409930.0,42.6,36.8,19.8,35.72
634430.0,3409930.0,42.6,36.8,19.8,35.72
634530.0,3409930.0,42.6,36.8,19.8,35.72
634630.0,3409930.0,42.6,36.8,19.8,35.72
634730.0,3409930.0,42.6,36.8,19.8,35.72
634830.0,3409930.0,42.6,36.8,19.8,35.72
634930.0,3409930.0,42.6,36.8,19.8,35.72
635030.0,3409930.0,42.6,36.8,19.8,35.72
635130.0,3409930.0,42.6,36.8,19.8,35.72
635230.0,3409930.0,42.6,36.8,19.8,35.72
635330.0,3409930.0,42.6,36.8,19.8,35.72
635430.0,3409930.0,42.6,36.8,19.8,35.72
635530.0,3409930.0,42.6,36.8,19.8,35.72
635630.0,3409930.0,42.6,36.8,19.8,35.72
635730.0,3409930.0,42.6,36.8,19.8,35.72
635830.0,3409930.0,42.6,36.8,19.8,35.72
635930.0,3409930.0,42.6,36.8,19.8,35.72
636030.0,3409930.0,42.6,36.8,19.8,35.72
636130.0,3409930.0,42.6,36.8,19.8,35.72
636230.0,3409930.0,42.6,36.8,19.8,35.72
636330.0,3409930.0,42.6,36.8,19.8,35.72
636430.0,3409930.0,42.6,36.8,19.8,35.72
636530.0,3409930.0,42.6,36.8,19.8,35.72
636630.0,3409930.0,42.6,36.8,19.8,35.72
636730.0,3409930.0,42.6,36.8,19.8,35.72
636830.0,3409930.0,42.6,36.8,19.8,35.72
636930.0,3409930.0,42.6,36.8,19.8,35.72
622830.0,3409830.0,42.6,36.8,19.8,35.72
622930.0,3409830.0,42.6,36.8,19.8,35.72
623030.0,3409830.0,42.6,36.8,19.8,35.72
623130.0,3409830.0,42.6,36.8,19.8,35.72
623230.0,3409830.0,42.6,36.8,19.8,35.72
623330.0,3409830.0,42.6,36.8,19.8,35.72
623430.0,3409830.0,42.6,36.8,19.8,35.72
623530.0,3409830.0,42.6,36.8,19.8,35.72
623630.0,3409830.0,42.6,36.8,19.8,35.72
623730.0,3409830.0,42.6,36.8,19.8,35.72
623830.0,3409830.0,42.6,36.8,19.8,35.72
623930.0,3409830.0,42.6,36.8,19.8,35.72
624030.0,3409830.0,42.6,36.8,19.8,35.72
624130.0,3409830.0,42.6,36.8,19.8,35.72
624230.0,3409830.0,42.6,36.8,19.8,35.72
624330.0,3409830.0,42.6,36.8,19.8,35.72
624430.0,3409830.0,42.6,36.8,19.8,35.72
624530.0,3409830.0,42.6,36.8,19.8,35.72
624630.0,3409830.0,42.6,36.8,19.8,35.72
624730.0,3409830.0,42.6,36.8,19.8,35.72
624830.0,3409830.0,42.6,36.8,19.8,35.72
624930.0,3409830.0,42.6,36.8,19.8,35.72
625030.0,3409830.0,42.6,36.8,19.8,35.72
625130.0,3409830.0,42.6,36.8,19.8,35.72
625230.0,3409830.0,42.6,36.8,19.8,35.72
625330.0,3409830.0,42.6,36.8,19.8,35.72
625430.0,3409830.0,42.6,36.8,19.8,35.72
625530.0,3409830.0,42.6,36.8,19.8,35.72
625630.0,3409830.0,42.6,36.8,19.8,35.72
625730.0,3409830.0,42.6,36.8,19.8,35.72
625830.0,3409830.0,42.6,36.8,19.8,35.72
625930.0,3409830.0,42.6,36.8,19.8,35.72
626030.0,3409830.0,42.6,36.8,19.8,35.72
626130.0,3409830.0,42.6,36.8,19.8,35.72
626230.0,3409830.0,42.6,36.8,19.8,35.72
626330.0,3409830.0,42.6,36.8,19.8,35.72
626430.0,3409830.0,42.6,36.8,19.8,35.72
626530.0,3409830.0,42.6,36.8,19.8,35.72
626630.0,3409830.0,42.6,36.8,19.8,35.72
626730.0,3409830.0,42.6,36.8,19.8,35.72
626830.0,3409830.0,42.6,36.8,19.8,35.72
626930.0,3409830.0,42.6,36.8,19.8,35.72
627030.0,3409830.0,42.6,36.8,19.8,35.72
627130.0,3409830.0,42.6,36.8,19.8,35.72
627230.0,3409830.0,42.6,36.8,19.8,35.72
627330.0,3409830.0,42.6,36.8,19.8,35.72
627430.0,3409830.0,42.6,36.8,19.8,35.72
627530.0,3409830.0,42.6,36.8,19.8,35.72
627630.0,3409830.0,42.6,36.8,19.8,35.72
627730.0,3409830.0,42.6,36.8,19.8,35.72
627830.0,3409830.0,42.6,36.8,19.8,35.72
627930.0,3409830.0,42.6,36.8,19.8,35.72
628030.0,3409830.0,42.6,36.8,19.8,35.72
628130.0,3409830.0,42.6,36.8,19.8,35.72
628230.0,3409830.0,42.6,36.8,19.8,35.72
628330.0,3409830.0,42.6,36.8,19.8,35.72
628430.0,3409830.0,42.6,36.8,19.8,35.72
628530.0,3409830.0,42.6,36.8,19.8,35.72
628630.0,3409830.0,42.6,36.8,19.8,35.72
628730.0,3409830.0,42.6,36.8,19.8,35.72
628830.0,3409830.0,42.6,36.8,19.8,35.72
628930.0,3409830.0,42.6,36.8,19.8,35.72
629030.0,3409830.0,42.6,36.8,19.8,35.72
629130.0,3409830.0,42.6,36.8,19.8,35.72
629230.0,3409830.0,42.6,36.8,19.8,35.72
629330.0,3409830.0,42.6,36.8,19.8,35.72
629430.0,3409830.0,42.6,36.8,19.8,35.72
629530.0,3409830.0,42.6,36.8,19.8,35.72
629630.0,3409830.0,42.6,36.8,19.8,35.72
629730.0,3409830.0,42.6,36.8,19.8,35.72
629830.0,3409830.0,42.6,36.8,19.8,35.72
629930.0,3409830.0,42.6,36.8,19.8,35.72
630030.0,3409830.0,42.6,36.8,19.8,35.72
630130.0,3409830.0,42.6,36.8,19.8,35.72
630230.0,3409830.0,42.6,36.8,19.8,35.72
630330.0,3409830.0,42.6,36.8,19.8,35.72
630430.0,3409830.0,42.6,36.8,19.8,35.72
630530.0,3409830.0,42.6,36.8,19.8,35.72
630630.0,3409830.0,42.6,36.8,19.8,35.72
630730.0,3409830.0,42.6,36.8,19.8,35.72
630830.0,3409830.0,42.6,36.8,19.8,35.72
630930.0,3409830.0,42.6,36.8,19.8,35.72
631030.0,3409830.0,42.6,36.8,19.8,35.72
631130.0,3409830.0,42.6,36.8,19.8,35.72
631230.0,3409830.0,42.6,36.8,19.8,35.72
631330.0,3409830.0,42.6,36.8,19.8,35.72
631430.0,3409830.0,42.6,36.8,19.8,35.72
631530.0,3409830.0,42.6,36.8,19.8,35.72
631630.0,3409830.0,42.6,36.8,19.8,35.72
631730.0,3409830.0,42.6,36.8,19.8,35.72
631830.0,3409830.0,42.6,36.8,19.8,35.72
631930.0,3409830.0,42.6,36.8,19.8,35.72
632030.0,3409830.0,42.6,36.8,19.8,35.72
632130.0,3409830.0,42.6,36.8,19.8,35.72
632230.0,3409830.0,42.6,36.8,19.8,35.72
632330.0,3409830.0,42.6,36.8,19.8,35.72
632430.0,3409830.0,42.6,36.8,19.8,35.72
632530.0,3409830.0,42.6,36.8,19.8,35.72
632630.0,3409830.0,42.6,36.8,19.8,35.72
632730.0,3409830.0,42.6,36.8,19.8,35.72
632830.0,3409830.0,42.6,36.8,19.8,35.72
632930.0,3409830.0,42.6,36.8,19.8,35.72
633030.0,3409830.0,42.6,36.8,19.8,35.72
633130.0,3409830.0,42.6,36.8,19.8,35.72
633230.0,3409830.0,42.6,36.8,19.8,35.72
633330.0,3409830.0,42.6,36.8,19.8,35.72
633430.0,3409830.0,42.6,36.8,19.8,35.72
633530.0,3409830.0,42.6,36.8,19.8,35.72
633630.0,3409830.0,42.6,36.8,19.8,35.72
633730.0,3409830.0,42.6,36.8,19.8,35.72
633830.0,3409830.0,42.6,36.8,19.8,35.72
633930.0,3409830.0,42.6,36.8,19.8,35.72
634030.0,3409830.0,42.6,36.8,19.8,35.72
634130.0,3409830.0,42.6,36.8,19.8,35.72
634230.0,3409830.0,42.6,36.8,19.8,35.72
634330.0,3409830.0,42.6,36.8,19.8,35.72
634430.0,3409830.0,42.6,36.8,19.8,35.72
634530.0,3409830.0,42.6,36.8,19.8,35.72
634630.0,3409830.0,42.6,36.8,19.8,35.72
634730.0,3409830.0,42.6,36.8,19.8,35.72
634830.0,3409830.0,42.6,36.8,19.8,35.72
634930.0,3409830.0,42.6,36.8,19.8,35.72
635030.0,3409830.0,42.6,36.8,19.8,35.72
635130.0,3409830.0,42.6,36.8,19.8,35.72
635230.0,3409830.0,42.6,36.8,19.8,35.72
635330.0,3409830.0,42.6,36.8,19.8,35.72
635430.0,3409830.0,42.6,36.8,19.8,35.72
635530.0,3409830.0,42.6,36.8,19.8,35.72
635630.0,3409830.0,42.6,36.8,19.8,35.72
635730.0,3409830.0,42.6,36.8,19.8,35.72
635830.0,3409830.0,42.6,36.8,19.8,35.72
635930.0,3409830.0,42.6,36.8,19.8,35.72
636030.0,3409830.0,42.6,36.8,19.8,35.72
636130.0,3409830.0,42.6,36.8,19.8,35.72
636230.0,3409830.0,42.6,36.8,19.8,35.72
636330.0,3409830.0,42.6,36.8,19.8,35.72
636430.0,3409830.0,42.6,36.8,19.8,35.72
636530.0,3409830.0,42.6,36.8,19.8,35.72
636630.0,3409830.0,42.6,36.8,19.8,35.72
636730.0,3409830.0,42.6,36.8,19.8,35.72
636830.0,3409830.0,42.6,36.8,19.8,35.72
636930.0,3409830.0,42.6,36.8,19.8,35.72
622930.0,3409730.0,42.6,36.8,19.8,35.72
623030.0,3409730.0,42.6,36.8,19.8,35.72
623130.0,3409730.0,42.6,36.8,19.8,35.72
623230.0,3409730.0,42.6,36.8,19.8,35.72
623330.0,3409730.0,42.6,36.8,19.8,35.72
623430.0,3409730.0,42.6,36.8,19.8,35.72
623530.0,3409730.0,42.6,36.8,19.8,35.72
623630.0,3409730.0,42.6,36.8,19.8,35.72
623730.0,3409730.0,42.6,36.8,19.8,35.72
623830.0,3409730.0,42.6,36.8,19.8,35.72
623930.0,3409730.0,42.6,36.8,19.8,35.72
624030.0,3409730.0,42.6,36.8,19.8,35.72
624130.0,3409730.0,42.6,36.8,19.8,35.72
624230.0,3409730.0,42.6,36.8,19.8,35.72
624330.0,3409730.0,42.6,36.8,19.8,35.72
624430.0,3409730.0,42.6,36.8,19.8,35.72
624530.0,3409730.0,42.6,36.8,19.8,35.72
624630.0,3409730.0,42.6,36.8,19.8,35.72
624730.0,3409730.0,42.6,36.8,19.8,35.72
624830.0,3409730.0,42.6,36.8,19.8,35.72
624930.0,3409730.0,42.6,36.8,19.8,35.72
625030.0,3409730.0,42.6,36.8,19.8,35.72
625130.0,3409730.0,42.6,36.8,19.8,35.72
625230.0,3409730.0,42.6,36.8,19.8,35.72
625330.0,3409730.0,42.6,36.8,19.8,35.72
625430.0,3409730.0,42.6,36.8,19.8,35.72
625530.0,3409730.0,42.6,36.8,19.8,35.72
625630.0,3409730.0,42.6,36.8,19.8,35.72
625730.0,3409730.0,42.6,36.8,19.8,35.72
625830.0,3409730.0,42.6,36.8,19.8,35.72
625930.0,3409730.0,42.6,36.8,19.8,35.72
626030.0,3409730.0,42.6,36.8,19.8,35.72
626130.0,3409730.0,42.6,36.8,19.8,35.72
626230.0,3409730.0,42.6,36.8,19.8,35.72
626330.0,3409730.0,42.6,36.8,19.8,35.72
626430.0,3409730.0,42.6,36.8,19.8,35.72
626530.0,3409730.0,42.6,36.8,19.8,35.72
626630.0,3409730.0,42.6,36.8,19.8,35.72
626730.0,3409730.0,42.6,36.8,19.8,35.72
626830.0,3409730.0,42.6,36.8,19.8,35.72
626930.0,3409730.0,42.6,36.8,19.8,35.72
627030.0,3409730.0,42.6,36.8,19.8,35.72
627130.0,3409730.0,42.6,36.8,19.8,35.72
627230.0,3409730.0,42.6,36.8,19.8,35.72
627330.0,3409730.0,42.6,36.8,19.8,35.72
627430.0,3409730.0,42.6,36.8,19.8,35.72
627530.0,3409730.0,42.6,36.8,19.8,35.72
627630.0,3409730.0,42.6,36.8,19.8,35.72
627730.0,3409730.0,42.6,36.8,19.8,35.72
627830.0,3409730.0,42.6,36.8,19.8,35.72
627930.0,3409730.0,42.6,36.8,19.8,35.72
628030.0,3409730.0,42.6,36.8,19.8,35.72
628130.0,3409730.0,42.6,36.8,19.8,35.72
628230.0,3409730.0,42.6,36.8,19.8,35.72
628330.0,3409730.0,42.6,36.8,19.8,35.72
628430.0,3409730.0,42.6,36.8,19.8,35.72
628530.0,3409730.0,42.6,36.8,19.8,35.72
628630.0,3409730.0,42.6,36.8,19.8,35.72
628730.0,3409730.0,42.6,36.8,19.8,35.72
628830.0,3409730.0,42.6,36.8,19.8,35.72
628930.0,3409730.0,42.6,36.8,19.8,35.72
629030.0,3409730.0,42.6,36.8,19.8,35.72
629130.0,3409730.0,42.6,36.8,19.8,35.72
629230.0,3409730.0,42.6,36.8,19.8,35.72
629330.0,3409730.0,42.6,36.8,19.8,35.72
629430.0,3409730.0,42.6,36.8,19.8,35.72
629530.0,3409730.0,42.6,36.8,19.8,35.72
629630.0,3409730.0,42.6,36.8,19.8,35.72
629730.0,3409730.0,42.6,36.8,19.8,35.72
629830.0,3409730.0,42.6,36.8,19.8,35.72
629930.0,3409730.0,42.6,36.8,19.8,35.72
630030.0,3409730.0,42.6,36.8,19.8,35.72
630130.0,3409730.0,42.6,36.8,19.8,35.72
630230.0,3409730.0,42.6,36.8,19.8,35.72
630330.0,3409730.0,42.6,36.8,19.8,35.72
630430.0,3409730.0,42.6,36.8,19.8,35.72
630530.0,3409730.0,42.6,36.8,19.8,35.72
630630.0,3409730.0,42.6,36.8,19.8,35.72
630730.0,3409730.0,42.6,36.8,19.8,35.72
630830.0,3409730.0,42.6,36.8,19.8,35.72
630930.0,3409730.0,42.6,36.8,19.8,35.72
631030.0,3409730.0,42.6,36.8,19.8,35.72
631130.0,3409730.0,42.6,36.8,19.8,35.72
631230.0,3409730.0,42.6,36.8,19.8,35.72
631330.0,3409730.0,42.6,36.8,19.8,35.72
631430.0,3409730.0,42.6,36.8,19.8,35.72
631530.0,3409730.0,42.6,36.8,19.8,35.72
631630.0,3409730.0,42.6,36.8,19.8,35.72
631730.0,3409730.0,42.6,36.8,19.8,35.72
631830.0,3409730.0,42.6,36.8,19.8,35.72
631930.0,3409730.0,42.6,36.8,19.8,35.72
632030.0,3409730.0,42.6,36.8,19.8,35.72
632130.0,3409730.0,42.6,36.8,19.8,35.72
632230.0,3409730.0,42.6,36.8,19.8,35.72
632330.0,3409730.0,42.6,36.8,19.8,35.72
632430.0,3409730.0,42.6,36.8,19.8,35.72
632530.0,3409730.0,42.6,36.8,19.8,35.72
632630.0,3409730.0,42.6,36.8,19.8,35.72
632730.0,3409730.0,42.6,36.8,19.8,35.72
632830.0,3409730.0,42.6,36.8,19.8,35.72
632930.0,3409730.0,42.6,36.8,19.8,35.72
633030.0,3409730.0,42.6,36.8,19.8,35.72
633130.0,3409730.0,42.6,36.8,19.8,35.72
633230.0,3409730.0,42.6,36.8,19.8,35.72
633330.0,3409730.0,42.6,36.8,19.8,35.72
633430.0,3409730.0,42.6,36.8,19.8,35.72
633530.0,3409730.0,42.6,36.8,19.8,35.72
633630.0,3409730.0,42.6,36.8,19.8,35.72
633730.0,3409730.0,42.6,36.8,19.8,35.72
633830.0,3409730.0,42.6,36.8,19.8,35.72
633930.0,3409730.0,42.6,36.8,19.8,35.72
634030.0,3409730.0,42.6,36.8,19.8,35.72
634130.0,3409730.0,42.6,36.8,19.8,35.72
634230.0,3409730.0,42.6,36.8,19.8,35.72
634330.0,3409730.0,42.6,36.8,19.8,35.72
634430.0,3409730.0,42.6,36.8,19.8,35.72
634530.0,3409730.0,42.6,36.8,19.8,35.72
634630.0,3409730.0,42.6,36.8,19.8,35.72
634730.0,3409730.0,42.6,36.8,19.8,35.72
634830.0,3409730.0,42.6,36.8,19.8,35.72
634930.0,3409730.0,42.6,36.8,19.8,35.72
635030.0,3409730.0,42.6,36.8,19.8,35.72
635130.0,3409730.0,42.6,36.8,19.8,35.72
635230.0,3409730.0,42.6,36.8,19.8,35.72
635330.0,3409730.0,42.6,36.8,19.8,35.72
635430.0,3409730.0,42.6,36.8,19.8,35.72
635530.0,3409730.0,42.6,36.8,19.8,35.72
635630.0,3409730.0,42.6,36.8,19.8,35.72
635730.0,3409730.0,42.6,36.8,19.8,35.72
635830.0,3409730.0,42.6,36.8,19.8,35.72
635930.0,3409730.0,42.6,36.8,19.8,35.72
636030.0,3409730.0,42.6,36.8,19.8,35.72
636130.0,3409730.0,42.6,36.8,19.8,35.72
636230.0,3409730.0,42.6,36.8,19.8,35.72
636330.0,3409730.0,42.6,36.8,19.8,35.72
636430.0,3409730.0,42.6,36.8,19.8,35.72
636530.0,3409730.0,42.6,36.8,19.8,35.72
636630.0,3409730.0,42.6,36.8,19.8,35.72
636730.0,3409730.0,42.6,36.8,19.8,35.72
636830.0,3409730.0,42.6,36.8,19.8,35.72
636930.0,3409730.0,42.6,36.8,19.8,35.72
623030.0,3409630.0,42.6,36.8,19.8,35.72
623130.0,3409630.0,42.6,36.8,19.8,35.72
623230.0,3409630.0,42.6,36.8,19.8,35.72
623330.0,3409630.0,42.6,36.8,19.8,35.72
623430.0,3409630.0,42.6,36.8,19.8,35.72
623530.0,3409630.0,42.6,36.8,19.8,35.72
623630.0,3409630.0,42.6,36.8,19.8,35.72
623730.0,3409630.0,42.6,36.8,19.8,35.72
623830.0,3409630.0,42.6,36.8,19.8,35.72
623930.0,3409630.0,42.6,36.8,19.8,35.72
624030.0,3409630.0,42.6,36.8,19.8,35.72
624130.0,3409630.0,42.6,36.8,19.8,35.72
624230.0,3409630.0,42.6,36.8,19.8,35.72
624330.0,3409630.0,42.6,36.8,19.8,35.72
624430.0,3409630.0,42.6,36.8,19.8,35.72
624530.0,3409630.0,42.6,36.8,19.8,35.72
624630.0,3409630.0,42.6,36.8,19.8,35.72
624730.0,3409630.0,42.6,36.8,19.8,35.72
624830.0,3409630.0,42.6,36.8,19.8,35.72
624930.0,3409630.0,42.6,36.8,19.8,35.72
625030.0,3409630.0,42.6,36.8,19.8,35.72
625130.0,3409630.0,42.6,36.8,19.8,35.72
625230.0,3409630.0,42.6,36.8,19.8,35.72
625330.0,3409630.0,42.6,36.8,19.8,35.72
625430.0,3409630.0,42.6,36.8,19.8,35.72
625530.0,3409630.0,42.6,36.8,19.8,35.72
625630.0,3409630.0,42.6,36.8,19.8,35.72
625730.0,3409630.0,42.6,36.8,19.8,35.72
625830.0,3409630.0,42.6,36.8,19.8,35.72
625930.0,3409630.0,42.6,36.8,19.8,35.72
626030.0,3409630.0,42.6,36.8,19.8,35.72
626130.0,3409630.0,42.6,36.8,19.8,35.72
626230.0,3409630.0,42.6,36.8,19.8,35.72
626330.0,3409630.0,42.6,36.8,19.8,35.72
626430.0,3409630.0,42.6,36.8,19.8,35.72
626530.0,3409630.0,42.6,36.8,19.8,35.72
626630.0,3409630.0,42.6,36.8,19.8,35.72
626730.0,3409630.0,42.6,36.8,19.8,35.72
626830.0,3409630.0,42.6,36.8,19.8,35.72
626930.0,3409630.0,42.6,36.8,19.8,35.72
627030.0,3409630.0,42.6,36.8,19.8,35.72
627130.0,3409630.0,42.6,36.8,19.8,35.72
627230.0,3409630.0,42.6,36.8,19.8,35.72
627330.0,3409630.0,42.6,36.8,19.8,35.72
627430.0,3409630.0,42.6,36.8,19.8,35.72
627530.0,3409630.0,42.6,36.8,19.8,35.72
627630.0,3409630.0,42.6,36.8,19.8,35.72
627730.0,3409630.0,42.6,36.8,19.8,35.72
627830.0,3409630.0,42.6,36.8,19.8,35.72
627930.0,3409630.0,42.6,36.8,19.8,35.72
628030.0,3409630.0,42.6,36.8,19.8,35.72
628130.0,3409630.0,42.6,36.8,19.8,35.72
628230.0,3409630.0,42.6,36.8,19.8,35.72
628330.0,3409630.0,42.6,36.8,19.8,35.72
628430.0,3409630.0,42.6,36.8,19.8,35.72
628530.0,3409630.0,42.6,36.8,19.8,35.72
628630.0,3409630.0,42.6,36.8,19.8,35.72
628730.0,3409630.0,42.6,36.8,19.8,35.72
628830.0,3409630.0,42.6,36.8,19.8,35.72
628930.0,3409630.0,42.6,36.8,19.8,35.72
629030.0,3409630.0,42.6,36.8,19.8,35.72
629130.0,3409630.0,42.6,36.8,19.8,35.72
629230.0,3409630.0,42.6,36.8,19.8,35.72
629330.0,3409630.0,42.6,36.8,19.8,35.72
629430.0,3409630.0,42.6,36.8,19.8,35.72
629530.0,3409630.0,42.6,36.8,19.8,35.72
629630.0,3409630.0,42.6,36.8,19.8,35.72
629730.0,3409630.0,42.6,36.8,19.8,35.72
629830.0,3409630.0,42.6,36.8,19.8,35.72
629930.0,3409630.0,42.6,36.8,19.8,35.72
630030.0,3409630.0,42.6,36.8,19.8,35.72
630130.0,3409630.0,42.6,36.8,19.8,35.72
630230.0,3409630.0,42.6,36.8,19.8,35.72
630330.0,3409630.0,42.6,36.8,19.8,35.72
630430.0,3409630.0,42.6,36.8,19.8,35.72
630530.0,3409630.0,42.6,36.8,19.8,35.72
630630.0,3409630.0,42.6,36.8,19.8,35.72
630730.0,3409630.0,42.6,36.8,19.8,35.72
630830.0,3409630.0,42.6,36.8,19.8,35.72
630930.0,3409630.0,42.6,36.8,19.8,35.72
631030.0,3409630.0,42.6,36.8,19.8,35.72
631130.0,3409630.0,42.6,36.8,19.8,35.72
631230.0,3409630.0,42.6,36.8,19.8,35.72
631330.0,3409630.0,42.6,36.8,19.8,35.72
631430.0,3409630.0,42.6,36.8,19.8,35.72
631530.0,3409630.0,42.6,36.8,19.8,35.72
631630.0,3409630.0,42.6,36.8,19.8,35.72
631730.0,3409630.0,42.6,36.8,19.8,35.72
631830.0,3409630.0,42.6,36.8,19.8,35.72
631930.0,3409630.0,42.6,36.8,19.8,35.72
632030.0,3409630.0,42.6,36.8,19.8,35.72
632130.0,3409630.0,42.6,36.8,19.8,35.72
632230.0,3409630.0,42.6,36.8,19.8,35.72
632330.0,3409630.0,42.6,36.8,19.8,35.72
632430.0,3409630.0,42.6,36.8,19.8,35.72
632530.0,3409630.0,42.6,36.8,19.8,35.72
632630.0,3409630.0,42.6,36.8,19.8,35.72
632730.0,3409630.0,42.6,36.8,19.8,35.72
632830.0,3409630.0,42.6,36.8,19.8,35.72
632930.0,3409630.0,42.6,36.8,19.8,35.72
633030.0,3409630.0,42.6,36.8,19.8,35.72
633130.0,3409630.0,42.6,36.8,19.8,35.72
633230.0,3409630.0,42.6,36.8,19.8,35.72
633330.0,3409630.0,42.6,36.8,19.8,35.72
633430.0,3409630.0,42.6,36.8,19.8,35.72
633530.0,3409630.0,42.6,36.8,19.8,35.72
633630.0,3409630.0,42.6,36.8,19.8,35.72
633730.0,3409630.0,42.6,36.8,19.8,35.72
633830.0,3409630.0,42.6,36.8,19.8,35.72
633930.0,3409630.0,42.6,36.8,19.8,35.72
634030.0,3409630.0,42.6,36.8,19.8,35.72
634130.0,3409630.0,42.6,36.8,19.8,35.72
634230.0,3409630.0,42.6,36.8,19.8,35.72
634330.0,3409630.0,42.6,36.8,19.8,35.72
634430.0,3409630.0,42.6,36.8,19.8,35.72
634530.0,3409630.0,42.6,36.8,19.8,35.72
634630.0,3409630.0,42.6,36.8,19.8,35.72
634730.0,3409630.0,42.6,36.8,19.8,35.72
634830.0,3409630.0,42.6,36.8,19.8,35.72
634930.0,3409630.0,42.6,36.8,19.8,35.72
635030.0,3409630.0,42.6,36.8,19.8,35.72
635130.0,3409630.0,42.6,36.8,19.8,35.72
635230.0,3409630.0,42.6,36.8,19.8,35.72
635330.0,3409630.0,42.6,36.8,19.8,35.72
635430.0,3409630.0,42.6,36.8,19.8,35.72
635530.0,3409630.0,42.6,36.8,19.8,35.72
635630.0,3409630.0,42.6,36.8,19.8,35.72
635730.0,3409630.0,42.6,36.8,19.8,35.72
635830.0,3409630.0,42.6,36.8,19.8,35.72
635930.0,3409630.0,42.6,36.8,19.8,35.72
636030.0,3409630.0,42.6,36.8,19.8,35.72
636130.0,3409630.0,42.6,36.8,19.8,35.72
636230.0,3409630.0,42.6,36.8,19.8,35.72
636330.0,3409630.0,42.6,36.8,19.8,35.72
636430.0,3409630.0,42.6,36.8,19.8,35.72
636530.0,3409630.0,42.6,36.8,19.8,35.72
636630.0,3409630.0,42.6,36.8,19.8,35.72
636730.0,3409630.0,42.6,36.8,19.8,35.72
636830.0,3409630.0,42.6,36.8,19.8,35.72
636930.0,3409630.0,42.6,36.8,19.8,35.72
623030.0,3409530.0,42.6,36.8,19.8,35.72
623130.0,3409530.0,42.6,36.8,19.8,35.72
623230.0,3409530.0,42.6,36.8,19.8,35.72
623330.0,3409530.0,42.6,36.8,19.8,35.72
623430.0,3409530.0,42.6,36.8,19.8,35.72
623530.0,3409530.0,42.6,36.8,19.8,35.72
623630.0,3409530.0,42.6,36.8,19.8,35.72
623730.0,3409530.0,42.6,36.8,19.8,35.72
623830.0,3409530.0,42.6,36.8,19.8,35.72
623930.0,3409530.0,42.6,36.8,19.8,35.72
624030.0,3409530.0,42.6,36.8,19.8,35.72
624130.0,3409530.0,42.6,36.8,19.8,35.72
624230.0,3409530.0,42.6,36.8,19.8,35.72
624330.0,3409530.0,42.6,36.8,19.8,35.72
624430.0,3409530.0,42.6,36.8,19.8,35.72
624530.0,3409530.0,42.6,36.8,19.8,35.72
624630.0,3409530.0,42.6,36.8,19.8,35.72
624730.0,3409530.0,42.6,36.8,19.8,35.72
624830.0,3409530.0,42.6,36.8,19.8,35.72
624930.0,3409530.0,42.6,36.8,19.8,35.72
625030.0,3409530.0,42.6,36.8,19.8,35.72
625130.0,3409530.0,42.6,36.8,19.8,35.72
625230.0,3409530.0,42.6,36.8,19.8,35.72
625330.0,3409530.0,42.6,36.8,19.8,35.72
625430.0,3409530.0,42.6,36.8,19.8,35.72
625530.0,3409530.0,42.6,36.8,19.8,35.72
625630.0,3409530.0,42.6,36.8,19.8,35.72
625730.0,3409530.0,42.6,36.8,19.8,35.72
625830.0,3409530.0,42.6,36.8,19.8,35.72
625930.0,3409530.0,42.6,36.8,19.8,35.72
626030.0,3409530.0,42.6,36.8,19.8,35.72
626130.0,3409530.0,42.6,36.8,19.8,35.72
626230.0,3409530.0,42.6,36.8,19.8,35.72
626330.0,3409530.0,42.6,36.8,19.8,35.72
626430.0,3409530.0,42.6,36.8,19.8,35.72
626530.0,3409530.0,42.6,36.8,19.8,35.72
626630.0,3409530.0,42.6,36.8,19.8,35.72
626730.0,3409530.0,42.6,36.8,19.8,35.72
626830.0,3409530.0,42.6,36.8,19.8,35.72
626930.0,3409530.0,42.6,36.8,19.8,35.72
627030.0,3409530.0,42.6,36.8,19.8,35.72
627130.0,3409530.0,42.6,36.8,19.8,35.72
627230.0,3409530.0,42.6,36.8,19.8,35.72
627330.0,3409530.0,42.6,36.8,19.8,35.72
627430.0,3409530.0,42.6,36.8,19.8,35.72
627530.0,3409530.0,42.6,36.8,19.8,35.72
627630.0,3409530.0,42.6,36.8,19.8,35.72
627730.0,3409530.0,42.6,36.8,19.8,35.72
627830.0,3409530.0,42.6,36.8,19.8,35.72
627930.0,3409530.0,42.6,36.8,19.8,35.72
628030.0,3409530.0,42.6,36.8,19.8,35.72
628130.0,3409530.0,42.6,36.8,19.8,35.72
628230.0,3409530.0,42.6,36.8,19.8,35.72
628330.0,3409530.0,42.6,36.8,19.8,35.72
628430.0,3409530.0,42.6,36.8,19.8,35.72
628530.0,3409530.0,42.6,36.8,19.8,35.72
628630.0,3409530.0,42.6,36.8,19.8,35.72
628730.0,3409530.0,42.6,36.8,19.8,35.72
628830.0,3409530.0,42.6,36.8,19.8,35.72
628930.0,3409530.0,42.6,36.8,19.8,35.72
629030.0,3409530.0,42.6,36.8,19.8,35.72
629130.0,3409530.0,42.6,36.8,19.8,35.72
629230.0,3409530.0,42.6,36.8,19.8,35.72
629330.0,3409530.0,42.6,36.8,19.8,35.72
629430.0,3409530.0,42.6,36.8,19.8,35.72
629530.0,3409530.0,42.6,36.8,19.8,35.72
629630.0,3409530.0,42.6,36.8,19.8,35.72
629730.0,3409530.0,42.6,36.8,19.8,35.72
629830.0,3409530.0,42.6,36.8,19.8,35.72
629930.0,3409530.0,42.6,36.8,19.8,35.72
630030.0,3409530.0,42.6,36.8,19.8,35.72
630130.0,3409530.0,42.6,36.8,19.8,35.72
630230.0,3409530.0,42.6,36.8,19.8,35.72
630330.0,3409530.0,42.6,36.8,19.8,35.72
630430.0,3409530.0,42.6,36.8,19.8,35.72
630530.0,3409530.0,42.6,36.8,19.8,35.72
630630.0,3409530.0,42.6,36.8,19.8,35.72
630730.0,3409530.0,42.6,36.8,19.8,35.72
630830.0,3409530.0,42.6,36.8,19.8,35.72
630930.0,3409530.0,42.6,36.8,19.8,35.72
631030.0,3409530.0,42.6,36.8,19.8,35.72
631130.0,3409530.0,42.6,36.8,19.8,35.72
631230.0,3409530.0,42.6,36.8,19.8,35.72
631330.0,3409530.0,42.6,36.8,19.8,35.72
631430.0,3409530.0,42.6,36.8,19.8,35.72
631530.0,3409530.0,42.6,36.8,19.8,35.72
631630.0,3409530.0,42.6,36.8,19.8,35.72
631730.0,3409530.0,42.6,36.8,19.8,35.72
631830.0,3409530.0,42.6,36.8,19.8,35.72
631930.0,3409530.0,42.6,36.8,19.8,35.72
632030.0,3409530.0,42.6,36.8,19.8,35.72
632130.0,3409530.0,42.6,36.8,19.8,35.72
632230.0,3409530.0,42.6,36.8,19.8,35.72
632330.0,3409530.0,42.6,36.8,19.8,35.72
632430.0,3409530.0,42.6,36.8,19.8,35.72
632530.0,3409530.0,42.6,36.8,19.8,35.72
632630.0,3409530.0,42.6,36.8,19.8,35.72
632730.0,3409530.0,42.6,36.8,19.8,35.72
632830.0,3409530.0,42.6,36.8,19.8,35.72
632930.0,3409530.0,42.6,36.8,19.8,35.72
633030.0,3409530.0,42.6,36.8,19.8,35.72
633130.0,3409530.0,42.6,36.8,19.8,35.72
633230.0,3409530.0,42.6,36.8,19.8,35.72
633330.0,3409530.0,42.6,36.8,19.8,35.72
633430.0,3409530.0,42.6,36.8,19.8,35.72
633530.0,3409530.0,42.6,36.8,19.8,35.72
633630.0,3409530.0,42.6,36.8,19.8,35.72
633730.0,3409530.0,42.6,36.8,19.8,35.72
633830.0,3409530.0,42.6,36.8,19.8,35.72
633930.0,3409530.0,42.6,36.8,19.8,35.72
634030.0,3409530.0,42.6,36.8,19.8,35.72
634130.0,3409530.0,42.6,36.8,19.8,35.72
634230.0,3409530.0,42.6,36.8,19.8,35.72
634330.0,3409530.0,42.6,36.8,19.8,35.72
634430.0,3409530.0,42.6,36.8,19.8,35.72
634530.0,3409530.0,42.6,36.8,19.8,35.72
634630.0,3409530.0,42.6,36.8,19.8,35.72
634730.0,3409530.0,42.6,36.8,19.8,35.72
634830.0,3409530.0,42.6,36.8,19.8,35.72
634930.0,3409530.0,42.6,36.8,19.8,35.72
635030.0,3409530.0,42.6,36.8,19.8,35.72
635130.0,3409530.0,42.6,36.8,19.8,35.72
635230.0,3409530.0,42.6,36.8,19.8,35.72
635330.0,3409530.0,42.6,36.8,19.8,35.72
635430.0,3409530.0,42.6,36.8,19.8,35.72
635530.0,3409530.0,42.6,36.8,19.8,35.72
635630.0,3409530.0,42.6,36.8,19.8,35.72
635730.0,3409530.0,42.6,36.8,19.8,35.72
635830.0,3409530.0,42.6,36.8,19.8,35.72
635930.0,3409530.0,42.6,36.8,19.8,35.72
636030.0,3409530.0,42.6,36.8,19.8,35.72
636130.0,3409530.0,42.6,36.8,19.8,35.72
636230.0,3409530.0,42.6,36.8,19.8,35.72
636330.0,3409530.0,42.6,36.8,19.8,35.72
636430.0,3409530.0,42.6,36.8,19.8,35.72
636530.0,3409530.0,42.6,36.8,19.8,35.72
636630.0,3409530.0,42.6,36.8,19.8,35.72
636730.0,3409530.0,42.6,36.8,19.8,35.72
636830.0,3409530.0,42.6,36.8,19.8,35.72
636930.0,3409530.0,42.6,36.8,19.8,35.72
637030.0,3409530.0,42.6,36.8,19.8,35.72
637130.0,3409530.0,42.6,36.8,19.8,35.72
637230.0,3409530.0,42.6,36.8,19.8,35.72
623130.0,3409430.0,42.6,36.8,19.8,35.72
623230.0,3409430.0,42.6,36.8,19.8,35.72
623330.0,3409430.0,42.6,36.8,19.8,35.72
623430.0,3409430.0,42.6,36.8,19.8,35.72
623530.0,3409430.0,42.6,36.8,19.8,35.72
623630.0,3409430.0,42.6,36.8,19.8,35.72
623730.0,3409430.0,42.6,36.8,19.8,35.72
623830.0,3409430.0,42.6,36.8,19.8,35.72
623930.0,3409430.0,42.6,36.8,19.8,35.72
624030.0,3409430.0,42.6,36.8,19.8,35.72
624130.0,3409430.0,42.6,36.8,19.8,35.72
624230.0,3409430.0,42.6,36.8,19.8,35.72
624330.0,3409430.0,42.6,36.8,19.8,35.72
624430.0,3409430.0,42.6,36.8,19.8,35.72
624530.0,3409430.0,42.6,36.8,19.8,35.72
624630.0,3409430.0,42.6,36.8,19.8,35.72
624730.0,3409430.0,42.6,36.8,19.8,35.72
624830.0,3409430.0,42.6,36.8,19.8,35.72
624930.0,3409430.0,42.6,36.8,19.8,35.72
625030.0,3409430.0,42.6,36.8,19.8,35.72
625130.0,3409430.0,42.6,36.8,19.8,35.72
625230.0,3409430.0,42.6,36.8,19.8,35.72
625330.0,3409430.0,42.6,36.8,19.8,35.72
625430.0,3409430.0,42.6,36.8,19.8,35.72
625530.0,3409430.0,42.6,36.8,19.8,35.72
625630.0,3409430.0,42.6,36.8,19.8,35.72
625730.0,3409430.0,42.6,36.8,19.8,35.72
625830.0,3409430.0,42.6,36.8,19.8,35.72
625930.0,3409430.0,42.6,36.8,19.8,35.72
626030.0,3409430.0,42.6,36.8,19.8,35.72
626130.0,3409430.0,42.6,36.8,19.8,35.72
626230.0,3409430.0,42.6,36.8,19.8,35.72
626330.0,3409430.0,42.6,36.8,19.8,35.72
626430.0,3409430.0,42.6,36.8,19.8,35.72
626530.0,3409430.0,42.6,36.8,19.8,35.72
626630.0,3409430.0,42.6,36.8,19.8,35.72
626730.0,3409430.0,42.6,36.8,19.8,35.72
626830.0,3409430.0,42.6,36.8,19.8,35.72
626930.0,3409430.0,42.6,36.8,19.8,35.72
627030.0,3409430.0,42.6,36.8,19.8,35.72
627130.0,3409430.0,42.6,36.8,19.8,35.72
627230.0,3409430.0,42.6,36.8,19.8,35.72
627330.0,3409430.0,42.6,36.8,19.8,35.72
627430.0,3409430.0,42.6,36.8,19.8,35.72
627530.0,3409430.0,42.6,36.8,19.8,35.72
627630.0,3409430.0,42.6,36.8,19.8,35.72
627730.0,3409430.0,42.6,36.8,19.8,35.72
627830.0,3409430.0,42.6,36.8,19.8,35.72
627930.0,3409430.0,42.6,36.8,19.8,35.72
628030.0,3409430.0,42.6,36.8,19.8,35.72
628130.0,3409430.0,42.6,36.8,19.8,35.72
628230.0,3409430.0,42.6,36.8,19.8,35.72
628330.0,3409430.0,42.6,36.8,19.8,35.72
628430.0,3409430.0,42.6,36.8,19.8,35.72
628530.0,3409430.0,42.6,36.8,19.8,35.72
628630.0,3409430.0,42.6,36.8,19.8,35.72
628730.0,3409430.0,42.6,36.8,19.8,35.72
628830.0,3409430.0,42.6,36.8,19.8,35.72
628930.0,3409430.0,42.6,36.8,19.8,35.72
629030.0,3409430.0,42.6,36.8,19.8,35.72
629130.0,3409430.0,42.6,36.8,19.8,35.72
629230.0,3409430.0,42.6,36.8,19.8,35.72
629330.0,3409430.0,42.6,36.8,19.8,35.72
629430.0,3409430.0,42.6,36.8,19.8,35.72
629530.0,3409430.0,42.6,36.8,19.8,35.72
629630.0,3409430.0,42.6,36.8,19.8,35.72
629730.0,3409430.0,42.6,36.8,19.8,35.72
629830.0,3409430.0,42.6,36.8,19.8,35.72
629930.0,3409430.0,42.6,36.8,19.8,35.72
630030.0,3409430.0,42.6,36.8,19.8,35.72
630130.0,3409430.0,42.6,36.8,19.8,35.72
630230.0,3409430.0,42.6,36.8,19.8,35.72
630330.0,3409430.0,42.6,36.8,19.8,35.72
630430.0,3409430.0,42.6,36.8,19.8,35.72
630530.0,3409430.0,42.6,36.8,19.8,35.72
630630.0,3409430.0,42.6,36.8,19.8,35.72
630730.0,3409430.0,42.6,36.8,19.8,35.72
630830.0,3409430.0,42.6,36.8,19.8,35.72
630930.0,3409430.0,42.6,36.8,19.8,35.72
631030.0,3409430.0,42.6,36.8,19.8,35.72
631130.0,3409430.0,42.6,36.8,19.8,35.72
631230.0,3409430.0,42.6,36.8,19.8,35.72
631330.0,3409430.0,42.6,36.8,19.8,35.72
631430.0,3409430.0,42.6,36.8,19.8,35.72
631530.0,3409430.0,42.6,36.8,19.8,35.72
631630.0,3409430.0,42.6,36.8,19.8,35.72
631730.0,3409430.0,42.6,36.8,19.8,35.72
631830.0,3409430.0,42.6,36.8,19.8,35.72
631930.0,3409430.0,42.6,36.8,19.8,35.72
632030.0,3409430.0,42.6,36.8,19.8,35.72
632130.0,3409430.0,42.6,36.8,19.8,35.72
632230.0,3409430.0,42.6,36.8,19.8,35.72
632330.0,3409430.0,42.6,36.8,19.8,35.72
632430.0,3409430.0,42.6,36.8,19.8,35.72
632530.0,3409430.0,42.6,36.8,19.8,35.72
632630.0,3409430.0,42.6,36.8,19.8,35.72
632730.0,3409430.0,42.6,36.8,19.8,35.72
632830.0,3409430.0,42.6,36.8,19.8,35.72
632930.0,3409430.0,42.6,36.8,19.8,35.72
633030.0,3409430.0,42.6,36.8,19.8,35.72
633130.0,3409430.0,42.6,36.8,19.8,35.72
633230.0,3409430.0,42.6,36.8,19.8,35.72
633330.0,3409430.0,42.6,36.8,19.8,35.72
633430.0,3409430.0,42.6,36.8,19.8,35.72
633530.0,3409430.0,42.6,36.8,19.8,35.72
633630.0,3409430.0,42.6,36.8,19.8,35.72
633730.0,3409430.0,42.6,36.8,19.8,35.72
633830.0,3409430.0,42.6,36.8,19.8,35.72
633930.0,3409430.0,42.6,36.8,19.8,35.72
634030.0,3409430.0,42.6,36.8,19.8,35.72
634130.0,3409430.0,42.6,36.8,19.8,35.72
634230.0,3409430.0,42.6,36.8,19.8,35.72
634330.0,3409430.0,42.6,36.8,19.8,35.72
634430.0,3409430.0,42.6,36.8,19.8,35.72
634530.0,3409430.0,42.6,36.8,19.8,35.72
634630.0,3409430.0,42.6,36.8,19.8,35.72
634730.0,3409430.0,42.6,36.8,19.8,35.72
634830.0,3409430.0,42.6,36.8,19.8,35.72
634930.0,3409430.0,42.6,36.8,19.8,35.72
635030.0,3409430.0,42.6,36.8,19.8,35.72
635130.0,3409430.0,42.6,36.8,19.8,35.72
635230.0,3409430.0,42.6,36.8,19.8,35.72
635330.0,3409430.0,42.6,36.8,19.8,35.72
635430.0,3409430.0,42.6,36.8,19.8,35.72
635530.0,3409430.0,42.6,36.8,19.8,35.72
635630.0,3409430.0,42.6,36.8,19.8,35.72
635730.0,3409430.0,42.6,36.8,19.8,35.72
635830.0,3409430.0,42.6,36.8,19.8,35.72
635930.0,3409430.0,42.6,36.8,19.8,35.72
636030.0,3409430.0,42.6,36.8,19.8,35.72
636130.0,3409430.0,42.6,36.8,19.8,35.72
636230.0,3409430.0,42.6,36.8,19.8,35.72
636330.0,3409430.0,42.6,36.8,19.8,35.72
636430.0,3409430.0,42.6,36.8,19.8,35.72
636530.0,3409430.0,42.6,36.8,19.8,35.72
636630.0,3409430.0,42.6,36.8,19.8,35.72
636730.0,3409430.0,42.6,36.8,19.8,35.72
636830.0,3409430.0,42.6,36.8,19.8,35.72
636930.0,3409430.0,42.6,36.8,19.8,35.72
637030.0,3409430.0,42.6,36.8,19.8,35.72
637130.0,3409430.0,42.6,36.8,19.8,35.72
637230.0,3409430.0,42.6,36.8,19.8,35.72
623230.0,3409330.0,42.6,36.8,19.8,35.72
623330.0,3409330.0,42.6,36.8,19.8,35.72
623430.0,3409330.0,42.6,36.8,19.8,35.72
623530.0,3409330.0,42.6,36.8,19.8,35.72
623630.0,3409330.0,42.6,36.8,19.8,35.72
623730.0,3409330.0,42.6,36.8,19.8,35.72
623830.0,3409330.0,42.6,36.8,19.8,35.72
623930.0,3409330.0,42.6,36.8,19.8,35.72
624030.0,3409330.0,42.6,36.8,19.8,35.72
624130.0,3409330.0,42.6,36.8,19.8,35.72
624230.0,3409330.0,42.6,36.8,19.8,35.72
624330.0,3409330.0,42.6,36.8,19.8,35.72
624430.0,3409330.0,42.6,36.8,19.8,35.72
624530.0,3409330.0,42.6,36.8,19.8,35.72
624630.0,3409330.0,42.6,36.8,19.8,35.72
624730.0,3409330.0,42.6,36.8,19.8,35.72
624830.0,3409330.0,42.6,36.8,19.8,35.72
624930.0,3409330.0,42.6,36.8,19.8,35.72
625030.0,3409330.0,42.6,36.8,19.8,35.72
625130.0,3409330.0,42.6,36.8,19.8,35.72
625230.0,3409330.0,42.6,36.8,19.8,35.72
625330.0,3409330.0,42.6,36.8,19.8,35.72
625430.0,3409330.0,42.6,36.8,19.8,35.72
625530.0,3409330.0,42.6,36.8,19.8,35.72
625630.0,3409330.0,42.6,36.8,19.8,35.72
625730.0,3409330.0,42.6,36.8,19.8,35.72
625830.0,3409330.0,42.6,36.8,19.8,35.72
625930.0,3409330.0,42.6,36.8,19.8,35.72
626030.0,3409330.0,42.6,36.8,19.8,35.72
626130.0,3409330.0,42.6,36.8,19.8,35.72
626230.0,3409330.0,42.6,36.8,19.8,35.72
626330.0,3409330.0,42.6,36.8,19.8,35.72
626430.0,3409330.0,42.6,36.8,19.8,35.72
626530.0,3409330.0,42.6,36.8,19.8,35.72
626630.0,3409330.0,42.6,36.8,19.8,35.72
626730.0,3409330.0,42.6,36.8,19.8,35.72
626830.0,3409330.0,42.6,36.8,19.8,35.72
626930.0,3409330.0,42.6,36.8,19.8,35.72
627030.0,3409330.0,42.6,36.8,19.8,35.72
627130.0,3409330.0,42.6,36.8,19.8,35.72
627230.0,3409330.0,42.6,36.8,19.8,35.72
627330.0,3409330.0,42.6,36.8,19.8,35.72
627430.0,3409330.0,42.6,36.8,19.8,35.72
627530.0,3409330.0,42.6,36.8,19.8,35.72
627630.0,3409330.0,42.6,36.8,19.8,35.72
627730.0,3409330.0,42.6,36.8,19.8,35.72
627830.0,3409330.0,42.6,36.8,19.8,35.72
627930.0,3409330.0,42.6,36.8,19.8,35.72
628030.0,3409330.0,42.6,36.8,19.8,35.72
628130.0,3409330.0,42.6,36.8,19.8,35.72
628230.0,3409330.0,42.6,36.8,19.8,35.72
628330.0,3409330.0,42.6,36.8,19.8,35.72
628430.0,3409330.0,42.6,36.8,19.8,35.72
628530.0,3409330.0,42.6,36.8,19.8,35.72
628630.0,3409330.0,42.6,36.8,19.8,35.72
628730.0,3409330.0,42.6,36.8,19.8,35.72
628830.0,3409330.0,42.6,36.8,19.8,35.72
628930.0,3409330.0,42.6,36.8,19.8,35.72
629030.0,3409330.0,42.6,36.8,19.8,35.72
629130.0,3409330.0,42.6,36.8,19.8,35.72
629230.0,3409330.0,42.6,36.8,19.8,35.72
629330.0,3409330.0,42.6,36.8,19.8,35.72
629430.0,3409330.0,42.6,36.8,19.8,35.72
629530.0,3409330.0,42.6,36.8,19.8,35.72
629630.0,3409330.0,42.6,36.8,19.8,35.72
629730.0,3409330.0,42.6,36.8,19.8,35.72
629830.0,3409330.0,42.6,36.8,19.8,35.72
629930.0,3409330.0,42.6,36.8,19.8,35.72
630030.0,3409330.0,42.6,36.8,19.8,35.72
630130.0,3409330.0,42.6,36.8,19.8,35.72
630230.0,3409330.0,42.6,36.8,19.8,35.72
630330.0,3409330.0,42.6,36.8,19.8,35.72
630430.0,3409330.0,42.6,36.8,19.8,35.72
630530.0,3409330.0,42.6,36.8,19.8,35.72
630630.0,3409330.0,42.6,36.8,19.8,35.72
630730.0,3409330.0,42.6,36.8,19.8,35.72
630830.0,3409330.0,42.6,36.8,19.8,35.72
630930.0,3409330.0,42.6,36.8,19.8,35.72
631030.0,3409330.0,42.6,36.8,19.8,35.72
631130.0,3409330.0,42.6,36.8,19.8,35.72
631230.0,3409330.0,42.6,36.8,19.8,35.72
631330.0,3409330.0,42.6,36.8,19.8,35.72
631430.0,3409330.0,42.6,36.8,19.8,35.72
631530.0,3409330.0,42.6,36.8,19.8,35.72
631630.0,3409330.0,42.6,36.8,19.8,35.72
631730.0,3409330.0,42.6,36.8,19.8,35.72
631830.0,3409330.0,42.6,36.8,19.8,35.72
631930.0,3409330.0,42.6,36.8,19.8,35.72
632030.0,3409330.0,42.6,36.8,19.8,35.72
632130.0,3409330.0,42.6,36.8,19.8,35.72
632230.0,3409330.0,42.6,36.8,19.8,35.72
632330.0,3409330.0,42.6,36.8,19.8,35.72
632430.0,3409330.0,42.6,36.8,19.8,35.72
632530.0,3409330.0,42.6,36.8,19.8,35.72
632630.0,3409330.0,42.6,36.8,19.8,35.72
632730.0,3409330.0,42.6,36.8,19.8,35.72
632830.0,3409330.0,42.6,36.8,19.8,35.72
632930.0,3409330.0,42.6,36.8,19.8,35.72
633030.0,3409330.0,42.6,36.8,19.8,35.72
633130.0,3409330.0,42.6,36.8,19.8,35.72
633230.0,3409330.0,42.6,36.8,19.8,35.72
633330.0,3409330.0,42.6,36.8,19.8,35.72
633430.0,3409330.0,42.6,36.8,19.8,35.72
633530.0,3409330.0,42.6,36.8,19.8,35.72
633630.0,3409330.0,42.6,36.8,19.8,35.72
633730.0,3409330.0,42.6,36.8,19.8,35.72
633830.0,3409330.0,42.6,36.8,19.8,35.72
633930.0,3409330.0,42.6,36.8,19.8,35.72
634030.0,3409330.0,42.6,36.8,19.8,35.72
634130.0,3409330.0,42.6,36.8,19.8,35.72
634230.0,3409330.0,42.6,36.8,19.8,35.72
634330.0,3409330.0,42.6,36.8,19.8,35.72
634430.0,3409330.0,42.6,36.8,19.8,35.72
634530.0,3409330.0,42.6,36.8,19.8,35.72
634630.0,3409330.0,42.6,36.8,19.8,35.72
634730.0,3409330.0,42.6,36.8,19.8,35.72
634830.0,3409330.0,42.6,36.8,19.8,35.72
634930.0,3409330.0,42.6,36.8,19.8,35.72
635030.0,3409330.0,42.6,36.8,19.8,35.72
635130.0,3409330.0,42.6,36.8,19.8,35.72
635230.0,3409330.0,42.6,36.8,19.8,35.72
635330.0,3409330.0,42.6,36.8,19.8,35.72
635430.0,3409330.0,42.6,36.8,19.8,35.72
635530.0,3409330.0,42.6,36.8,19.8,35.72
635630.0,3409330.0,42.6,36.8,19.8,35.72
635730.0,3409330.0,42.6,36.8,19.8,35.72
635830.0,3409330.0,42.6,36.8,19.8,35.72
635930.0,3409330.0,42.6,36.8,19.8,35.72
636030.0,3409330.0,42.6,36.8,19.8,35.72
636130.0,3409330.0,42.6,36.8,19.8,35.72
636230.0,3409330.0,42.6,36.8,19.8,35.72
636330.0,3409330.0,42.6,36.8,19.8,35.72
636430.0,3409330.0,42.6,36.8,19.8,35.72
636530.0,3409330.0,42.6,36.8,19.8,35.72
636630.0,3409330.0,42.6,36.8,19.8,35.72
636730.0,3409330.0,42.6,36.8,19.8,35.72
636830.0,3409330.0,42.6,36.8,19.8,35.72
636930.0,3409330.0,42.6,36.8,19.8,35.72
637030.0,3409330.0,42.6,36.8,19.8,35.72
637130.0,3409330.0,42.6,36.8,19.8,35.72
623230.0,3409230.0,42.6,36.8,19.8,35.72
623330.0,3409230.0,42.6,36.8,19.8,35.72
623430.0,3409230.0,42.6,36.8,19.8,35.72
623530.0,3409230.0,42.6,36.8,19.8,35.72
623630.0,3409230.0,42.6,36.8,19.8,35.72
623730.0,3409230.0,42.6,36.8,19.8,35.72
623830.0,3409230.0,42.6,36.8,19.8,35.72
623930.0,3409230.0,42.6,36.8,19.8,35.72
624030.0,3409230.0,42.6,36.8,19.8,35.72
624130.0,3409230.0,42.6,36.8,19.8,35.72
624230.0,3409230.0,42.6,36.8,19.8,35.72
624330.0,3409230.0,42.6,36.8,19.8,35.72
624430.0,3409230.0,42.6,36.8,19.8,35.72
624530.0,3409230.0,42.6,36.8,19.8,35.72
624630.0,3409230.0,42.6,36.8,19.8,35.72
624730.0,3409230.0,42.6,36.8,19.8,35.72
624830.0,3409230.0,42.6,36.8,19.8,35.72
624930.0,3409230.0,42.6,36.8,19.8,35.72
625030.0,3409230.0,42.6,36.8,19.8,35.72
625130.0,3409230.0,42.6,36.8,19.8,35.72
625230.0,3409230.0,42.6,36.8,19.8,35.72
625330.0,3409230.0,42.6,36.8,19.8,35.72
625430.0,3409230.0,42.6,36.8,19.8,35.72
625530.0,3409230.0,42.6,36.8,19.8,35.72
625630.0,3409230.0,42.6,36.8,19.8,35.72
625730.0,3409230.0,42.6,36.8,19.8,35.72
625830.0,3409230.0,42.6,36.8,19.8,35.72
625930.0,3409230.0,42.6,36.8,19.8,35.72
626030.0,3409230.0,42.6,36.8,19.8,35.72
626130.0,3409230.0,42.6,36.8,19.8,35.72
626230.0,3409230.0,42.6,36.8,19.8,35.72
626330.0,3409230.0,42.6,36.8,19.8,35.72
626430.0,3409230.0,42.6,36.8,19.8,35.72
626530.0,3409230.0,42.6,36.8,19.8,35.72
626630.0,3409230.0,42.6,36.8,19.8,35.72
626730.0,3409230.0,42.6,36.8,19.8,35.72
626830.0,3409230.0,42.6,36.8,19.8,35.72
626930.0,3409230.0,42.6,36.8,19.8,35.72
627030.0,3409230.0,42.6,36.8,19.8,35.72
627130.0,3409230.0,42.6,36.8,19.8,35.72
627230.0,3409230.0,42.6,36.8,19.8,35.72
627330.0,3409230.0,42.6,36.8,19.8,35.72
627430.0,3409230.0,42.6,36.8,19.8,35.72
627530.0,3409230.0,42.6,36.8,19.8,35.72
627630.0,3409230.0,42.6,36.8,19.8,35.72
627730.0,3409230.0,42.6,36.8,19.8,35.72
627830.0,3409230.0,42.6,36.8,19.8,35.72
627930.0,3409230.0,42.6,36.8,19.8,35.72
628030.0,3409230.0,42.6,36.8,19.8,35.72
628130.0,3409230.0,42.6,36.8,19.8,35.72
628230.0,3409230.0,42.6,36.8,19.8,35.72
628330.0,3409230.0,42.6,36.8,19.8,35.72
628430.0,3409230.0,42.6,36.8,19.8,35.72
628530.0,3409230.0,42.6,36.8,19.8,35.72
628630.0,3409230.0,42.6,36.8,19.8,35.72
628730.0,3409230.0,42.6,36.8,19.8,35.72
628830.0,3409230.0,42.6,36.8,19.8,35.72
628930.0,3409230.0,42.6,36.8,19.8,35.72
629030.0,3409230.0,42.6,36.8,19.8,35.72
629130.0,3409230.0,42.6,36.8,19.8,35.72
629230.0,3409230.0,42.6,36.8,19.8,35.72
629330.0,3409230.0,42.6,36.8,19.8,35.72
629430.0,3409230.0,42.6,36.8,19.8,35.72
629530.0,3409230.0,42.6,36.8,19.8,35.72
629630.0,3409230.0,42.6,36.8,19.8,35.72
629730.0,3409230.0,42.6,36.8,19.8,35.72
629830.0,3409230.0,42.6,36.8,19.8,35.72
629930.0,3409230.0,42.6,36.8,19.8,35.72
630030.0,3409230.0,42.6,36.8,19.8,35.72
630130.0,3409230.0,42.6,36.8,19.8,35.72
630230.0,3409230.0,42.6,36.8,19.8,35.72
630330.0,3409230.0,42.6,36.8,19.8,35.72
630430.0,3409230.0,42.6,36.8,19.8,35.72
630530.0,3409230.0,42.6,36.8,19.8,35.72
630630.0,3409230.0,42.6,36.8,19.8,35.72
630730.0,3409230.0,42.6,36.8,19.8,35.72
630830.0,3409230.0,42.6,36.8,19.8,35.72
630930.0,3409230.0,42.6,36.8,19.8,35.72
631030.0,3409230.0,42.6,36.8,19.8,35.72
631130.0,3409230.0,42.6,36.8,19.8,35.72
631230.0,3409230.0,42.6,36.8,19.8,35.72
631330.0,3409230.0,42.6,36.8,19.8,35.72
631430.0,3409230.0,42.6,36.8,19.8,35.72
631530.0,3409230.0,42.6,36.8,19.8,35.72
631630.0,3409230.0,42.6,36.8,19.8,35.72
631730.0,3409230.0,42.6,36.8,19.8,35.72
631830.0,3409230.0,42.6,36.8,19.8,35.72
631930.0,3409230.0,42.6,36.8,19.8,35.72
632030.0,3409230.0,42.6,36.8,19.8,35.72
632130.0,3409230.0,42.6,36.8,19.8,35.72
632230.0,3409230.0,42.6,36.8,19.8,35.72
632330.0,3409230.0,42.6,36.8,19.8,35.72
632430.0,3409230.0,42.6,36.8,19.8,35.72
632530.0,3409230.0,42.6,36.8,19.8,35.72
632630.0,3409230.0,42.6,36.8,19.8,35.72
632730.0,3409230.0,42.6,36.8,19.8,35.72
632830.0,3409230.0,42.6,36.8,19.8,35.72
632930.0,3409230.0,42.6,36.8,19.8,35.72
633030.0,3409230.0,42.6,36.8,19.8,35.72
633130.0,3409230.0,42.6,36.8,19.8,35.72
633230.0,3409230.0,42.6,36.8,19.8,35.72
633330.0,3409230.0,42.6,36.8,19.8,35.72
633430.0,3409230.0,42.6,36.8,19.8,35.72
633530.0,3409230.0,42.6,36.8,19.8,35.72
633630.0,3409230.0,42.6,36.8,19.8,35.72
633730.0,3409230.0,42.6,36.8,19.8,35.72
633830.0,3409230.0,42.6,36.8,19.8,35.72
633930.0,3409230.0,42.6,36.8,19.8,35.72
634030.0,3409230.0,42.6,36.8,19.8,35.72
634130.0,3409230.0,42.6,36.8,19.8,35.72
634230.0,3409230.0,42.6,36.8,19.8,35.72
634330.0,3409230.0,42.6,36.8,19.8,35.72
634430.0,3409230.0,42.6,36.8,19.8,35.72
634530.0,3409230.0,42.6,36.8,19.8,35.72
634630.0,3409230.0,42.6,36.8,19.8,35.72
634730.0,3409230.0,42.6,36.8,19.8,35.72
634830.0,3409230.0,42.6,36.8,19.8,35.72
634930.0,3409230.0,42.6,36.8,19.8,35.72
635030.0,3409230.0,42.6,36.8,19.8,35.72
635130.0,3409230.0,42.6,36.8,19.8,35.72
635230.0,3409230.0,42.6,36.8,19.8,35.72
635330.0,3409230.0,42.6,36.8,19.8,35.72
635430.0,3409230.0,42.6,36.8,19.8,35.72
635530.0,3409230.0,42.6,36.8,19.8,35.72
635630.0,3409230.0,42.6,36.8,19.8,35.72
635730.0,3409230.0,42.6,36.8,19.8,35.72
635830.0,3409230.0,42.6,36.8,19.8,35.72
635930.0,3409230.0,42.6,36.8,19.8,35.72
636030.0,3409230.0,42.6,36.8,19.8,35.72
636130.0,3409230.0,42.6,36.8,19.8,35.72
636230.0,3409230.0,42.6,36.8,19.8,35.72
636330.0,3409230.0,42.6,36.8,19.8,35.72
636430.0,3409230.0,42.6,36.8,19.8,35.72
636530.0,3409230.0,42.6,36.8,19.8,35.72
636630.0,3409230.0,42.6,36.8,19.8,35.72
636730.0,3409230.0,42.6,36.8,19.8,35.72
636830.0,3409230.0,42.6,36.8,19.8,35.72
636930.0,3409230.0,42.6,36.8,19.8,35.72
637030.0,3409230.0,42.6,36.8,19.8,35.72
623330.0,3409130.0,42.6,36.8,19.8,35.72
623430.0,3409130.0,42.6,36.8,19.8,35.72
623530.0,3409130.0,42.6,36.8,19.8,35.72
623630.0,3409130.0,42.6,36.8,19.8,35.72
623730.0,3409130.0,42.6,36.8,19.8,35.72
623830.0,3409130.0,42.6,36.8,19.8,35.72
623930.0,3409130.0,42.6,36.8,19.8,35.72
624030.0,3409130.0,42.6,36.8,19.8,35.72
624130.0,3409130.0,42.6,36.8,19.8,35.72
624230.0,3409130.0,42.6,36.8,19.8,35.72
624330.0,3409130.0,42.6,36.8,19.8,35.72
624430.0,3409130.0,42.6,36.8,19.8,35.72
624530.0,3409130.0,42.6,36.8,19.8,35.72
624630.0,3409130.0,42.6,36.8,19.8,35.72
624730.0,3409130.0,42.6,36.8,19.8,35.72
624830.0,3409130.0,42.6,36.8,19.8,35.72
624930.0,3409130.0,42.6,36.8,19.8,35.72
625030.0,3409130.0,42.6,36.8,19.8,35.72
625130.0,3409130.0,42.6,36.8,19.8,35.72
625230.0,3409130.0,42.6,36.8,19.8,35.72
625330.0,3409130.0,42.6,36.8,19.8,35.72
625430.0,3409130.0,42.6,36.8,19.8,35.72
625530.0,3409130.0,42.6,36.8,19.8,35.72
625630.0,3409130.0,42.6,36.8,19.8,35.72
625730.0,3409130.0,42.6,36.8,19.8,35.72
625830.0,3409130.0,42.6,36.8,19.8,35.72
625930.0,3409130.0,42.6,36.8,19.8,35.72
626030.0,3409130.0,42.6,36.8,19.8,35.72
626130.0,3409130.0,42.6,36.8,19.8,35.72
626230.0,3409130.0,42.6,36.8,19.8,35.72
626330.0,3409130.0,42.6,36.8,19.8,35.72
626430.0,3409130.0,42.6,36.8,19.8,35.72
626530.0,3409130.0,42.6,36.8,19.8,35.72
626630.0,3409130.0,42.6,36.8,19.8,35.72
626730.0,3409130.0,42.6,36.8,19.8,35.72
626830.0,3409130.0,42.6,36.8,19.8,35.72
626930.0,3409130.0,42.6,36.8,19.8,35.72
627030.0,3409130.0,42.6,36.8,19.8,35.72
627130.0,3409130.0,42.6,36.8,19.8,35.72
627230.0,3409130.0,42.6,36.8,19.8,35.72
627330.0,3409130.0,42.6,36.8,19.8,35.72
627430.0,3409130.0,42.6,36.8,19.8,35.72
627530.0,3409130.0,42.6,36.8,19.8,35.72
627630.0,3409130.0,42.6,36.8,19.8,35.72
627730.0,3409130.0,42.6,36.8,19.8,35.72
627830.0,3409130.0,42.6,36.8,19.8,35.72
627930.0,3409130.0,42.6,36.8,19.8,35.72
628030.0,3409130.0,42.6,36.8,19.8,35.72
628130.0,3409130.0,42.6,36.8,19.8,35.72
628230.0,3409130.0,42.6,36.8,19.8,35.72
628330.0,3409130.0,42.6,36.8,19.8,35.72
628430.0,3409130.0,42.6,36.8,19.8,35.72
628530.0,3409130.0,42.6,36.8,19.8,35.72
628630.0,3409130.0,42.6,36.8,19.8,35.72
628730.0,3409130.0,42.6,36.8,19.8,35.72
628830.0,3409130.0,42.6,36.8,19.8,35.72
628930.0,3409130.0,42.6,36.8,19.8,35.72
629030.0,3409130.0,42.6,36.8,19.8,35.72
629130.0,3409130.0,42.6,36.8,19.8,35.72
629230.0,3409130.0,42.6,36.8,19.8,35.72
629330.0,3409130.0,42.6,36.8,19.8,35.72
629430.0,3409130.0,42.6,36.8,19.8,35.72
629530.0,3409130.0,42.6,36.8,19.8,35.72
629630.0,3409130.0,42.6,36.8,19.8,35.72
629730.0,3409130.0,42.6,36.8,19.8,35.72
629830.0,3409130.0,42.6,36.8,19.8,35.72
629930.0,3409130.0,42.6,36.8,19.8,35.72
630030.0,3409130.0,42.6,36.8,19.8,35.72
630130.0,3409130.0,42.6,36.8,19.8,35.72
630230.0,3409130.0,42.6,36.8,19.8,35.72
630330.0,3409130.0,42.6,36.8,19.8,35.72
630430.0,3409130.0,42.6,36.8,19.8,35.72
630530.0,3409130.0,42.6,36.8,19.8,35.72
630630.0,3409130.0,42.6,36.8,19.8,35.72
630730.0,3409130.0,42.6,36.8,19.8,35.72
630830.0,3409130.0,42.6,36.8,19.8,35.72
630930.0,3409130.0,42.6,36.8,19.8,35.72
631030.0,3409130.0,42.6,36.8,19.8,35.72
631130.0,3409130.0,42.6,36.8,19.8,35.72
631230.0,3409130.0,42.6,36.8,19.8,35.72
631330.0,3409130.0,42.6,36.8,19.8,35.72
631430.0,3409130.0,42.6,36.8,19.8,35.72
631530.0,3409130.0,42.6,36.8,19.8,35.72
631630.0,3409130.0,42.6,36.8,19.8,35.72
631730.0,3409130.0,42.6,36.8,19.8,35.72
631830.0,3409130.0,42.6,36.8,19.8,35.72
631930.0,3409130.0,42.6,36.8,19.8,35.72
632030.0,3409130.0,42.6,36.8,19.8,35.72
632130.0,3409130.0,42.6,36.8,19.8,35.72
632230.0,3409130.0,42.6,36.8,19.8,35.72
632330.0,3409130.0,42.6,36.8,19.8,35.72
632430.0,3409130.0,42.6,36.8,19.8,35.72
632530.0,3409130.0,42.6,36.8,19.8,35.72
632630.0,3409130.0,42.6,36.8,19.8,35.72
632730.0,3409130.0,42.6,36.8,19.8,35.72
632830.0,3409130.0,42.6,36.8,19.8,35.72
632930.0,3409130.0,42.6,36.8,19.8,35.72
633030.0,3409130.0,42.6,36.8,19.8,35.72
633130.0,3409130.0,42.6,36.8,19.8,35.72
633230.0,3409130.0,42.6,36.8,19.8,35.72
633330.0,3409130.0,42.6,36.8,19.8,35.72
633430.0,3409130.0,42.6,36.8,19.8,35.72
633530.0,3409130.0,42.6,36.8,19.8,35.72
633630.0,3409130.0,42.6,36.8,19.8,35.72
633730.0,3409130.0,42.6,36.8,19.8,35.72
633830.0,3409130.0,42.6,36.8,19.8,35.72
633930.0,3409130.0,42.6,36.8,19.8,35.72
634030.0,3409130.0,42.6,36.8,19.8,35.72
634130.0,3409130.0,42.6,36.8,19.8,35.72
634230.0,3409130.0,42.6,36.8,19.8,35.72
634330.0,3409130.0,42.6,36.8,19.8,35.72
634430.0,3409130.0,42.6,36.8,19.8,35.72
634530.0,3409130.0,42.6,36.8,19.8,35.72
634630.0,3409130.0,42.6,36.8,19.8,35.72
634730.0,3409130.0,42.6,36.8,19.8,35.72
634830.0,3409130.0,42.6,36.8,19.8,35.72
634930.0,3409130.0,42.6,36.8,19.8,35.72
635030.0,3409130.0,42.6,36.8,19.8,35.72
635130.0,3409130.0,42.6,36.8,19.8,35.72
635230.0,3409130.0,42.6,36.8,19.8,35.72
635330.0,3409130.0,42.6,36.8,19.8,35.72
635430.0,3409130.0,42.6,36.8,19.8,35.72
635530.0,3409130.0,42.6,36.8,19.8,35.72
635630.0,3409130.0,42.6,36.8,19.8,35.72
635730.0,3409130.0,42.6,36.8,19.8,35.72
635830.0,3409130.0,42.6,36.8,19.8,35.72
635930.0,3409130.0,42.6,36.8,19.8,35.72
636030.0,3409130.0,42.6,36.8,19.8,35.72
636130.0,3409130.0,42.6,36.8,19.8,35.72
636230.0,3409130.0,42.6,36.8,19.8,35.72
636330.0,3409130.0,42.6,36.8,19.8,35.72
636430.0,3409130.0,42.6,36.8,19.8,35.72
636530.0,3409130.0,42.6,36.8,19.8,35.72
636630.0,3409130.0,42.6,36.8,19.8,35.72
636730.0,3409130.0,42.6,36.8,19.8,35.72
636830.0,3409130.0,42.6,36.8,19.8,35.72
636930.0,3409130.0,42.6,36.8,19.8,35.72
637030.0,3409130.0,42.6,36.8,19.8,35.72
623330.0,3409030.0,42.6,36.8,19.8,35.72
623430.0,3409030.0,42.6,36.8,19.8,35.72
623530.0,3409030.0,42.6,36.8,19.8,35.72
623630.0,3409030.0,42.6,36.8,19.8,35.72
623730.0,3409030.0,42.6,36.8,19.8,35.72
623830.0,3409030.0,42.6,36.8,19.8,35.72
623930.0,3409030.0,42.6,36.8,19.8,35.72
624030.0,3409030.0,42.6,36.8,19.8,35.72
624130.0,3409030.0,42.6,36.8,19.8,35.72
624230.0,3409030.0,42.6,36.8,19.8,35.72
624330.0,3409030.0,42.6,36.8,19.8,35.72
624430.0,3409030.0,42.6,36.8,19.8,35.72
624530.0,3409030.0,42.6,36.8,19.8,35.72
624630.0,3409030.0,42.6,36.8,19.8,35.72
624730.0,3409030.0,42.6,36.8,19.8,35.72
624830.0,3409030.0,42.6,36.8,19.8,35.72
624930.0,3409030.0,42.6,36.8,19.8,35.72
625030.0,3409030.0,42.6,36.8,19.8,35.72
625130.0,3409030.0,42.6,36.8,19.8,35.72
625230.0,3409030.0,42.6,36.8,19.8,35.72
625330.0,3409030.0,42.6,36.8,19.8,35.72
625430.0,3409030.0,42.6,36.8,19.8,35.72
625530.0,3409030.0,42.6,36.8,19.8,35.72
625630.0,3409030.0,42.6,36.8,19.8,35.72
625730.0,3409030.0,42.6,36.8,19.8,35.72
625830.0,3409030.0,42.6,36.8,19.8,35.72
625930.0,3409030.0,42.6,36.8,19.8,35.72
626030.0,3409030.0,42.6,36.8,19.8,35.72
626130.0,3409030.0,42.6,36.8,19.8,35.72
626230.0,3409030.0,42.6,36.8,19.8,35.72
626330.0,3409030.0,42.6,36.8,19.8,35.72
626430.0,3409030.0,42.6,36.8,19.8,35.72
626530.0,3409030.0,42.6,36.8,19.8,35.72
626630.0,3409030.0,42.6,36.8,19.8,35.72
626730.0,3409030.0,42.6,36.8,19.8,35.72
626830.0,3409030.0,42.6,36.8,19.8,35.72
626930.0,3409030.0,42.6,36.8,19.8,35.72
627030.0,3409030.0,42.6,36.8,19.8,35.72
627130.0,3409030.0,42.6,36.8,19.8,35.72
627230.0,3409030.0,42.6,36.8,19.8,35.72
627330.0,3409030.0,42.6,36.8,19.8,35.72
627430.0,3409030.0,42.6,36.8,19.8,35.72
627530.0,3409030.0,42.6,36.8,19.8,35.72
627630.0,3409030.0,42.6,36.8,19.8,35.72
627730.0,3409030.0,42.6,36.8,19.8,35.72
627830.0,3409030.0,42.6,36.8,19.8,35.72
627930.0,3409030.0,42.6,36.8,19.8,35.72
628030.0,3409030.0,42.6,36.8,19.8,35.72
628130.0,3409030.0,42.6,36.8,19.8,35.72
628230.0,3409030.0,42.6,36.8,19.8,35.72
628330.0,3409030.0,42.6,36.8,19.8,35.72
628430.0,3409030.0,42.6,36.8,19.8,35.72
628530.0,3409030.0,42.6,36.8,19.8,35.72
628630.0,3409030.0,42.6,36.8,19.8,35.72
628730.0,3409030.0,42.6,36.8,19.8,35.72
628830.0,3409030.0,42.6,36.8,19.8,35.72
628930.0,3409030.0,42.6,36.8,19.8,35.72
629030.0,3409030.0,42.6,36.8,19.8,35.72
629130.0,3409030.0,42.6,36.8,19.8,35.72
629230.0,3409030.0,42.6,36.8,19.8,35.72
629330.0,3409030.0,42.6,36.8,19.8,35.72
629430.0,3409030.0,42.6,36.8,19.8,35.72
629530.0,3409030.0,42.6,36.8,19.8,35.72
629630.0,3409030.0,42.6,36.8,19.8,35.72
629730.0,3409030.0,42.6,36.8,19.8,35.72
629830.0,3409030.0,42.6,36.8,19.8,35.72
629930.0,3409030.0,42.6,36.8,19.8,35.72
630030.0,3409030.0,42.6,36.8,19.8,35.72
630130.0,3409030.0,42.6,36.8,19.8,35.72
630230.0,3409030.0,42.6,36.8,19.8,35.72
630330.0,3409030.0,42.6,36.8,19.8,35.72
630430.0,3409030.0,42.6,36.8,19.8,35.72
630530.0,3409030.0,42.6,36.8,19.8,35.72
630630.0,3409030.0,42.6,36.8,19.8,35.72
630730.0,3409030.0,42.6,36.8,19.8,35.72
630830.0,3409030.0,42.6,36.8,19.8,35.72
630930.0,3409030.0,42.6,36.8,19.8,35.72
631030.0,3409030.0,42.6,36.8,19.8,35.72
631130.0,3409030.0,42.6,36.8,19.8,35.72
631230.0,3409030.0,42.6,36.8,19.8,35.72
631330.0,3409030.0,42.6,36.8,19.8,35.72
631430.0,3409030.0,42.6,36.8,19.8,35.72
631530.0,3409030.0,42.6,36.8,19.8,35.72
631630.0,3409030.0,42.6,36.8,19.8,35.72
631730.0,3409030.0,42.6,36.8,19.8,35.72
631830.0,3409030.0,42.6,36.8,19.8,35.72
631930.0,3409030.0,42.6,36.8,19.8,35.72
632030.0,3409030.0,42.6,36.8,19.8,35.72
632130.0,3409030.0,42.6,36.8,19.8,35.72
632230.0,3409030.0,42.6,36.8,19.8,35.72
632330.0,3409030.0,42.6,36.8,19.8,35.72
632430.0,3409030.0,42.6,36.8,19.8,35.72
632530.0,3409030.0,42.6,36.8,19.8,35.72
632630.0,3409030.0,42.6,36.8,19.8,35.72
632730.0,3409030.0,42.6,36.8,19.8,35.72
632830.0,3409030.0,42.6,36.8,19.8,35.72
632930.0,3409030.0,42.6,36.8,19.8,35.72
633030.0,3409030.0,42.6,36.8,19.8,35.72
633130.0,3409030.0,42.6,36.8,19.8,35.72
633230.0,3409030.0,42.6,36.8,19.8,35.72
633330.0,3409030.0,42.6,36.8,19.8,35.72
633430.0,3409030.0,42.6,36.8,19.8,35.72
633530.0,3409030.0,42.6,36.8,19.8,35.72
633630.0,3409030.0,42.6,36.8,19.8,35.72
633730.0,3409030.0,42.6,36.8,19.8,35.72
633830.0,3409030.0,42.6,36.8,19.8,35.72
633930.0,3409030.0,42.6,36.8,19.8,35.72
634030.0,3409030.0,42.6,36.8,19.8,35.72
634130.0,3409030.0,42.6,36.8,19.8,35.72
634230.0,3409030.0,42.6,36.8,19.8,35.72
634330.0,3409030.0,42.6,36.8,19.8,35.72
634430.0,3409030.0,42.6,36.8,19.8,35.72
634530.0,3409030.0,42.6,36.8,19.8,35.72
634630.0,3409030.0,42.6,36.8,19.8,35.72
634730.0,3409030.0,42.6,36.8,19.8,35.72
634830.0,3409030.0,42.6,36.8,19.8,35.72
634930.0,3409030.0,42.6,36.8,19.8,35.72
635030.0,3409030.0,42.6,36.8,19.8,35.72
635130.0,3409030.0,42.6,36.8,19.8,35.72
635230.0,3409030.0,42.6,36.8,19.8,35.72
635330.0,3409030.0,42.6,36.8,19.8,35.72
635430.0,3409030.0,42.6,36.8,19.8,35.72
635530.0,3409030.0,42.6,36.8,19.8,35.72
635630.0,3409030.0,42.6,36.8,19.8,35.72
635730.0,3409030.0,42.6,36.8,19.8,35.72
635830.0,3409030.0,42.6,36.8,19.8,35.72
635930.0,3409030.0,42.6,36.8,19.8,35.72
636030.0,3409030.0,42.6,36.8,19.8,35.72
636130.0,3409030.0,42.6,36.8,19.8,35.72
636230.0,3409030.0,42.6,36.8,19.8,35.72
636330.0,3409030.0,42.6,36.8,19.8,35.72
636430.0,3409030.0,42.6,36.8,19.8,35.72
636530.0,3409030.0,42.6,36.8,19.8,35.72
636630.0,3409030.0,42.6,36.8,19.8,35.72
636730.0,3409030.0,42.6,36.8,19.8,35.72
636830.0,3409030.0,42.6,36.8,19.8,35.72
636930.0,3409030.0,42.6,36.8,19.8,35.72
637030.0,3409030.0,42.6,36.8,19.8,35.72
623230.0,3408930.0,42.6,36.8,19.8,35.72
623330.0,3408930.0,42.6,36.8,19.8,35.72
623430.0,3408930.0,42.6,36.8,19.8,35.72
623530.0,3408930.0,42.6,36.8,19.8,35.72
623630.0,3408930.0,42.6,36.8,19.8,35.72
623730.0,3408930.0,42.6,36.8,19.8,35.72
623830.0,3408930.0,42.6,36.8,19.8,35.72
623930.0,3408930.0,42.6,36.8,19.8,35.72
624030.0,3408930.0,42.6,36.8,19.8,35.72
624130.0,3408930.0,42.6,36.8,19.8,35.72
624230.0,3408930.0,42.6,36.8,19.8,35.72
624330.0,3408930.0,42.6,36.8,19.8,35.72
624430.0,3408930.0,42.6,36.8,19.8,35.72
624530.0,3408930.0,42.6,36.8,19.8,35.72
624630.0,3408930.0,42.6,36.8,19.8,35.72
624730.0,3408930.0,42.6,36.8,19.8,35.72
624830.0,3408930.0,42.6,36.8,19.8,35.72
624930.0,3408930.0,42.6,36.8,19.8,35.72
625030.0,3408930.0,42.6,36.8,19.8,35.72
625130.0,3408930.0,42.6,36.8,19.8,35.72
625230.0,3408930.0,42.6,36.8,19.8,35.72
625330.0,3408930.0,42.6,36.8,19.8,35.72
625430.0,3408930.0,42.6,36.8,19.8,35.72
625530.0,3408930.0,42.6,36.8,19.8,35.72
625630.0,3408930.0,42.6,36.8,19.8,35.72
625730.0,3408930.0,42.6,36.8,19.8,35.72
625830.0,3408930.0,42.6,36.8,19.8,35.72
625930.0,3408930.0,42.6,36.8,19.8,35.72
626030.0,3408930.0,42.6,36.8,19.8,35.72
626130.0,3408930.0,42.6,36.8,19.8,35.72
626230.0,3408930.0,42.6,36.8,19.8,35.72
626330.0,3408930.0,42.6,36.8,19.8,35.72
626430.0,3408930.0,42.6,36.8,19.8,35.72
626530.0,3408930.0,42.6,36.8,19.8,35.72
626630.0,3408930.0,42.6,36.8,19.8,35.72
626730.0,3408930.0,42.6,36.8,19.8,35.72
626830.0,3408930.0,42.6,36.8,19.8,35.72
626930.0,3408930.0,42.6,36.8,19.8,35.72
627030.0,3408930.0,42.6,36.8,19.8,35.72
627130.0,3408930.0,42.6,36.8,19.8,35.72
627230.0,3408930.0,42.6,36.8,19.8,35.72
627330.0,3408930.0,42.6,36.8,19.8,35.72
627430.0,3408930.0,42.6,36.8,19.8,35.72
627530.0,3408930.0,42.6,36.8,19.8,35.72
627630.0,3408930.0,42.6,36.8,19.8,35.72
627730.0,3408930.0,42.6,36.8,19.8,35.72
627830.0,3408930.0,42.6,36.8,19.8,35.72
627930.0,3408930.0,42.6,36.8,19.8,35.72
628030.0,3408930.0,42.6,36.8,19.8,35.72
628130.0,3408930.0,42.6,36.8,19.8,35.72
628230.0,3408930.0,42.6,36.8,19.8,35.72
628330.0,3408930.0,42.6,36.8,19.8,35.72
628430.0,3408930.0,42.6,36.8,19.8,35.72
628530.0,3408930.0,42.6,36.8,19.8,35.72
628630.0,3408930.0,42.6,36.8,19.8,35.72
628730.0,3408930.0,42.6,36.8,19.8,35.72
628830.0,3408930.0,42.6,36.8,19.8,35.72
628930.0,3408930.0,42.6,36.8,19.8,35.72
629030.0,3408930.0,42.6,36.8,19.8,35.72
629130.0,3408930.0,42.6,36.8,19.8,35.72
629230.0,3408930.0,42.6,36.8,19.8,35.72
629330.0,3408930.0,42.6,36.8,19.8,35.72
629430.0,3408930.0,42.6,36.8,19.8,35.72
629530.0,3408930.0,42.6,36.8,19.8,35.72
629630.0,3408930.0,42.6,36.8,19.8,35.72
629730.0,3408930.0,42.6,36.8,19.8,35.72
629830.0,3408930.0,42.6,36.8,19.8,35.72
629930.0,3408930.0,42.6,36.8,19.8,35.72
630030.0,3408930.0,42.6,36.8,19.8,35.72
630130.0,3408930.0,42.6,36.8,19.8,35.72
630230.0,3408930.0,42.6,36.8,19.8,35.72
630330.0,3408930.0,42.6,36.8,19.8,35.72
630430.0,3408930.0,42.6,36.8,19.8,35.72
630530.0,3408930.0,42.6,36.8,19.8,35.72
630630.0,3408930.0,42.6,36.8,19.8,35.72
630730.0,3408930.0,42.6,36.8,19.8,35.72
630830.0,3408930.0,42.6,36.8,19.8,35.72
630930.0,3408930.0,42.6,36.8,19.8,35.72
631030.0,3408930.0,42.6,36.8,19.8,35.72
631130.0,3408930.0,42.6,36.8,19.8,35.72
631230.0,3408930.0,42.6,36.8,19.8,35.72
631330.0,3408930.0,42.6,36.8,19.8,35.72
631430.0,3408930.0,42.6,36.8,19.8,35.72
631530.0,3408930.0,42.6,36.8,19.8,35.72
631630.0,3408930.0,42.6,36.8,19.8,35.72
631730.0,3408930.0,42.6,36.8,19.8,35.72
631830.0,3408930.0,42.6,36.8,19.8,35.72
631930.0,3408930.0,42.6,36.8,19.8,35.72
632030.0,3408930.0,42.6,36.8,19.8,35.72
632130.0,3408930.0,42.6,36.8,19.8,35.72
632230.0,3408930.0,42.6,36.8,19.8,35.72
632330.0,3408930.0,42.6,36.8,19.8,35.72
632430.0,3408930.0,42.6,36.8,19.8,35.72
632530.0,3408930.0,42.6,36.8,19.8,35.72
632630.0,3408930.0,42.6,36.8,19.8,35.72
632730.0,3408930.0,42.6,36.8,19.8,35.72
632830.0,3408930.0,42.6,36.8,19.8,35.72
632930.0,3408930.0,42.6,36.8,19.8,35.72
633030.0,3408930.0,42.6,36.8,19.8,35.72
633130.0,3408930.0,42.6,36.8,19.8,35.72
633230.0,3408930.0,42.6,36.8,19.8,35.72
633330.0,3408930.0,42.6,36.8,19.8,35.72
633430.0,3408930.0,42.6,36.8,19.8,35.72
633530.0,3408930.0,42.6,36.8,19.8,35.72
633630.0,3408930.0,42.6,36.8,19.8,35.72
633730.0,3408930.0,42.6,36.8,19.8,35.72
633830.0,3408930.0,42.6,36.8,19.8,35.72
633930.0,3408930.0,42.6,36.8,19.8,35.72
634030.0,3408930.0,42.6,36.8,19.8,35.72
634130.0,3408930.0,42.6,36.8,19.8,35.72
634230.0,3408930.0,42.6,36.8,19.8,35.72
634330.0,3408930.0,42.6,36.8,19.8,35.72
634430.0,3408930.0,42.6,36.8,19.8,35.72
634530.0,3408930.0,42.6,36.8,19.8,35.72
634630.0,3408930.0,42.6,36.8,19.8,35.72
634730.0,3408930.0,42.6,36.8,19.8,35.72
634830.0,3408930.0,42.6,36.8,19.8,35.72
634930.0,3408930.0,42.6,36.8,19.8,35.72
635030.0,3408930.0,42.6,36.8,19.8,35.72
635130.0,3408930.0,42.6,36.8,19.8,35.72
635230.0,3408930.0,42.6,36.8,19.8,35.72
635330.0,3408930.0,42.6,36.8,19.8,35.72
635430.0,3408930.0,42.6,36.8,19.8,35.72
635530.0,3408930.0,42.6,36.8,19.8,35.72
635630.0,3408930.0,42.6,36.8,19.8,35.72
635730.0,3408930.0,42.6,36.8,19.8,35.72
635830.0,3408930.0,42.6,36.8,19.8,35.72
635930.0,3408930.0,42.6,36.8,19.8,35.72
636030.0,3408930.0,42.6,36.8,19.8,35.72
636130.0,3408930.0,42.6,36.8,19.8,35.72
636230.0,3408930.0,42.6,36.8,19.8,35.72
636330.0,3408930.0,42.6,36.8,19.8,35.72
636430.0,3408930.0,42.6,36.8,19.8,35.72
636530.0,3408930.0,42.6,36.8,19.8,35.72
636630.0,3408930.0,42.6,36.8,19.8,35.72
636730.0,3408930.0,42.6,36.8,19.8,35.72
636830.0,3408930.0,42.6,36.8,19.8,35.72
636930.0,3408930.0,42.6,36.8,19.8,35.72
637030.0,3408930.0,42.6,36.8,19.8,35.72
623030.0,3408830.0,42.6,36.8,19.8,35.72
623130.0,3408830.0,42.6,36.8,19.8,35.72
623230.0,3408830.0,42.6,36.8,19.8,35.72
623330.0,3408830.0,42.6,36.8,19.8,35.72
623430.0,3408830.0,42.6,36.8,19.8,35.72
623530.0,3408830.0,42.6,36.8,19.8,35.72
623630.0,3408830.0,42.6,36.8,19.8,35.72
623730.0,3408830.0,42.6,36.8,19.8,35.72
623830.0,3408830.0,42.6,36.8,19.8,35.72
623930.0,3408830.0,42.6,36.8,19.8,35.72
624030.0,3408830.0,42.6,36.8,19.8,35.72
624130.0,3408830.0,42.6,36.8,19.8,35.72
624230.0,3408830.0,42.6,36.8,19.8,35.72
624330.0,3408830.0,42.6,36.8,19.8,35.72
624430.0,3408830.0,42.6,36.8,19.8,35.72
624530.0,3408830.0,42.6,36.8,19.8,35.72
624630.0,3408830.0,42.6,36.8,19.8,35.72
624730.0,3408830.0,42.6,36.8,19.8,35.72
624830.0,3408830.0,42.6,36.8,19.8,35.72
624930.0,3408830.0,42.6,36.8,19.8,35.72
625030.0,3408830.0,42.6,36.8,19.8,35.72
625130.0,3408830.0,42.6,36.8,19.8,35.72
625230.0,3408830.0,42.6,36.8,19.8,35.72
625330.0,3408830.0,42.6,36.8,19.8,35.72
625430.0,3408830.0,42.6,36.8,19.8,35.72
625530.0,3408830.0,42.6,36.8,19.8,35.72
625630.0,3408830.0,42.6,36.8,19.8,35.72
625730.0,3408830.0,42.6,36.8,19.8,35.72
625830.0,3408830.0,42.6,36.8,19.8,35.72
625930.0,3408830.0,42.6,36.8,19.8,35.72
626030.0,3408830.0,42.6,36.8,19.8,35.72
626130.0,3408830.0,42.6,36.8,19.8,35.72
626230.0,3408830.0,42.6,36.8,19.8,35.72
626330.0,3408830.0,42.6,36.8,19.8,35.72
626430.0,3408830.0,42.6,36.8,19.8,35.72
626530.0,3408830.0,42.6,36.8,19.8,35.72
626630.0,3408830.0,42.6,36.8,19.8,35.72
626730.0,3408830.0,42.6,36.8,19.8,35.72
626830.0,3408830.0,42.6,36.8,19.8,35.72
626930.0,3408830.0,42.6,36.8,19.8,35.72
627030.0,3408830.0,42.6,36.8,19.8,35.72
627130.0,3408830.0,42.6,36.8,19.8,35.72
627230.0,3408830.0,42.6,36.8,19.8,35.72
627330.0,3408830.0,42.6,36.8,19.8,35.72
627430.0,3408830.0,42.6,36.8,19.8,35.72
627530.0,3408830.0,42.6,36.8,19.8,35.72
627630.0,3408830.0,42.6,36.8,19.8,35.72
627730.0,3408830.0,42.6,36.8,19.8,35.72
627830.0,3408830.0,42.6,36.8,19.8,35.72
627930.0,3408830.0,42.6,36.8,19.8,35.72
628030.0,3408830.0,42.6,36.8,19.8,35.72
628130.0,3408830.0,42.6,36.8,19.8,35.72
628230.0,3408830.0,42.6,36.8,19.8,35.72
628330.0,3408830.0,42.6,36.8,19.8,35.72
628430.0,3408830.0,42.6,36.8,19.8,35.72
628530.0,3408830.0,42.6,36.8,19.8,35.72
628630.0,3408830.0,42.6,36.8,19.8,35.72
628730.0,3408830.0,42.6,36.8,19.8,35.72
628830.0,3408830.0,42.6,36.8,19.8,35.72
628930.0,3408830.0,42.6,36.8,19.8,35.72
629030.0,3408830.0,42.6,36.8,19.8,35.72
629130.0,3408830.0,42.6,36.8,19.8,35.72
629230.0,3408830.0,42.6,36.8,19.8,35.72
629330.0,3408830.0,42.6,36.8,19.8,35.72
629430.0,3408830.0,42.6,36.8,19.8,35.72
629530.0,3408830.0,42.6,36.8,19.8,35.72
629630.0,3408830.0,42.6,36.8,19.8,35.72
629730.0,3408830.0,42.6,36.8,19.8,35.72
629830.0,3408830.0,42.6,36.8,19.8,35.72
629930.0,3408830.0,42.6,36.8,19.8,35.72
630030.0,3408830.0,42.6,36.8,19.8,35.72
630130.0,3408830.0,42.6,36.8,19.8,35.72
630230.0,3408830.0,42.6,36.8,19.8,35.72
630330.0,3408830.0,42.6,36.8,19.8,35.72
630430.0,3408830.0,42.6,36.8,19.8,35.72
630530.0,3408830.0,42.6,36.8,19.8,35.72
630630.0,3408830.0,42.6,36.8,19.8,35.72
630730.0,3408830.0,42.6,36.8,19.8,35.72
630830.0,3408830.0,42.6,36.8,19.8,35.72
630930.0,3408830.0,42.6,36.8,19.8,35.72
631030.0,3408830.0,42.6,36.8,19.8,35.72
631130.0,3408830.0,42.6,36.8,19.8,35.72
631230.0,3408830.0,42.6,36.8,19.8,35.72
631330.0,3408830.0,42.6,36.8,19.8,35.72
631430.0,3408830.0,42.6,36.8,19.8,35.72
631530.0,3408830.0,42.6,36.8,19.8,35.72
631630.0,3408830.0,42.6,36.8,19.8,35.72
631730.0,3408830.0,42.6,36.8,19.8,35.72
631830.0,3408830.0,42.6,36.8,19.8,35.72
631930.0,3408830.0,42.6,36.8,19.8,35.72
632030.0,3408830.0,42.6,36.8,19.8,35.72
632130.0,3408830.0,42.6,36.8,19.8,35.72
632230.0,3408830.0,42.6,36.8,19.8,35.72
632330.0,3408830.0,42.6,36.8,19.8,35.72
632430.0,3408830.0,42.6,36.8,19.8,35.72
632530.0,3408830.0,42.6,36.8,19.8,35.72
632630.0,3408830.0,42.6,36.8,19.8,35.72
632730.0,3408830.0,42.6,36.8,19.8,35.72
632830.0,3408830.0,42.6,36.8,19.8,35.72
632930.0,3408830.0,42.6,36.8,19.8,35.72
633030.0,3408830.0,42.6,36.8,19.8,35.72
633130.0,3408830.0,42.6,36.8,19.8,35.72
633230.0,3408830.0,42.6,36.8,19.8,35.72
633330.0,3408830.0,42.6,36.8,19.8,35.72
633430.0,3408830.0,42.6,36.8,19.8,35.72
633530.0,3408830.0,42.6,36.8,19.8,35.72
633630.0,3408830.0,42.6,36.8,19.8,35.72
633730.0,3408830.0,42.6,36.8,19.8,35.72
633830.0,3408830.0,42.6,36.8,19.8,35.72
633930.0,3408830.0,42.6,36.8,19.8,35.72
634030.0,3408830.0,42.6,36.8,19.8,35.72
634130.0,3408830.0,42.6,36.8,19.8,35.72
634230.0,3408830.0,42.6,36.8,19.8,35.72
634330.0,3408830.0,42.6,36.8,19.8,35.72
634430.0,3408830.0,42.6,36.8,19.8,35.72
634530.0,3408830.0,42.6,36.8,19.8,35.72
634630.0,3408830.0,42.6,36.8,19.8,35.72
634730.0,3408830.0,42.6,36.8,19.8,35.72
634830.0,3408830.0,42.6,36.8,19.8,35.72
634930.0,3408830.0,42.6,36.8,19.8,35.72
635030.0,3408830.0,42.6,36.8,19.8,35.72
635130.0,3408830.0,42.6,36.8,19.8,35.72
635230.0,3408830.0,42.6,36.8,19.8,35.72
635330.0,3408830.0,42.6,36.8,19.8,35.72
635430.0,3408830.0,42.6,36.8,19.8,35.72
635530.0,3408830.0,42.6,36.8,19.8,35.72
635630.0,3408830.0,42.6,36.8,19.8,35.72
635730.0,3408830.0,42.6,36.8,19.8,35.72
635830.0,3408830.0,42.6,36.8,19.8,35.72
635930.0,3408830.0,42.6,36.8,19.8,35.72
636030.0,3408830.0,42.6,36.8,19.8,35.72
636130.0,3408830.0,42.6,36.8,19.8,35.72
636230.0,3408830.0,42.6,36.8,19.8,35.72
636330.0,3408830.0,42.6,36.8,19.8,35.72
636430.0,3408830.0,42.6,36.8,19.8,35.72
636530.0,3408830.0,42.6,36.8,19.8,35.72
636630.0,3408830.0,42.6,36.8,19.8,35.72
636730.0,3408830.0,42.6,36.8,19.8,35.72
636830.0,3408830.0,42.6,36.8,19.8,35.72
636930.0,3408830.0,42.6,36.8,19.8,35.72
637030.0,3408830.0,42.6,36.8,19.8,35.72
637130.0,3408830.0,42.6,36.8,19.8,35.72
622930.0,3408730.0,42.6,36.8,19.8,35.72
623030.0,3408730.0,42.6,36.8,19.8,35.72
623130.0,3408730.0,42.6,36.8,19.8,35.72
623230.0,3408730.0,42.6,36.8,19.8,35.72
623330.0,3408730.0,42.6,36.8,19.8,35.72
623430.0,3408730.0,42.6,36.8,19.8,35.72
623530.0,3408730.0,42.6,36.8,19.8,35.72
623630.0,3408730.0,42.6,36.8,19.8,35.72
623730.0,3408730.0,42.6,36.8,19.8,35.72
623830.0,3408730.0,42.6,36.8,19.8,35.72
623930.0,3408730.0,42.6,36.8,19.8,35.72
624030.0,3408730.0,42.6,36.8,19.8,35.72
624130.0,3408730.0,42.6,36.8,19.8,35.72
624230.0,3408730.0,42.6,36.8,19.8,35.72
624330.0,3408730.0,42.6,36.8,19.8,35.72
624430.0,3408730.0,42.6,36.8,19.8,35.72
624530.0,3408730.0,42.6,36.8,19.8,35.72
624630.0,3408730.0,42.6,36.8,19.8,35.72
624730.0,3408730.0,42.6,36.8,19.8,35.72
624830.0,3408730.0,42.6,36.8,19.8,35.72
624930.0,3408730.0,42.6,36.8,19.8,35.72
625030.0,3408730.0,42.6,36.8,19.8,35.72
625130.0,3408730.0,42.6,36.8,19.8,35.72
625230.0,3408730.0,42.6,36.8,19.8,35.72
625330.0,3408730.0,42.6,36.8,19.8,35.72
625430.0,3408730.0,42.6,36.8,19.8,35.72
625530.0,3408730.0,42.6,36.8,19.8,35.72
625630.0,3408730.0,42.6,36.8,19.8,35.72
625730.0,3408730.0,42.6,36.8,19.8,35.72
625830.0,3408730.0,42.6,36.8,19.8,35.72
625930.0,3408730.0,42.6,36.8,19.8,35.72
626030.0,3408730.0,42.6,36.8,19.8,35.72
626130.0,3408730.0,42.6,36.8,19.8,35.72
626230.0,3408730.0,42.6,36.8,19.8,35.72
626330.0,3408730.0,42.6,36.8,19.8,35.72
626430.0,3408730.0,42.6,36.8,19.8,35.72
626530.0,3408730.0,42.6,36.8,19.8,35.72
626630.0,3408730.0,42.6,36.8,19.8,35.72
626730.0,3408730.0,42.6,36.8,19.8,35.72
626830.0,3408730.0,42.6,36.8,19.8,35.72
626930.0,3408730.0,42.6,36.8,19.8,35.72
627030.0,3408730.0,42.6,36.8,19.8,35.72
627130.0,3408730.0,42.6,36.8,19.8,35.72
627230.0,3408730.0,42.6,36.8,19.8,35.72
627330.0,3408730.0,42.6,36.8,19.8,35.72
627430.0,3408730.0,42.6,36.8,19.8,35.72
627530.0,3408730.0,42.6,36.8,19.8,35.72
627630.0,3408730.0,42.6,36.8,19.8,35.72
627730.0,3408730.0,42.6,36.8,19.8,35.72
627830.0,3408730.0,42.6,36.8,19.8,35.72
627930.0,3408730.0,42.6,36.8,19.8,35.72
628030.0,3408730.0,42.6,36.8,19.8,35.72
628130.0,3408730.0,42.6,36.8,19.8,35.72
628230.0,3408730.0,42.6,36.8,19.8,35.72
628330.0,3408730.0,42.6,36.8,19.8,35.72
628430.0,3408730.0,42.6,36.8,19.8,35.72
628530.0,3408730.0,42.6,36.8,19.8,35.72
628630.0,3408730.0,42.6,36.8,19.8,35.72
628730.0,3408730.0,42.6,36.8,19.8,35.72
628830.0,3408730.0,42.6,36.8,19.8,35.72
628930.0,3408730.0,42.6,36.8,19.8,35.72
629030.0,3408730.0,42.6,36.8,19.8,35.72
629130.0,3408730.0,42.6,36.8,19.8,35.72
629230.0,3408730.0,42.6,36.8,19.8,35.72
629330.0,3408730.0,42.6,36.8,19.8,35.72
629430.0,3408730.0,42.6,36.8,19.8,35.72
629530.0,3408730.0,42.6,36.8,19.8,35.72
629630.0,3408730.0,42.6,36.8,19.8,35.72
629730.0,3408730.0,42.6,36.8,19.8,35.72
629830.0,3408730.0,42.6,36.8,19.8,35.72
629930.0,3408730.0,42.6,36.8,19.8,35.72
630030.0,3408730.0,42.6,36.8,19.8,35.72
630130.0,3408730.0,42.6,36.8,19.8,35.72
630230.0,3408730.0,42.6,36.8,19.8,35.72
630330.0,3408730.0,42.6,36.8,19.8,35.72
630430.0,3408730.0,42.6,36.8,19.8,35.72
630530.0,3408730.0,42.6,36.8,19.8,35.72
630630.0,3408730.0,42.6,36.8,19.8,35.72
630730.0,3408730.0,42.6,36.8,19.8,35.72
630830.0,3408730.0,42.6,36.8,19.8,35.72
630930.0,3408730.0,42.6,36.8,19.8,35.72
631030.0,3408730.0,42.6,36.8,19.8,35.72
631130.0,3408730.0,42.6,36.8,19.8,35.72
631230.0,3408730.0,42.6,36.8,19.8,35.72
631330.0,3408730.0,42.6,36.8,19.8,35.72
631430.0,3408730.0,42.6,36.8,19.8,35.72
631530.0,3408730.0,42.6,36.8,19.8,35.72
631630.0,3408730.0,42.6,36.8,19.8,35.72
631730.0,3408730.0,42.6,36.8,19.8,35.72
631830.0,3408730.0,42.6,36.8,19.8,35.72
631930.0,3408730.0,42.6,36.8,19.8,35.72
632030.0,3408730.0,42.6,36.8,19.8,35.72
632130.0,3408730.0,42.6,36.8,19.8,35.72
632230.0,3408730.0,42.6,36.8,19.8,35.72
632330.0,3408730.0,42.6,36.8,19.8,35.72
632430.0,3408730.0,42.6,36.8,19.8,35.72
632530.0,3408730.0,42.6,36.8,19.8,35.72
632630.0,3408730.0,42.6,36.8,19.8,35.72
632730.0,3408730.0,42.6,36.8,19.8,35.72
632830.0,3408730.0,42.6,36.8,19.8,35.72
632930.0,3408730.0,42.6,36.8,19.8,35.72
633030.0,3408730.0,42.6,36.8,19.8,35.72
633130.0,3408730.0,42.6,36.8,19.8,35.72
633230.0,3408730.0,42.6,36.8,19.8,35.72
633330.0,3408730.0,42.6,36.8,19.8,35.72
633430.0,3408730.0,42.6,36.8,19.8,35.72
633530.0,3408730.0,42.6,36.8,19.8,35.72
633630.0,3408730.0,42.6,36.8,19.8,35.72
633730.0,3408730.0,42.6,36.8,19.8,35.72
633830.0,3408730.0,42.6,36.8,19.8,35.72
633930.0,3408730.0,42.6,36.8,19.8,35.72
634030.0,3408730.0,42.6,36.8,19.8,35.72
634130.0,3408730.0,42.6,36.8,19.8,35.72
634230.0,3408730.0,42.6,36.8,19.8,35.72
634330.0,3408730.0,42.6,36.8,19.8,35.72
634430.0,3408730.0,42.6,36.8,19.8,35.72
634530.0,3408730.0,42.6,36.8,19.8,35.72
634630.0,3408730.0,42.6,36.8,19.8,35.72
634730.0,3408730.0,42.6,36.8,19.8,35.72
634830.0,3408730.0,42.6,36.8,19.8,35.72
634930.0,3408730.0,42.6,36.8,19.8,35.72
635030.0,3408730.0,42.6,36.8,19.8,35.72
635130.0,3408730.0,42.6,36.8,19.8,35.72
635230.0,3408730.0,42.6,36.8,19.8,35.72
635330.0,3408730.0,42.6,36.8,19.8,35.72
635430.0,3408730.0,42.6,36.8,19.8,35.72
635530.0,3408730.0,42.6,36.8,19.8,35.72
635630.0,3408730.0,42.6,36.8,19.8,35.72
635730.0,3408730.0,42.6,36.8,19.8,35.72
635830.0,3408730.0,42.6,36.8,19.8,35.72
635930.0,3408730.0,42.6,36.8,19.8,35.72
636030.0,3408730.0,42.6,36.8,19.8,35.72
636130.0,3408730.0,42.6,36.8,19.8,35.72
636230.0,3408730.0,42.6,36.8,19.8,35.72
636330.0,3408730.0,42.6,36.8,19.8,35.72
636430.0,3408730.0,42.6,36.8,19.8,35.72
636530.0,3408730.0,42.6,36.8,19.8,35.72
636630.0,3408730.0,42.6,36.8,19.8,35.72
636730.0,3408730.0,42.6,36.8,19.8,35.72
636830.0,3408730.0,42.6,36.8,19.8,35.72
636930.0,3408730.0,42.6,36.8,19.8,35.72
637030.0,3408730.0,42.6,36.8,19.8,35.72
637130.0,3408730.0,42.6,36.8,19.8,35.72
622730.0,3408630.0,42.6,36.8,19.8,35.72
622830.0,3408630.0,42.6,36.8,19.8,35.72
622930.0,3408630.0,42.6,36.8,19.8,35.72
623030.0,3408630.0,42.6,36.8,19.8,35.72
623130.0,3408630.0,42.6,36.8,19.8,35.72
623230.0,3408630.0,42.6,36.8,19.8,35.72
623330.0,3408630.0,42.6,36.8,19.8,35.72
623430.0,3408630.0,42.6,36.8,19.8,35.72
623530.0,3408630.0,42.6,36.8,19.8,35.72
623630.0,3408630.0,42.6,36.8,19.8,35.72
623730.0,3408630.0,42.6,36.8,19.8,35.72
623830.0,3408630.0,42.6,36.8,19.8,35.72
623930.0,3408630.0,42.6,36.8,19.8,35.72
624030.0,3408630.0,42.6,36.8,19.8,35.72
624130.0,3408630.0,42.6,36.8,19.8,35.72
624230.0,3408630.0,42.6,36.8,19.8,35.72
624330.0,3408630.0,42.6,36.8,19.8,35.72
624430.0,3408630.0,42.6,36.8,19.8,35.72
624530.0,3408630.0,42.6,36.8,19.8,35.72
624630.0,3408630.0,42.6,36.8,19.8,35.72
624730.0,3408630.0,42.6,36.8,19.8,35.72
624830.0,3408630.0,42.6,36.8,19.8,35.72
624930.0,3408630.0,42.6,36.8,19.8,35.72
625030.0,3408630.0,42.6,36.8,19.8,35.72
625130.0,3408630.0,42.6,36.8,19.8,35.72
625230.0,3408630.0,42.6,36.8,19.8,35.72
625330.0,3408630.0,42.6,36.8,19.8,35.72
625430.0,3408630.0,42.6,36.8,19.8,35.72
625530.0,3408630.0,42.6,36.8,19.8,35.72
625630.0,3408630.0,42.6,36.8,19.8,35.72
625730.0,3408630.0,42.6,36.8,19.8,35.72
625830.0,3408630.0,42.6,36.8,19.8,35.72
625930.0,3408630.0,42.6,36.8,19.8,35.72
626030.0,3408630.0,42.6,36.8,19.8,35.72
626130.0,3408630.0,42.6,36.8,19.8,35.72
626230.0,3408630.0,42.6,36.8,19.8,35.72
626330.0,3408630.0,42.6,36.8,19.8,35.72
626430.0,3408630.0,42.6,36.8,19.8,35.72
626530.0,3408630.0,42.6,36.8,19.8,35.72
626630.0,3408630.0,42.6,36.8,19.8,35.72
626730.0,3408630.0,42.6,36.8,19.8,35.72
626830.0,3408630.0,42.6,36.8,19.8,35.72
626930.0,3408630.0,42.6,36.8,19.8,35.72
627030.0,3408630.0,42.6,36.8,19.8,35.72
627130.0,3408630.0,42.6,36.8,19.8,35.72
627230.0,3408630.0,42.6,36.8,19.8,35.72
627330.0,3408630.0,42.6,36.8,19.8,35.72
627430.0,3408630.0,42.6,36.8,19.8,35.72
627530.0,3408630.0,42.6,36.8,19.8,35.72
627630.0,3408630.0,42.6,36.8,19.8,35.72
627730.0,3408630.0,42.6,36.8,19.8,35.72
627830.0,3408630.0,42.6,36.8,19.8,35.72
627930.0,3408630.0,42.6,36.8,19.8,35.72
628030.0,3408630.0,42.6,36.8,19.8,35.72
628130.0,3408630.0,42.6,36.8,19.8,35.72
628230.0,3408630.0,42.6,36.8,19.8,35.72
628330.0,3408630.0,42.6,36.8,19.8,35.72
628430.0,3408630.0,42.6,36.8,19.8,35.72
628530.0,3408630.0,42.6,36.8,19.8,35.72
628630.0,3408630.0,42.6,36.8,19.8,35.72
628730.0,3408630.0,42.6,36.8,19.8,35.72
628830.0,3408630.0,42.6,36.8,19.8,35.72
628930.0,3408630.0,42.6,36.8,19.8,35.72
629030.0,3408630.0,42.6,36.8,19.8,35.72
629130.0,3408630.0,42.6,36.8,19.8,35.72
629230.0,3408630.0,42.6,36.8,19.8,35.72
629330.0,3408630.0,42.6,36.8,19.8,35.72
629430.0,3408630.0,42.6,36.8,19.8,35.72
629530.0,3408630.0,42.6,36.8,19.8,35.72
629630.0,3408630.0,42.6,36.8,19.8,35.72
629730.0,3408630.0,42.6,36.8,19.8,35.72
629830.0,3408630.0,42.6,36.8,19.8,35.72
629930.0,3408630.0,42.6,36.8,19.8,35.72
630030.0,3408630.0,42.6,36.8,19.8,35.72
630130.0,3408630.0,42.6,36.8,19.8,35.72
630230.0,3408630.0,42.6,36.8,19.8,35.72
630330.0,3408630.0,42.6,36.8,19.8,35.72
630430.0,3408630.0,42.6,36.8,19.8,35.72
630530.0,3408630.0,42.6,36.8,19.8,35.72
630630.0,3408630.0,42.6,36.8,19.8,35.72
630730.0,3408630.0,42.6,36.8,19.8,35.72
630830.0,3408630.0,42.6,36.8,19.8,35.72
630930.0,3408630.0,42.6,36.8,19.8,35.72
631030.0,3408630.0,42.6,36.8,19.8,35.72
631130.0,3408630.0,42.6,36.8,19.8,35.72
631230.0,3408630.0,42.6,36.8,19.8,35.72
631330.0,3408630.0,42.6,36.8,19.8,35.72
631430.0,3408630.0,42.6,36.8,19.8,35.72
631530.0,3408630.0,42.6,36.8,19.8,35.72
631630.0,3408630.0,42.6,36.8,19.8,35.72
631730.0,3408630.0,42.6,36.8,19.8,35.72
631830.0,3408630.0,42.6,36.8,19.8,35.72
631930.0,3408630.0,42.6,36.8,19.8,35.72
632030.0,3408630.0,42.6,36.8,19.8,35.72
632130.0,3408630.0,42.6,36.8,19.8,35.72
632230.0,3408630.0,42.6,36.8,19.8,35.72
632330.0,3408630.0,42.6,36.8,19.8,35.72
632430.0,3408630.0,42.6,36.8,19.8,35.72
632530.0,3408630.0,42.6,36.8,19.8,35.72
632630.0,3408630.0,42.6,36.8,19.8,35.72
632730.0,3408630.0,42.6,36.8,19.8,35.72
632830.0,3408630.0,42.6,36.8,19.8,35.72
632930.0,3408630.0,42.6,36.8,19.8,35.72
633030.0,3408630.0,42.6,36.8,19.8,35.72
633130.0,3408630.0,42.6,36.8,19.8,35.72
633230.0,3408630.0,42.6,36.8,19.8,35.72
633330.0,3408630.0,42.6,36.8,19.8,35.72
633430.0,3408630.0,42.6,36.8,19.8,35.72
633530.0,3408630.0,42.6,36.8,19.8,35.72
633630.0,3408630.0,42.6,36.8,19.8,35.72
633730.0,3408630.0,42.6,36.8,19.8,35.72
633830.0,3408630.0,42.6,36.8,19.8,35.72
633930.0,3408630.0,42.6,36.8,19.8,35.72
634030.0,3408630.0,42.6,36.8,19.8,35.72
634130.0,3408630.0,42.6,36.8,19.8,35.72
634230.0,3408630.0,42.6,36.8,19.8,35.72
634330.0,3408630.0,42.6,36.8,19.8,35.72
634430.0,3408630.0,42.6,36.8,19.8,35.72
634530.0,3408630.0,42.6,36.8,19.8,35.72
634630.0,3408630.0,42.6,36.8,19.8,35.72
634730.0,3408630.0,42.6,36.8,19.8,35.72
634830.0,3408630.0,42.6,36.8,19.8,35.72
634930.0,3408630.0,42.6,36.8,19.8,35.72
635030.0,3408630.0,42.6,36.8,19.8,35.72
635130.0,3408630.0,42.6,36.8,19.8,35.72
635230.0,3408630.0,42.6,36.8,19.8,35.72
635330.0,3408630.0,42.6,36.8,19.8,35.72
635430.0,3408630.0,42.6,36.8,19.8,35.72
635530.0,3408630.0,42.6,36.8,19.8,35.72
635630.0,3408630.0,42.6,36.8,19.8,35.72
635730.0,3408630.0,42.6,36.8,19.8,35.72
635830.0,3408630.0,42.6,36.8,19.8,35.72
635930.0,3408630.0,42.6,36.8,19.8,35.72
636030.0,3408630.0,42.6,36.8,19.8,35.72
636130.0,3408630.0,42.6,36.8,19.8,35.72
636230.0,3408630.0,42.6,36.8,19.8,35.72
636330.0,3408630.0,42.6,36.8,19.8,35.72
636430.0,3408630.0,42.6,36.8,19.8,35.72
636530.0,3408630.0,42.6,36.8,19.8,35.72
636630.0,3408630.0,42.6,36.8,19.8,35.72
636730.0,3408630.0,42.6,36.8,19.8,35.72
636830.0,3408630.0,42.6,36.8,19.8,35.72
636930.0,3408630.0,42.6,36.8,19.8,35.72
637030.0,3408630.0,42.6,36.8,19.8,35.72
637130.0,3408630.0,42.6,36.8,19.8,35.72
622630.0,3408530.0,42.6,36.8,19.8,35.72
622730.0,3408530.0,42.6,36.8,19.8,35.72
622830.0,3408530.0,42.6,36.8,19.8,35.72
622930.0,3408530.0,42.6,36.8,19.8,35.72
623030.0,3408530.0,42.6,36.8,19.8,35.72
623130.0,3408530.0,42.6,36.8,19.8,35.72
623230.0,3408530.0,42.6,36.8,19.8,35.72
623330.0,3408530.0,42.6,36.8,19.8,35.72
623430.0,3408530.0,42.6,36.8,19.8,35.72
623530.0,3408530.0,42.6,36.8,19.8,35.72
623630.0,3408530.0,42.6,36.8,19.8,35.72
623730.0,3408530.0,42.6,36.8,19.8,35.72
623830.0,3408530.0,42.6,36.8,19.8,35.72
623930.0,3408530.0,42.6,36.8,19.8,35.72
624030.0,3408530.0,42.6,36.8,19.8,35.72
624130.0,3408530.0,42.6,36.8,19.8,35.72
624230.0,3408530.0,42.6,36.8,19.8,35.72
624330.0,3408530.0,42.6,36.8,19.8,35.72
624430.0,3408530.0,42.6,36.8,19.8,35.72
624530.0,3408530.0,42.6,36.8,19.8,35.72
624630.0,3408530.0,42.6,36.8,19.8,35.72
624730.0,3408530.0,42.6,36.8,19.8,35.72
624830.0,3408530.0,42.6,36.8,19.8,35.72
624930.0,3408530.0,42.6,36.8,19.8,35.72
625030.0,3408530.0,42.6,36.8,19.8,35.72
625130.0,3408530.0,42.6,36.8,19.8,35.72
625230.0,3408530.0,42.6,36.8,19.8,35.72
625330.0,3408530.0,42.6,36.8,19.8,35.72
625430.0,3408530.0,42.6,36.8,19.8,35.72
625530.0,3408530.0,42.6,36.8,19.8,35.72
625630.0,3408530.0,42.6,36.8,19.8,35.72
625730.0,3408530.0,42.6,36.8,19.8,35.72
625830.0,3408530.0,42.6,36.8,19.8,35.72
625930.0,3408530.0,42.6,36.8,19.8,35.72
626030.0,3408530.0,42.6,36.8,19.8,35.72
626130.0,3408530.0,42.6,36.8,19.8,35.72
626230.0,3408530.0,42.6,36.8,19.8,35.72
626330.0,3408530.0,42.6,36.8,19.8,35.72
626430.0,3408530.0,42.6,36.8,19.8,35.72
626530.0,3408530.0,42.6,36.8,19.8,35.72
626630.0,3408530.0,42.6,36.8,19.8,35.72
626730.0,3408530.0,42.6,36.8,19.8,35.72
626830.0,3408530.0,42.6,36.8,19.8,35.72
626930.0,3408530.0,42.6,36.8,19.8,35.72
627030.0,3408530.0,42.6,36.8,19.8,35.72
627130.0,3408530.0,42.6,36.8,19.8,35.72
627230.0,3408530.0,42.6,36.8,19.8,35.72
627330.0,3408530.0,42.6,36.8,19.8,35.72
627430.0,3408530.0,42.6,36.8,19.8,35.72
627530.0,3408530.0,42.6,36.8,19.8,35.72
627630.0,3408530.0,42.6,36.8,19.8,35.72
627730.0,3408530.0,42.6,36.8,19.8,35.72
627830.0,3408530.0,42.6,36.8,19.8,35.72
627930.0,3408530.0,42.6,36.8,19.8,35.72
628030.0,3408530.0,42.6,36.8,19.8,35.72
628130.0,3408530.0,42.6,36.8,19.8,35.72
628230.0,3408530.0,42.6,36.8,19.8,35.72
628330.0,3408530.0,42.6,36.8,19.8,35.72
628430.0,3408530.0,42.6,36.8,19.8,35.72
628530.0,3408530.0,42.6,36.8,19.8,35.72
628630.0,3408530.0,42.6,36.8,19.8,35.72
628730.0,3408530.0,42.6,36.8,19.8,35.72
628830.0,3408530.0,42.6,36.8,19.8,35.72
628930.0,3408530.0,42.6,36.8,19.8,35.72
629030.0,3408530.0,42.6,36.8,19.8,35.72
629130.0,3408530.0,42.6,36.8,19.8,35.72
629230.0,3408530.0,42.6,36.8,19.8,35.72
629330.0,3408530.0,42.6,36.8,19.8,35.72
629430.0,3408530.0,42.6,36.8,19.8,35.72
629530.0,3408530.0,42.6,36.8,19.8,35.72
629630.0,3408530.0,42.6,36.8,19.8,35.72
629730.0,3408530.0,42.6,36.8,19.8,35.72
629830.0,3408530.0,42.6,36.8,19.8,35.72
629930.0,3408530.0,42.6,36.8,19.8,35.72
630030.0,3408530.0,42.6,36.8,19.8,35.72
630130.0,3408530.0,42.6,36.8,19.8,35.72
630230.0,3408530.0,42.6,36.8,19.8,35.72
630330.0,3408530.0,42.6,36.8,19.8,35.72
630430.0,3408530.0,42.6,36.8,19.8,35.72
630530.0,3408530.0,42.6,36.8,19.8,35.72
630630.0,3408530.0,42.6,36.8,19.8,35.72
630730.0,3408530.0,42.6,36.8,19.8,35.72
630830.0,3408530.0,42.6,36.8,19.8,35.72
630930.0,3408530.0,42.6,36.8,19.8,35.72
631030.0,3408530.0,42.6,36.8,19.8,35.72
631130.0,3408530.0,42.6,36.8,19.8,35.72
631230.0,3408530.0,42.6,36.8,19.8,35.72
631330.0,3408530.0,42.6,36.8,19.8,35.72
631430.0,3408530.0,42.6,36.8,19.8,35.72
631530.0,3408530.0,42.6,36.8,19.8,35.72
631630.0,3408530.0,42.6,36.8,19.8,35.72
631730.0,3408530.0,42.6,36.8,19.8,35.72
631830.0,3408530.0,42.6,36.8,19.8,35.72
631930.0,3408530.0,42.6,36.8,19.8,35.72
632030.0,3408530.0,42.6,36.8,19.8,35.72
632130.0,3408530.0,42.6,36.8,19.8,35.72
632230.0,3408530.0,42.6,36.8,19.8,35.72
632330.0,3408530.0,42.6,36.8,19.8,35.72
632430.0,3408530.0,42.6,36.8,19.8,35.72
632530.0,3408530.0,42.6,36.8,19.8,35.72
632630.0,3408530.0,42.6,36.8,19.8,35.72
632730.0,3408530.0,42.6,36.8,19.8,35.72
632830.0,3408530.0,42.6,36.8,19.8,35.72
632930.0,3408530.0,42.6,36.8,19.8,35.72
633030.0,3408530.0,42.6,36.8,19.8,35.72
633130.0,3408530.0,42.6,36.8,19.8,35.72
633230.0,3408530.0,42.6,36.8,19.8,35.72
633330.0,3408530.0,42.6,36.8,19.8,35.72
633430.0,3408530.0,42.6,36.8,19.8,35.72
633530.0,3408530.0,42.6,36.8,19.8,35.72
633630.0,3408530.0,42.6,36.8,19.8,35.72
633730.0,3408530.0,42.6,36.8,19.8,35.72
633830.0,3408530.0,42.6,36.8,19.8,35.72
633930.0,3408530.0,42.6,36.8,19.8,35.72
634030.0,3408530.0,42.6,36.8,19.8,35.72
634130.0,3408530.0,42.6,36.8,19.8,35.72
634230.0,3408530.0,42.6,36.8,19.8,35.72
634330.0,3408530.0,42.6,36.8,19.8,35.72
634430.0,3408530.0,42.6,36.8,19.8,35.72
634530.0,3408530.0,42.6,36.8,19.8,35.72
634630.0,3408530.0,42.6,36.8,19.8,35.72
634730.0,3408530.0,42.6,36.8,19.8,35.72
634830.0,3408530.0,42.6,36.8,19.8,35.72
634930.0,3408530.0,42.6,36.8,19.8,35.72
635030.0,3408530.0,42.6,36.8,19.8,35.72
635130.0,3408530.0,42.6,36.8,19.8,35.72
635230.0,3408530.0,42.6,36.8,19.8,35.72
635330.0,3408530.0,42.6,36.8,19.8,35.72
635430.0,3408530.0,42.6,36.8,19.8,35.72
635530.0,3408530.0,42.6,36.8,19.8,35.72
635630.0,3408530.0,42.6,36.8,19.8,35.72
635730.0,3408530.0,42.6,36.8,19.8,35.72
635830.0,3408530.0,42.6,36.8,19.8,35.72
635930.0,3408530.0,42.6,36.8,19.8,35.72
636030.0,3408530.0,42.6,36.8,19.8,35.72
636130.0,3408530.0,42.6,36.8,19.8,35.72
636230.0,3408530.0,42.6,36.8,19.8,35.72
636330.0,3408530.0,42.6,36.8,19.8,35.72
636430.0,3408530.0,42.6,36.8,19.8,35.72
636530.0,3408530.0,42.6,36.8,19.8,35.72
636630.0,3408530.0,42.6,36.8,19.8,35.72
636730.0,3408530.0,42.6,36.8,19.8,35.72
636830.0,3408530.0,42.6,36.8,19.8,35.72
636930.0,3408530.0,42.6,36.8,19.8,35.72
637030.0,3408530.0,42.6,36.8,19.8,35.72
637130.0,3408530.0,42.6,36.8,19.8,35.72
622430.0,3408430.0,42.6,36.8,19.8,35.72
622530.0,3408430.0,42.6,36.8,19.8,35.72
622630.0,3408430.0,42.6,36.8,19.8,35.72
622730.0,3408430.0,42.6,36.8,19.8,35.72
622830.0,3408430.0,42.6,36.8,19.8,35.72
622930.0,3408430.0,42.6,36.8,19.8,35.72
623030.0,3408430.0,42.6,36.8,19.8,35.72
623130.0,3408430.0,42.6,36.8,19.8,35.72
623230.0,3408430.0,42.6,36.8,19.8,35.72
623330.0,3408430.0,42.6,36.8,19.8,35.72
623430.0,3408430.0,42.6,36.8,19.8,35.72
623530.0,3408430.0,42.6,36.8,19.8,35.72
623630.0,3408430.0,42.6,36.8,19.8,35.72
623730.0,3408430.0,42.6,36.8,19.8,35.72
623830.0,3408430.0,42.6,36.8,19.8,35.72
623930.0,3408430.0,42.6,36.8,19.8,35.72
624030.0,3408430.0,42.6,36.8,19.8,35.72
624130.0,3408430.0,42.6,36.8,19.8,35.72
624230.0,3408430.0,42.6,36.8,19.8,35.72
624330.0,3408430.0,42.6,36.8,19.8,35.72
624430.0,3408430.0,42.6,36.8,19.8,35.72
624530.0,3408430.0,42.6,36.8,19.8,35.72
624630.0,3408430.0,42.6,36.8,19.8,35.72
624730.0,3408430.0,42.6,36.8,19.8,35.72
624830.0,3408430.0,42.6,36.8,19.8,35.72
624930.0,3408430.0,42.6,36.8,19.8,35.72
625030.0,3408430.0,42.6,36.8,19.8,35.72
625130.0,3408430.0,42.6,36.8,19.8,35.72
625230.0,3408430.0,42.6,36.8,19.8,35.72
625330.0,3408430.0,42.6,36.8,19.8,35.72
625430.0,3408430.0,42.6,36.8,19.8,35.72
625530.0,3408430.0,42.6,36.8,19.8,35.72
625630.0,3408430.0,42.6,36.8,19.8,35.72
625730.0,3408430.0,42.6,36.8,19.8,35.72
625830.0,3408430.0,42.6,36.8,19.8,35.72
625930.0,3408430.0,42.6,36.8,19.8,35.72
626030.0,3408430.0,42.6,36.8,19.8,35.72
626130.0,3408430.0,42.6,36.8,19.8,35.72
626230.0,3408430.0,42.6,36.8,19.8,35.72
626330.0,3408430.0,42.6,36.8,19.8,35.72
626430.0,3408430.0,42.6,36.8,19.8,35.72
626530.0,3408430.0,42.6,36.8,19.8,35.72
626630.0,3408430.0,42.6,36.8,19.8,35.72
626730.0,3408430.0,42.6,36.8,19.8,35.72
626830.0,3408430.0,42.6,36.8,19.8,35.72
626930.0,3408430.0,42.6,36.8,19.8,35.72
627030.0,3408430.0,42.6,36.8,19.8,35.72
627130.0,3408430.0,42.6,36.8,19.8,35.72
627230.0,3408430.0,42.6,36.8,19.8,35.72
627330.0,3408430.0,42.6,36.8,19.8,35.72
627430.0,3408430.0,42.6,36.8,19.8,35.72
627530.0,3408430.0,42.6,36.8,19.8,35.72
627630.0,3408430.0,42.6,36.8,19.8,35.72
627730.0,3408430.0,42.6,36.8,19.8,35.72
627830.0,3408430.0,42.6,36.8,19.8,35.72
627930.0,3408430.0,42.6,36.8,19.8,35.72
628030.0,3408430.0,42.6,36.8,19.8,35.72
628130.0,3408430.0,42.6,36.8,19.8,35.72
628230.0,3408430.0,42.6,36.8,19.8,35.72
628330.0,3408430.0,42.6,36.8,19.8,35.72
628430.0,3408430.0,42.6,36.8,19.8,35.72
628530.0,3408430.0,42.6,36.8,19.8,35.72
628630.0,3408430.0,42.6,36.8,19.8,35.72
628730.0,3408430.0,42.6,36.8,19.8,35.72
628830.0,3408430.0,42.6,36.8,19.8,35.72
628930.0,3408430.0,42.6,36.8,19.8,35.72
629030.0,3408430.0,42.6,36.8,19.8,35.72
629130.0,3408430.0,42.6,36.8,19.8,35.72
629230.0,3408430.0,42.6,36.8,19.8,35.72
629330.0,3408430.0,42.6,36.8,19.8,35.72
629430.0,3408430.0,42.6,36.8,19.8,35.72
629530.0,3408430.0,42.6,36.8,19.8,35.72
629630.0,3408430.0,42.6,36.8,19.8,35.72
629730.0,3408430.0,42.6,36.8,19.8,35.72
629830.0,3408430.0,42.6,36.8,19.8,35.72
629930.0,3408430.0,42.6,36.8,19.8,35.72
630030.0,3408430.0,42.6,36.8,19.8,35.72
630130.0,3408430.0,42.6,36.8,19.8,35.72
630230.0,3408430.0,42.6,36.8,19.8,35.72
630330.0,3408430.0,42.6,36.8,19.8,35.72
630430.0,3408430.0,42.6,36.8,19.8,35.72
630530.0,3408430.0,42.6,36.8,19.8,35.72
630630.0,3408430.0,42.6,36.8,19.8,35.72
630730.0,3408430.0,42.6,36.8,19.8,35.72
630830.0,3408430.0,42.6,36.8,19.8,35.72
630930.0,3408430.0,42.6,36.8,19.8,35.72
631030.0,3408430.0,42.6,36.8,19.8,35.72
631130.0,3408430.0,42.6,36.8,19.8,35.72
631230.0,3408430.0,42.6,36.8,19.8,35.72
631330.0,3408430.0,42.6,36.8,19.8,35.72
631430.0,3408430.0,42.6,36.8,19.8,35.72
631530.0,3408430.0,42.6,36.8,19.8,35.72
631630.0,3408430.0,42.6,36.8,19.8,35.72
631730.0,3408430.0,42.6,36.8,19.8,35.72
631830.0,3408430.0,42.6,36.8,19.8,35.72
631930.0,3408430.0,42.6,36.8,19.8,35.72
632030.0,3408430.0,42.6,36.8,19.8,35.72
632130.0,3408430.0,42.6,36.8,19.8,35.72
632230.0,3408430.0,42.6,36.8,19.8,35.72
632330.0,3408430.0,42.6,36.8,19.8,35.72
632430.0,3408430.0,42.6,36.8,19.8,35.72
632530.0,3408430.0,42.6,36.8,19.8,35.72
632630.0,3408430.0,42.6,36.8,19.8,35.72
632730.0,3408430.0,42.6,36.8,19.8,35.72
632830.0,3408430.0,42.6,36.8,19.8,35.72
632930.0,3408430.0,42.6,36.8,19.8,35.72
633030.0,3408430.0,42.6,36.8,19.8,35.72
633130.0,3408430.0,42.6,36.8,19.8,35.72
633230.0,3408430.0,42.6,36.8,19.8,35.72
633330.0,3408430.0,42.6,36.8,19.8,35.72
633430.0,3408430.0,42.6,36.8,19.8,35.72
633530.0,3408430.0,42.6,36.8,19.8,35.72
633630.0,3408430.0,42.6,36.8,19.8,35.72
633730.0,3408430.0,42.6,36.8,19.8,35.72
633830.0,3408430.0,42.6,36.8,19.8,35.72
633930.0,3408430.0,42.6,36.8,19.8,35.72
634030.0,3408430.0,42.6,36.8,19.8,35.72
634130.0,3408430.0,42.6,36.8,19.8,35.72
634230.0,3408430.0,42.6,36.8,19.8,35.72
634330.0,3408430.0,42.6,36.8,19.8,35.72
634430.0,3408430.0,42.6,36.8,19.8,35.72
634530.0,3408430.0,42.6,36.8,19.8,35.72
634630.0,3408430.0,42.6,36.8,19.8,35.72
634730.0,3408430.0,42.6,36.8,19.8,35.72
634830.0,3408430.0,42.6,36.8,19.8,35.72
634930.0,3408430.0,42.6,36.8,19.8,35.72
635030.0,3408430.0,42.6,36.8,19.8,35.72
635130.0,3408430.0,42.6,36.8,19.8,35.72
635230.0,3408430.0,42.6,36.8,19.8,35.72
635330.0,3408430.0,42.6,36.8,19.8,35.72
635430.0,3408430.0,42.6,36.8,19.8,35.72
635530.0,3408430.0,42.6,36.8,19.8,35.72
635630.0,3408430.0,42.6,36.8,19.8,35.72
635730.0,3408430.0,42.6,36.8,19.8,35.72
635830.0,3408430.0,42.6,36.8,19.8,35.72
635930.0,3408430.0,42.6,36.8,19.8,35.72
636030.0,3408430.0,42.6,36.8,19.8,35.72
636130.0,3408430.0,42.6,36.8,19.8,35.72
636230.0,3408430.0,42.6,36.8,19.8,35.72
636330.0,3408430.0,42.6,36.8,19.8,35.72
636430.0,3408430.0,42.6,36.8,19.8,35.72
636530.0,3408430.0,42.6,36.8,19.8,35.72
636630.0,3408430.0,42.6,36.8,19.8,35.72
636730.0,3408430.0,42.6,36.8,19.8,35.72
636830.0,3408430.0,42.6,36.8,19.8,35.72
636930.0,3408430.0,42.6,36.8,19.8,35.72
637030.0,3408430.0,42.6,36.8,19.8,35.72
637130.0,3408430.0,42.6,36.8,19.8,35.72
622230.0,3408330.0,42.6,36.8,19.8,35.72
622330.0,3408330.0,42.6,36.8,19.8,35.72
622430.0,3408330.0,42.6,36.8,19.8,35.72
622530.0,3408330.0,42.6,36.8,19.8,35.72
622630.0,3408330.0,42.6,36.8,19.8,35.72
622730.0,3408330.0,42.6,36.8,19.8,35.72
622830.0,3408330.0,42.6,36.8,19.8,35.72
622930.0,3408330.0,42.6,36.8,19.8,35.72
623030.0,3408330.0,42.6,36.8,19.8,35.72
623130.0,3408330.0,42.6,36.8,19.8,35.72
623230.0,3408330.0,42.6,36.8,19.8,35.72
623330.0,3408330.0,42.6,36.8,19.8,35.72
623430.0,3408330.0,42.6,36.8,19.8,35.72
623530.0,3408330.0,42.6,36.8,19.8,35.72
623630.0,3408330.0,42.6,36.8,19.8,35.72
623730.0,3408330.0,42.6,36.8,19.8,35.72
623830.0,3408330.0,42.6,36.8,19.8,35.72
623930.0,3408330.0,42.6,36.8,19.8,35.72
624030.0,3408330.0,42.6,36.8,19.8,35.72
624130.0,3408330.0,42.6,36.8,19.8,35.72
624230.0,3408330.0,42.6,36.8,19.8,35.72
624330.0,3408330.0,42.6,36.8,19.8,35.72
624430.0,3408330.0,42.6,36.8,19.8,35.72
624530.0,3408330.0,42.6,36.8,19.8,35.72
624630.0,3408330.0,42.6,36.8,19.8,35.72
624730.0,3408330.0,42.6,36.8,19.8,35.72
624830.0,3408330.0,42.6,36.8,19.8,35.72
624930.0,3408330.0,42.6,36.8,19.8,35.72
625030.0,3408330.0,42.6,36.8,19.8,35.72
625130.0,3408330.0,42.6,36.8,19.8,35.72
625230.0,3408330.0,42.6,36.8,19.8,35.72
625330.0,3408330.0,42.6,36.8,19.8,35.72
625430.0,3408330.0,42.6,36.8,19.8,35.72
625530.0,3408330.0,42.6,36.8,19.8,35.72
625630.0,3408330.0,42.6,36.8,19.8,35.72
625730.0,3408330.0,42.6,36.8,19.8,35.72
625830.0,3408330.0,42.6,36.8,19.8,35.72
625930.0,3408330.0,42.6,36.8,19.8,35.72
626030.0,3408330.0,42.6,36.8,19.8,35.72
626130.0,3408330.0,42.6,36.8,19.8,35.72
626230.0,3408330.0,42.6,36.8,19.8,35.72
626330.0,3408330.0,42.6,36.8,19.8,35.72
626430.0,3408330.0,42.6,36.8,19.8,35.72
626530.0,3408330.0,42.6,36.8,19.8,35.72
626630.0,3408330.0,42.6,36.8,19.8,35.72
626730.0,3408330.0,42.6,36.8,19.8,35.72
626830.0,3408330.0,42.6,36.8,19.8,35.72
626930.0,3408330.0,42.6,36.8,19.8,35.72
627030.0,3408330.0,42.6,36.8,19.8,35.72
627130.0,3408330.0,42.6,36.8,19.8,35.72
627230.0,3408330.0,42.6,36.8,19.8,35.72
627330.0,3408330.0,42.6,36.8,19.8,35.72
627430.0,3408330.0,42.6,36.8,19.8,35.72
627530.0,3408330.0,42.6,36.8,19.8,35.72
627630.0,3408330.0,42.6,36.8,19.8,35.72
627730.0,3408330.0,42.6,36.8,19.8,35.72
627830.0,3408330.0,42.6,36.8,19.8,35.72
627930.0,3408330.0,42.6,36.8,19.8,35.72
628030.0,3408330.0,42.6,36.8,19.8,35.72
628130.0,3408330.0,42.6,36.8,19.8,35.72
628230.0,3408330.0,42.6,36.8,19.8,35.72
628330.0,3408330.0,42.6,36.8,19.8,35.72
628430.0,3408330.0,42.6,36.8,19.8,35.72
628530.0,3408330.0,42.6,36.8,19.8,35.72
628630.0,3408330.0,42.6,36.8,19.8,35.72
628730.0,3408330.0,42.6,36.8,19.8,35.72
628830.0,3408330.0,42.6,36.8,19.8,35.72
628930.0,3408330.0,42.6,36.8,19.8,35.72
629030.0,3408330.0,42.6,36.8,19.8,35.72
629130.0,3408330.0,42.6,36.8,19.8,35.72
629230.0,3408330.0,42.6,36.8,19.8,35.72
629330.0,3408330.0,42.6,36.8,19.8,35.72
629430.0,3408330.0,42.6,36.8,19.8,35.72
629530.0,3408330.0,42.6,36.8,19.8,35.72
629630.0,3408330.0,42.6,36.8,19.8,35.72
629730.0,3408330.0,42.6,36.8,19.8,35.72
629830.0,3408330.0,42.6,36.8,19.8,35.72
629930.0,3408330.0,42.6,36.8,19.8,35.72
630030.0,3408330.0,42.6,36.8,19.8,35.72
630130.0,3408330.0,42.6,36.8,19.8,35.72
630230.0,3408330.0,42.6,36.8,19.8,35.72
630330.0,3408330.0,42.6,36.8,19.8,35.72
630430.0,3408330.0,42.6,36.8,19.8,35.72
630530.0,3408330.0,42.6,36.8,19.8,35.72
630630.0,3408330.0,42.6,36.8,19.8,35.72
630730.0,3408330.0,42.6,36.8,19.8,35.72
630830.0,3408330.0,42.6,36.8,19.8,35.72
630930.0,3408330.0,42.6,36.8,19.8,35.72
631030.0,3408330.0,42.6,36.8,19.8,35.72
631130.0,3408330.0,42.6,36.8,19.8,35.72
631230.0,3408330.0,42.6,36.8,19.8,35.72
631330.0,3408330.0,42.6,36.8,19.8,35.72
631430.0,3408330.0,42.6,36.8,19.8,35.72
631530.0,3408330.0,42.6,36.8,19.8,35.72
631630.0,3408330.0,42.6,36.8,19.8,35.72
631730.0,3408330.0,42.6,36.8,19.8,35.72
631830.0,3408330.0,42.6,36.8,19.8,35.72
631930.0,3408330.0,42.6,36.8,19.8,35.72
632030.0,3408330.0,42.6,36.8,19.8,35.72
632130.0,3408330.0,42.6,36.8,19.8,35.72
632230.0,3408330.0,42.6,36.8,19.8,35.72
632330.0,3408330.0,42.6,36.8,19.8,35.72
632430.0,3408330.0,42.6,36.8,19.8,35.72
632530.0,3408330.0,42.6,36.8,19.8,35.72
632630.0,3408330.0,42.6,36.8,19.8,35.72
632730.0,3408330.0,42.6,36.8,19.8,35.72
632830.0,3408330.0,42.6,36.8,19.8,35.72
632930.0,3408330.0,42.6,36.8,19.8,35.72
633030.0,3408330.0,42.6,36.8,19.8,35.72
633130.0,3408330.0,42.6,36.8,19.8,35.72
633230.0,3408330.0,42.6,36.8,19.8,35.72
633330.0,3408330.0,42.6,36.8,19.8,35.72
633430.0,3408330.0,42.6,36.8,19.8,35.72
633530.0,3408330.0,42.6,36.8,19.8,35.72
633630.0,3408330.0,42.6,36.8,19.8,35.72
633730.0,3408330.0,42.6,36.8,19.8,35.72
633830.0,3408330.0,42.6,36.8,19.8,35.72
633930.0,3408330.0,42.6,36.8,19.8,35.72
634030.0,3408330.0,42.6,36.8,19.8,35.72
634130.0,3408330.0,42.6,36.8,19.8,35.72
634230.0,3408330.0,42.6,36.8,19.8,35.72
634330.0,3408330.0,42.6,36.8,19.8,35.72
634430.0,3408330.0,42.6,36.8,19.8,35.72
634530.0,3408330.0,42.6,36.8,19.8,35.72
634630.0,3408330.0,42.6,36.8,19.8,35.72
634730.0,3408330.0,42.6,36.8,19.8,35.72
634830.0,3408330.0,42.6,36.8,19.8,35.72
634930.0,3408330.0,42.6,36.8,19.8,35.72
635030.0,3408330.0,42.6,36.8,19.8,35.72
635130.0,3408330.0,42.6,36.8,19.8,35.72
635230.0,3408330.0,42.6,36.8,19.8,35.72
635330.0,3408330.0,42.6,36.8,19.8,35.72
635430.0,3408330.0,42.6,36.8,19.8,35.72
635530.0,3408330.0,42.6,36.8,19.8,35.72
635630.0,3408330.0,42.6,36.8,19.8,35.72
635730.0,3408330.0,42.6,36.8,19.8,35.72
635830.0,3408330.0,42.6,36.8,19.8,35.72
635930.0,3408330.0,42.6,36.8,19.8,35.72
636030.0,3408330.0,42.6,36.8,19.8,35.72
636130.0,3408330.0,42.6,36.8,19.8,35.72
636230.0,3408330.0,42.6,36.8,19.8,35.72
636330.0,3408330.0,42.6,36.8,19.8,35.72
636430.0,3408330.0,42.6,36.8,19.8,35.72
636530.0,3408330.0,42.6,36.8,19.8,35.72
636630.0,3408330.0,42.6,36.8,19.8,35.72
636730.0,3408330.0,42.6,36.8,19.8,35.72
636830.0,3408330.0,42.6,36.8,19.8,35.72
636930.0,3408330.0,42.6,36.8,19.8,35.72
637030.0,3408330.0,42.6,36.8,19.8,35.72
637130.0,3408330.0,42.6,36.8,19.8,35.72
622130.0,3408230.0,42.6,36.8,19.8,35.72
622230.0,3408230.0,42.6,36.8,19.8,35.72
622330.0,3408230.0,42.6,36.8,19.8,35.72
622430.0,3408230.0,42.6,36.8,19.8,35.72
622530.0,3408230.0,42.6,36.8,19.8,35.72
622630.0,3408230.0,42.6,36.8,19.8,35.72
622730.0,3408230.0,42.6,36.8,19.8,35.72
622830.0,3408230.0,42.6,36.8,19.8,35.72
622930.0,3408230.0,42.6,36.8,19.8,35.72
623030.0,3408230.0,42.6,36.8,19.8,35.72
623130.0,3408230.0,42.6,36.8,19.8,35.72
623230.0,3408230.0,42.6,36.8,19.8,35.72
623330.0,3408230.0,42.6,36.8,19.8,35.72
623430.0,3408230.0,42.6,36.8,19.8,35.72
623530.0,3408230.0,42.6,36.8,19.8,35.72
623630.0,3408230.0,42.6,36.8,19.8,35.72
623730.0,3408230.0,42.6,36.8,19.8,35.72
623830.0,3408230.0,42.6,36.8,19.8,35.72
623930.0,3408230.0,42.6,36.8,19.8,35.72
624030.0,3408230.0,42.6,36.8,19.8,35.72
624130.0,3408230.0,42.6,36.8,19.8,35.72
624230.0,3408230.0,42.6,36.8,19.8,35.72
624330.0,3408230.0,42.6,36.8,19.8,35.72
624430.0,3408230.0,42.6,36.8,19.8,35.72
624530.0,3408230.0,42.6,36.8,19.8,35.72
624630.0,3408230.0,42.6,36.8,19.8,35.72
624730.0,3408230.0,42.6,36.8,19.8,35.72
624830.0,3408230.0,42.6,36.8,19.8,35.72
624930.0,3408230.0,42.6,36.8,19.8,35.72
625030.0,3408230.0,42.6,36.8,19.8,35.72
625130.0,3408230.0,42.6,36.8,19.8,35.72
625230.0,3408230.0,42.6,36.8,19.8,35.72
625330.0,3408230.0,42.6,36.8,19.8,35.72
625430.0,3408230.0,42.6,36.8,19.8,35.72
625530.0,3408230.0,42.6,36.8,19.8,35.72
625630.0,3408230.0,42.6,36.8,19.8,35.72
625730.0,3408230.0,42.6,36.8,19.8,35.72
625830.0,3408230.0,42.6,36.8,19.8,35.72
625930.0,3408230.0,42.6,36.8,19.8,35.72
626030.0,3408230.0,42.6,36.8,19.8,35.72
626130.0,3408230.0,42.6,36.8,19.8,35.72
626230.0,3408230.0,42.6,36.8,19.8,35.72
626330.0,3408230.0,42.6,36.8,19.8,35.72
626430.0,3408230.0,42.6,36.8,19.8,35.72
626530.0,3408230.0,42.6,36.8,19.8,35.72
626630.0,3408230.0,42.6,36.8,19.8,35.72
626730.0,3408230.0,42.6,36.8,19.8,35.72
626830.0,3408230.0,42.6,36.8,19.8,35.72
626930.0,3408230.0,42.6,36.8,19.8,35.72
627030.0,3408230.0,42.6,36.8,19.8,35.72
627130.0,3408230.0,42.6,36.8,19.8,35.72
627230.0,3408230.0,42.6,36.8,19.8,35.72
627330.0,3408230.0,42.6,36.8,19.8,35.72
627430.0,3408230.0,42.6,36.8,19.8,35.72
627530.0,3408230.0,42.6,36.8,19.8,35.72
627630.0,3408230.0,42.6,36.8,19.8,35.72
627730.0,3408230.0,42.6,36.8,19.8,35.72
627830.0,3408230.0,42.6,36.8,19.8,35.72
627930.0,3408230.0,42.6,36.8,19.8,35.72
628030.0,3408230.0,42.6,36.8,19.8,35.72
628130.0,3408230.0,42.6,36.8,19.8,35.72
628230.0,3408230.0,42.6,36.8,19.8,35.72
628330.0,3408230.0,42.6,36.8,19.8,35.72
628430.0,3408230.0,42.6,36.8,19.8,35.72
628530.0,3408230.0,42.6,36.8,19.8,35.72
628630.0,3408230.0,42.6,36.8,19.8,35.72
628730.0,3408230.0,42.6,36.8,19.8,35.72
628830.0,3408230.0,42.6,36.8,19.8,35.72
628930.0,3408230.0,42.6,36.8,19.8,35.72
629030.0,3408230.0,42.6,36.8,19.8,35.72
629130.0,3408230.0,42.6,36.8,19.8,35.72
629230.0,3408230.0,42.6,36.8,19.8,35.72
629330.0,3408230.0,42.6,36.8,19.8,35.72
629430.0,3408230.0,42.6,36.8,19.8,35.72
629530.0,3408230.0,42.6,36.8,19.8,35.72
629630.0,3408230.0,42.6,36.8,19.8,35.72
629730.0,3408230.0,42.6,36.8,19.8,35.72
629830.0,3408230.0,42.6,36.8,19.8,35.72
629930.0,3408230.0,42.6,36.8,19.8,35.72
630030.0,3408230.0,42.6,36.8,19.8,35.72
630130.0,3408230.0,42.6,36.8,19.8,35.72
630230.0,3408230.0,42.6,36.8,19.8,35.72
630330.0,3408230.0,42.6,36.8,19.8,35.72
630430.0,3408230.0,42.6,36.8,19.8,35.72
630530.0,3408230.0,42.6,36.8,19.8,35.72
630630.0,3408230.0,42.6,36.8,19.8,35.72
630730.0,3408230.0,42.6,36.8,19.8,35.72
630830.0,3408230.0,42.6,36.8,19.8,35.72
630930.0,3408230.0,42.6,36.8,19.8,35.72
631030.0,3408230.0,42.6,36.8,19.8,35.72
631130.0,3408230.0,42.6,36.8,19.8,35.72
631230.0,3408230.0,42.6,36.8,19.8,35.72
631330.0,3408230.0,42.6,36.8,19.8,35.72
631430.0,3408230.0,42.6,36.8,19.8,35.72
631530.0,3408230.0,42.6,36.8,19.8,35.72
631630.0,3408230.0,42.6,36.8,19.8,35.72
631730.0,3408230.0,42.6,36.8,19.8,35.72
631830.0,3408230.0,42.6,36.8,19.8,35.72
631930.0,3408230.0,42.6,36.8,19.8,35.72
632030.0,3408230.0,42.6,36.8,19.8,35.72
632130.0,3408230.0,42.6,36.8,19.8,35.72
632230.0,3408230.0,42.6,36.8,19.8,35.72
632330.0,3408230.0,42.6,36.8,19.8,35.72
632430.0,3408230.0,42.6,36.8,19.8,35.72
632530.0,3408230.0,42.6,36.8,19.8,35.72
632630.0,3408230.0,42.6,36.8,19.8,35.72
632730.0,3408230.0,42.6,36.8,19.8,35.72
632830.0,3408230.0,42.6,36.8,19.8,35.72
632930.0,3408230.0,42.6,36.8,19.8,35.72
633030.0,3408230.0,42.6,36.8,19.8,35.72
633130.0,3408230.0,42.6,36.8,19.8,35.72
633230.0,3408230.0,42.6,36.8,19.8,35.72
633330.0,3408230.0,42.6,36.8,19.8,35.72
633430.0,3408230.0,42.6,36.8,19.8,35.72
633530.0,3408230.0,42.6,36.8,19.8,35.72
633630.0,3408230.0,42.6,36.8,19.8,35.72
633730.0,3408230.0,42.6,36.8,19.8,35.72
633830.0,3408230.0,42.6,36.8,19.8,35.72
633930.0,3408230.0,42.6,36.8,19.8,35.72
634030.0,3408230.0,42.6,36.8,19.8,35.72
634130.0,3408230.0,42.6,36.8,19.8,35.72
634230.0,3408230.0,42.6,36.8,19.8,35.72
634330.0,3408230.0,42.6,36.8,19.8,35.72
634430.0,3408230.0,42.6,36.8,19.8,35.72
634530.0,3408230.0,42.6,36.8,19.8,35.72
634630.0,3408230.0,42.6,36.8,19.8,35.72
634730.0,3408230.0,42.6,36.8,19.8,35.72
634830.0,3408230.0,42.6,36.8,19.8,35.72
634930.0,3408230.0,42.6,36.8,19.8,35.72
635030.0,3408230.0,42.6,36.8,19.8,35.72
635130.0,3408230.0,42.6,36.8,19.8,35.72
635230.0,3408230.0,42.6,36.8,19.8,35.72
635330.0,3408230.0,42.6,36.8,19.8,35.72
635430.0,3408230.0,42.6,36.8,19.8,35.72
635530.0,3408230.0,42.6,36.8,19.8,35.72
635630.0,3408230.0,42.6,36.8,19.8,35.72
635730.0,3408230.0,42.6,36.8,19.8,35.72
635830.0,3408230.0,42.6,36.8,19.8,35.72
635930.0,3408230.0,42.6,36.8,19.8,35.72
636030.0,3408230.0,42.6,36.8,19.8,35.72
636130.0,3408230.0,42.6,36.8,19.8,35.72
636230.0,3408230.0,42.6,36.8,19.8,35.72
636330.0,3408230.0,42.6,36.8,19.8,35.72
636430.0,3408230.0,42.6,36.8,19.8,35.72
636530.0,3408230.0,42.6,36.8,19.8,35.72
636630.0,3408230.0,42.6,36.8,19.8,35.72
636730.0,3408230.0,42.6,36.8,19.8,35.72
636830.0,3408230.0,42.6,36.8,19.8,35.72
636930.0,3408230.0,42.6,36.8,19.8,35.72
637030.0,3408230.0,42.6,36.8,19.8,35.72
637130.0,3408230.0,42.6,36.8,19.8,35.72
621830.0,3408130.0,42.6,36.8,19.8,35.72
621930.0,3408130.0,42.6,36.8,19.8,35.72
622030.0,3408130.0,42.6,36.8,19.8,35.72
622130.0,3408130.0,42.6,36.8,19.8,35.72
622230.0,3408130.0,42.6,36.8,19.8,35.72
622330.0,3408130.0,42.6,36.8,19.8,35.72
622430.0,3408130.0,42.6,36.8,19.8,35.72
622530.0,3408130.0,42.6,36.8,19.8,35.72
622630.0,3408130.0,42.6,36.8,19.8,35.72
622730.0,3408130.0,42.6,36.8,19.8,35.72
622830.0,3408130.0,42.6,36.8,19.8,35.72
622930.0,3408130.0,42.6,36.8,19.8,35.72
623030.0,3408130.0,42.6,36.8,19.8,35.72
623130.0,3408130.0,42.6,36.8,19.8,35.72
623230.0,3408130.0,42.6,36.8,19.8,35.72
623330.0,3408130.0,42.6,36.8,19.8,35.72
623430.0,3408130.0,42.6,36.8,19.8,35.72
623530.0,3408130.0,42.6,36.8,19.8,35.72
623630.0,3408130.0,42.6,36.8,19.8,35.72
623730.0,3408130.0,42.6,36.8,19.8,35.72
623830.0,3408130.0,42.6,36.8,19.8,35.72
623930.0,3408130.0,42.6,36.8,19.8,35.72
624030.0,3408130.0,42.6,36.8,19.8,35.72
624130.0,3408130.0,42.6,36.8,19.8,35.72
624230.0,3408130.0,42.6,36.8,19.8,35.72
624330.0,3408130.0,42.6,36.8,19.8,35.72
624430.0,3408130.0,42.6,36.8,19.8,35.72
624530.0,3408130.0,42.6,36.8,19.8,35.72
624630.0,3408130.0,42.6,36.8,19.8,35.72
624730.0,3408130.0,42.6,36.8,19.8,35.72
624830.0,3408130.0,42.6,36.8,19.8,35.72
624930.0,3408130.0,42.6,36.8,19.8,35.72
625030.0,3408130.0,42.6,36.8,19.8,35.72
625130.0,3408130.0,42.6,36.8,19.8,35.72
625230.0,3408130.0,42.6,36.8,19.8,35.72
625330.0,3408130.0,42.6,36.8,19.8,35.72
625430.0,3408130.0,42.6,36.8,19.8,35.72
625530.0,3408130.0,42.6,36.8,19.8,35.72
625630.0,3408130.0,42.6,36.8,19.8,35.72
625730.0,3408130.0,42.6,36.8,19.8,35.72
625830.0,3408130.0,42.6,36.8,19.8,35.72
625930.0,3408130.0,42.6,36.8,19.8,35.72
626030.0,3408130.0,42.6,36.8,19.8,35.72
626130.0,3408130.0,42.6,36.8,19.8,35.72
626230.0,3408130.0,42.6,36.8,19.8,35.72
626330.0,3408130.0,42.6,36.8,19.8,35.72
626430.0,3408130.0,42.6,36.8,19.8,35.72
626530.0,3408130.0,42.6,36.8,19.8,35.72
626630.0,3408130.0,42.6,36.8,19.8,35.72
626730.0,3408130.0,42.6,36.8,19.8,35.72
626830.0,3408130.0,42.6,36.8,19.8,35.72
626930.0,3408130.0,42.6,36.8,19.8,35.72
627030.0,3408130.0,42.6,36.8,19.8,35.72
627130.0,3408130.0,42.6,36.8,19.8,35.72
627230.0,3408130.0,42.6,36.8,19.8,35.72
627330.0,3408130.0,42.6,36.8,19.8,35.72
627430.0,3408130.0,42.6,36.8,19.8,35.72
627530.0,3408130.0,42.6,36.8,19.8,35.72
627630.0,3408130.0,42.6,36.8,19.8,35.72
627730.0,3408130.0,42.6,36.8,19.8,35.72
627830.0,3408130.0,42.6,36.8,19.8,35.72
627930.0,3408130.0,42.6,36.8,19.8,35.72
628030.0,3408130.0,42.6,36.8,19.8,35.72
628130.0,3408130.0,42.6,36.8,19.8,35.72
628230.0,3408130.0,42.6,36.8,19.8,35.72
628330.0,3408130.0,42.6,36.8,19.8,35.72
628430.0,3408130.0,42.6,36.8,19.8,35.72
628530.0,3408130.0,42.6,36.8,19.8,35.72
628630.0,3408130.0,42.6,36.8,19.8,35.72
628730.0,3408130.0,42.6,36.8,19.8,35.72
628830.0,3408130.0,42.6,36.8,19.8,35.72
628930.0,3408130.0,42.6,36.8,19.8,35.72
629030.0,3408130.0,42.6,36.8,19.8,35.72
629130.0,3408130.0,42.6,36.8,19.8,35.72
629230.0,3408130.0,42.6,36.8,19.8,35.72
629330.0,3408130.0,42.6,36.8,19.8,35.72
629430.0,3408130.0,42.6,36.8,19.8,35.72
629530.0,3408130.0,42.6,36.8,19.8,35.72
629630.0,3408130.0,42.6,36.8,19.8,35.72
629730.0,3408130.0,42.6,36.8,19.8,35.72
629830.0,3408130.0,42.6,36.8,19.8,35.72
629930.0,3408130.0,42.6,36.8,19.8,35.72
630030.0,3408130.0,42.6,36.8,19.8,35.72
630130.0,3408130.0,42.6,36.8,19.8,35.72
630230.0,3408130.0,42.6,36.8,19.8,35.72
630330.0,3408130.0,42.6,36.8,19.8,35.72
630430.0,3408130.0,42.6,36.8,19.8,35.72
630530.0,3408130.0,42.6,36.8,19.8,35.72
630630.0,3408130.0,42.6,36.8,19.8,35.72
630730.0,3408130.0,42.6,36.8,19.8,35.72
630830.0,3408130.0,42.6,36.8,19.8,35.72
630930.0,3408130.0,42.6,36.8,19.8,35.72
631030.0,3408130.0,42.6,36.8,19.8,35.72
631130.0,3408130.0,42.6,36.8,19.8,35.72
631230.0,3408130.0,42.6,36.8,19.8,35.72
631330.0,3408130.0,42.6,36.8,19.8,35.72
631430.0,3408130.0,42.6,36.8,19.8,35.72
631530.0,3408130.0,42.6,36.8,19.8,35.72
631630.0,3408130.0,42.6,36.8,19.8,35.72
631730.0,3408130.0,42.6,36.8,19.8,35.72
631830.0,3408130.0,42.6,36.8,19.8,35.72
631930.0,3408130.0,42.6,36.8,19.8,35.72
632030.0,3408130.0,42.6,36.8,19.8,35.72
632130.0,3408130.0,42.6,36.8,19.8,35.72
632230.0,3408130.0,42.6,36.8,19.8,35.72
632330.0,3408130.0,42.6,36.8,19.8,35.72
632430.0,3408130.0,42.6,36.8,19.8,35.72
632530.0,3408130.0,42.6,36.8,19.8,35.72
632630.0,3408130.0,42.6,36.8,19.8,35.72
632730.0,3408130.0,42.6,36.8,19.8,35.72
632830.0,3408130.0,42.6,36.8,19.8,35.72
632930.0,3408130.0,42.6,36.8,19.8,35.72
633030.0,3408130.0,42.6,36.8,19.8,35.72
633130.0,3408130.0,42.6,36.8,19.8,35.72
633230.0,3408130.0,42.6,36.8,19.8,35.72
633330.0,3408130.0,42.6,36.8,19.8,35.72
633430.0,3408130.0,42.6,36.8,19.8,35.72
633530.0,3408130.0,42.6,36.8,19.8,35.72
633630.0,3408130.0,42.6,36.8,19.8,35.72
633730.0,3408130.0,42.6,36.8,19.8,35.72
633830.0,3408130.0,42.6,36.8,19.8,35.72
633930.0,3408130.0,42.6,36.8,19.8,35.72
634030.0,3408130.0,42.6,36.8,19.8,35.72
634130.0,3408130.0,42.6,36.8,19.8,35.72
634230.0,3408130.0,42.6,36.8,19.8,35.72
634330.0,3408130.0,42.6,36.8,19.8,35.72
634430.0,3408130.0,42.6,36.8,19.8,35.72
634530.0,3408130.0,42.6,36.8,19.8,35.72
634630.0,3408130.0,42.6,36.8,19.8,35.72
634730.0,3408130.0,42.6,36.8,19.8,35.72
634830.0,3408130.0,42.6,36.8,19.8,35.72
634930.0,3408130.0,42.6,36.8,19.8,35.72
635030.0,3408130.0,42.6,36.8,19.8,35.72
635130.0,3408130.0,42.6,36.8,19.8,35.72
635230.0,3408130.0,42.6,36.8,19.8,35.72
635330.0,3408130.0,42.6,36.8,19.8,35.72
635430.0,3408130.0,42.6,36.8,19.8,35.72
635530.0,3408130.0,42.6,36.8,19.8,35.72
635630.0,3408130.0,42.6,36.8,19.8,35.72
635730.0,3408130.0,42.6,36.8,19.8,35.72
635830.0,3408130.0,42.6,36.8,19.8,35.72
635930.0,3408130.0,42.6,36.8,19.8,35.72
636030.0,3408130.0,42.6,36.8,19.8,35.72
636130.0,3408130.0,42.6,36.8,19.8,35.72
636230.0,3408130.0,42.6,36.8,19.8,35.72
636330.0,3408130.0,42.6,36.8,19.8,35.72
636430.0,3408130.0,42.6,36.8,19.8,35.72
636530.0,3408130.0,42.6,36.8,19.8,35.72
636630.0,3408130.0,42.6,36.8,19.8,35.72
636730.0,3408130.0,42.6,36.8,19.8,35.72
636830.0,3408130.0,42.6,36.8,19.8,35.72
636930.0,3408130.0,42.6,36.8,19.8,35.72
637030.0,3408130.0,42.6,36.8,19.8,35.72
637130.0,3408130.0,42.6,36.8,19.8,35.72
637230.0,3408130.0,42.6,36.8,19.8,35.72
637330.0,3408130.0,42.6,36.8,19.8,35.72
637430.0,3408130.0,42.6,36.8,19.8,35.72
621530.0,3408030.0,42.6,36.8,19.8,35.72
621630.0,3408030.0,42.6,36.8,19.8,35.72
621730.0,3408030.0,42.6,36.8,19.8,35.72
621830.0,3408030.0,42.6,36.8,19.8,35.72
621930.0,3408030.0,42.6,36.8,19.8,35.72
622030.0,3408030.0,42.6,36.8,19.8,35.72
622130.0,3408030.0,42.6,36.8,19.8,35.72
622230.0,3408030.0,42.6,36.8,19.8,35.72
622330.0,3408030.0,42.6,36.8,19.8,35.72
622430.0,3408030.0,42.6,36.8,19.8,35.72
622530.0,3408030.0,42.6,36.8,19.8,35.72
622630.0,3408030.0,42.6,36.8,19.8,35.72
622730.0,3408030.0,42.6,36.8,19.8,35.72
622830.0,3408030.0,42.6,36.8,19.8,35.72
622930.0,3408030.0,42.6,36.8,19.8,35.72
623030.0,3408030.0,42.6,36.8,19.8,35.72
623130.0,3408030.0,42.6,36.8,19.8,35.72
623230.0,3408030.0,42.6,36.8,19.8,35.72
623330.0,3408030.0,42.6,36.8,19.8,35.72
623430.0,3408030.0,42.6,36.8,19.8,35.72
623530.0,3408030.0,42.6,36.8,19.8,35.72
623630.0,3408030.0,42.6,36.8,19.8,35.72
623730.0,3408030.0,42.6,36.8,19.8,35.72
623830.0,3408030.0,42.6,36.8,19.8,35.72
623930.0,3408030.0,42.6,36.8,19.8,35.72
624030.0,3408030.0,42.6,36.8,19.8,35.72
624130.0,3408030.0,42.6,36.8,19.8,35.72
624230.0,3408030.0,42.6,36.8,19.8,35.72
624330.0,3408030.0,42.6,36.8,19.8,35.72
624430.0,3408030.0,42.6,36.8,19.8,35.72
624530.0,3408030.0,42.6,36.8,19.8,35.72
624630.0,3408030.0,42.6,36.8,19.8,35.72
624730.0,3408030.0,42.6,36.8,19.8,35.72
624830.0,3408030.0,42.6,36.8,19.8,35.72
624930.0,3408030.0,42.6,36.8,19.8,35.72
625030.0,3408030.0,42.6,36.8,19.8,35.72
625130.0,3408030.0,42.6,36.8,19.8,35.72
625230.0,3408030.0,42.6,36.8,19.8,35.72
625330.0,3408030.0,42.6,36.8,19.8,35.72
625430.0,3408030.0,42.6,36.8,19.8,35.72
625530.0,3408030.0,42.6,36.8,19.8,35.72
625630.0,3408030.0,42.6,36.8,19.8,35.72
625730.0,3408030.0,42.6,36.8,19.8,35.72
625830.0,3408030.0,42.6,36.8,19.8,35.72
625930.0,3408030.0,42.6,36.8,19.8,35.72
626030.0,3408030.0,42.6,36.8,19.8,35.72
626130.0,3408030.0,42.6,36.8,19.8,35.72
626230.0,3408030.0,42.6,36.8,19.8,35.72
626330.0,3408030.0,42.6,36.8,19.8,35.72
626430.0,3408030.0,42.6,36.8,19.8,35.72
626530.0,3408030.0,42.6,36.8,19.8,35.72
626630.0,3408030.0,42.6,36.8,19.8,35.72
626730.0,3408030.0,42.6,36.8,19.8,35.72
626830.0,3408030.0,42.6,36.8,19.8,35.72
626930.0,3408030.0,42.6,36.8,19.8,35.72
627030.0,3408030.0,42.6,36.8,19.8,35.72
627130.0,3408030.0,42.6,36.8,19.8,35.72
627230.0,3408030.0,42.6,36.8,19.8,35.72
627330.0,3408030.0,42.6,36.8,19.8,35.72
627430.0,3408030.0,42.6,36.8,19.8,35.72
627530.0,3408030.0,42.6,36.8,19.8,35.72
627630.0,3408030.0,42.6,36.8,19.8,35.72
627730.0,3408030.0,42.6,36.8,19.8,35.72
627830.0,3408030.0,42.6,36.8,19.8,35.72
627930.0,3408030.0,42.6,36.8,19.8,35.72
628030.0,3408030.0,42.6,36.8,19.8,35.72
628130.0,3408030.0,42.6,36.8,19.8,35.72
628230.0,3408030.0,42.6,36.8,19.8,35.72
628330.0,3408030.0,42.6,36.8,19.8,35.72
628430.0,3408030.0,42.6,36.8,19.8,35.72
628530.0,3408030.0,42.6,36.8,19.8,35.72
628630.0,3408030.0,42.6,36.8,19.8,35.72
628730.0,3408030.0,42.6,36.8,19.8,35.72
628830.0,3408030.0,42.6,36.8,19.8,35.72
628930.0,3408030.0,42.6,36.8,19.8,35.72
629030.0,3408030.0,42.6,36.8,19.8,35.72
629130.0,3408030.0,42.6,36.8,19.8,35.72
629230.0,3408030.0,42.6,36.8,19.8,35.72
629330.0,3408030.0,42.6,36.8,19.8,35.72
629430.0,3408030.0,42.6,36.8,19.8,35.72
629530.0,3408030.0,42.6,36.8,19.8,35.72
629630.0,3408030.0,42.6,36.8,19.8,35.72
629730.0,3408030.0,42.6,36.8,19.8,35.72
629830.0,3408030.0,42.6,36.8,19.8,35.72
629930.0,3408030.0,42.6,36.8,19.8,35.72
630030.0,3408030.0,42.6,36.8,19.8,35.72
630130.0,3408030.0,42.6,36.8,19.8,35.72
630230.0,3408030.0,42.6,36.8,19.8,35.72
630330.0,3408030.0,42.6,36.8,19.8,35.72
630430.0,3408030.0,42.6,36.8,19.8,35.72
630530.0,3408030.0,42.6,36.8,19.8,35.72
630630.0,3408030.0,42.6,36.8,19.8,35.72
630730.0,3408030.0,42.6,36.8,19.8,35.72
630830.0,3408030.0,42.6,36.8,19.8,35.72
630930.0,3408030.0,42.6,36.8,19.8,35.72
631030.0,3408030.0,42.6,36.8,19.8,35.72
631130.0,3408030.0,42.6,36.8,19.8,35.72
631230.0,3408030.0,42.6,36.8,19.8,35.72
631330.0,3408030.0,42.6,36.8,19.8,35.72
631430.0,3408030.0,42.6,36.8,19.8,35.72
631530.0,3408030.0,42.6,36.8,19.8,35.72
631630.0,3408030.0,42.6,36.8,19.8,35.72
631730.0,3408030.0,42.6,36.8,19.8,35.72
631830.0,3408030.0,42.6,36.8,19.8,35.72
631930.0,3408030.0,42.6,36.8,19.8,35.72
632030.0,3408030.0,42.6,36.8,19.8,35.72
632130.0,3408030.0,42.6,36.8,19.8,35.72
632230.0,3408030.0,42.6,36.8,19.8,35.72
632330.0,3408030.0,42.6,36.8,19.8,35.72
632430.0,3408030.0,42.6,36.8,19.8,35.72
632530.0,3408030.0,42.6,36.8,19.8,35.72
632630.0,3408030.0,42.6,36.8,19.8,35.72
632730.0,3408030.0,42.6,36.8,19.8,35.72
632830.0,3408030.0,42.6,36.8,19.8,35.72
632930.0,3408030.0,42.6,36.8,19.8,35.72
633030.0,3408030.0,42.6,36.8,19.8,35.72
633130.0,3408030.0,42.6,36.8,19.8,35.72
633230.0,3408030.0,42.6,36.8,19.8,35.72
633330.0,3408030.0,42.6,36.8,19.8,35.72
633430.0,3408030.0,42.6,36.8,19.8,35.72
633530.0,3408030.0,42.6,36.8,19.8,35.72
633630.0,3408030.0,42.6,36.8,19.8,35.72
633730.0,3408030.0,42.6,36.8,19.8,35.72
633830.0,3408030.0,42.6,36.8,19.8,35.72
633930.0,3408030.0,42.6,36.8,19.8,35.72
634030.0,3408030.0,42.6,36.8,19.8,35.72
634130.0,3408030.0,42.6,36.8,19.8,35.72
634230.0,3408030.0,42.6,36.8,19.8,35.72
634330.0,3408030.0,42.6,36.8,19.8,35.72
634430.0,3408030.0,42.6,36.8,19.8,35.72
634530.0,3408030.0,42.6,36.8,19.8,35.72
634630.0,3408030.0,42.6,36.8,19.8,35.72
634730.0,3408030.0,42.6,36.8,19.8,35.72
634830.0,3408030.0,42.6,36.8,19.8,35.72
634930.0,3408030.0,42.6,36.8,19.8,35.72
635030.0,3408030.0,42.6,36.8,19.8,35.72
635130.0,3408030.0,42.6,36.8,19.8,35.72
635230.0,3408030.0,42.6,36.8,19.8,35.72
635330.0,3408030.0,42.6,36.8,19.8,35.72
635430.0,3408030.0,42.6,36.8,19.8,35.72
635530.0,3408030.0,42.6,36.8,19.8,35.72
635630.0,3408030.0,42.6,36.8,19.8,35.72
635730.0,3408030.0,42.6,36.8,19.8,35.72
635830.0,3408030.0,42.6,36.8,19.8,35.72
635930.0,3408030.0,42.6,36.8,19.8,35.72
636030.0,3408030.0,42.6,36.8,19.8,35.72
636130.0,3408030.0,42.6,36.8,19.8,35.72
636230.0,3408030.0,42.6,36.8,19.8,35.72
636330.0,3408030.0,42.6,36.8,19.8,35.72
636430.0,3408030.0,42.6,36.8,19.8,35.72
636530.0,3408030.0,42.6,36.8,19.8,35.72
636630.0,3408030.0,42.6,36.8,19.8,35.72
636730.0,3408030.0,42.6,36.8,19.8,35.72
636830.0,3408030.0,42.6,36.8,19.8,35.72
636930.0,3408030.0,42.6,36.8,19.8,35.72
637030.0,3408030.0,42.6,36.8,19.8,35.72
637130.0,3408030.0,42.6,36.8,19.8,35.72
637230.0,3408030.0,42.6,36.8,19.8,35.72
637330.0,3408030.0,42.6,36.8,19.8,35.72
637430.0,3408030.0,42.6,36.8,19.8,35.72
637530.0,3408030.0,42.6,36.8,19.8,35.72
637630.0,3408030.0,42.6,36.8,19.8,35.72
637730.0,3408030.0,42.6,36.8,19.8,35.72
637830.0,3408030.0,42.6,36.8,19.8,35.72
637930.0,3408030.0,42.6,36.8,19.8,35.72
621430.0,3407930.0,42.6,36.8,19.8,35.72
621530.0,3407930.0,42.6,36.8,19.8,35.72
621630.0,3407930.0,42.6,36.8,19.8,35.72
621730.0,3407930.0,42.6,36.8,19.8,35.72
621830.0,3407930.0,42.6,36.8,19.8,35.72
621930.0,3407930.0,42.6,36.8,19.8,35.72
622030.0,3407930.0,42.6,36.8,19.8,35.72
622130.0,3407930.0,42.6,36.8,19.8,35.72
622230.0,3407930.0,42.6,36.8,19.8,35.72
622330.0,3407930.0,42.6,36.8,19.8,35.72
622430.0,3407930.0,42.6,36.8,19.8,35.72
622530.0,3407930.0,42.6,36.8,19.8,35.72
622630.0,3407930.0,42.6,36.8,19.8,35.72
622730.0,3407930.0,42.6,36.8,19.8,35.72
622830.0,3407930.0,42.6,36.8,19.8,35.72
622930.0,3407930.0,42.6,36.8,19.8,35.72
623030.0,3407930.0,42.6,36.8,19.8,35.72
623130.0,3407930.0,42.6,36.8,19.8,35.72
623230.0,3407930.0,42.6,36.8,19.8,35.72
623330.0,3407930.0,42.6,36.8,19.8,35.72
623430.0,3407930.0,42.6,36.8,19.8,35.72
623530.0,3407930.0,42.6,36.8,19.8,35.72
623630.0,3407930.0,42.6,36.8,19.8,35.72
623730.0,3407930.0,42.6,36.8,19.8,35.72
623830.0,3407930.0,42.6,36.8,19.8,35.72
623930.0,3407930.0,42.6,36.8,19.8,35.72
624030.0,3407930.0,42.6,36.8,19.8,35.72
624130.0,3407930.0,42.6,36.8,19.8,35.72
624230.0,3407930.0,42.6,36.8,19.8,35.72
624330.0,3407930.0,42.6,36.8,19.8,35.72
624430.0,3407930.0,42.6,36.8,19.8,35.72
624530.0,3407930.0,42.6,36.8,19.8,35.72
624630.0,3407930.0,42.6,36.8,19.8,35.72
624730.0,3407930.0,42.6,36.8,19.8,35.72
624830.0,3407930.0,42.6,36.8,19.8,35.72
624930.0,3407930.0,42.6,36.8,19.8,35.72
625030.0,3407930.0,42.6,36.8,19.8,35.72
625130.0,3407930.0,42.6,36.8,19.8,35.72
625230.0,3407930.0,42.6,36.8,19.8,35.72
625330.0,3407930.0,42.6,36.8,19.8,35.72
625430.0,3407930.0,42.6,36.8,19.8,35.72
625530.0,3407930.0,42.6,36.8,19.8,35.72
625630.0,3407930.0,42.6,36.8,19.8,35.72
625730.0,3407930.0,42.6,36.8,19.8,35.72
625830.0,3407930.0,42.6,36.8,19.8,35.72
625930.0,3407930.0,42.6,36.8,19.8,35.72
626030.0,3407930.0,42.6,36.8,19.8,35.72
626130.0,3407930.0,42.6,36.8,19.8,35.72
626230.0,3407930.0,42.6,36.8,19.8,35.72
626330.0,3407930.0,42.6,36.8,19.8,35.72
626430.0,3407930.0,42.6,36.8,19.8,35.72
626530.0,3407930.0,42.6,36.8,19.8,35.72
626630.0,3407930.0,42.6,36.8,19.8,35.72
626730.0,3407930.0,42.6,36.8,19.8,35.72
626830.0,3407930.0,42.6,36.8,19.8,35.72
626930.0,3407930.0,42.6,36.8,19.8,35.72
627030.0,3407930.0,42.6,36.8,19.8,35.72
627130.0,3407930.0,42.6,36.8,19.8,35.72
627230.0,3407930.0,42.6,36.8,19.8,35.72
627330.0,3407930.0,42.6,36.8,19.8,35.72
627430.0,3407930.0,42.6,36.8,19.8,35.72
627530.0,3407930.0,42.6,36.8,19.8,35.72
627630.0,3407930.0,42.6,36.8,19.8,35.72
627730.0,3407930.0,42.6,36.8,19.8,35.72
627830.0,3407930.0,42.6,36.8,19.8,35.72
627930.0,3407930.0,42.6,36.8,19.8,35.72
628030.0,3407930.0,42.6,36.8,19.8,35.72
628130.0,3407930.0,42.6,36.8,19.8,35.72
628230.0,3407930.0,42.6,36.8,19.8,35.72
628330.0,3407930.0,42.6,36.8,19.8,35.72
628430.0,3407930.0,42.6,36.8,19.8,35.72
628530.0,3407930.0,42.6,36.8,19.8,35.72
628630.0,3407930.0,42.6,36.8,19.8,35.72
628730.0,3407930.0,42.6,36.8,19.8,35.72
628830.0,3407930.0,42.6,36.8,19.8,35.72
628930.0,3407930.0,42.6,36.8,19.8,35.72
629030.0,3407930.0,42.6,36.8,19.8,35.72
629130.0,3407930.0,42.6,36.8,19.8,35.72
629230.0,3407930.0,42.6,36.8,19.8,35.72
629330.0,3407930.0,42.6,36.8,19.8,35.72
629430.0,3407930.0,42.6,36.8,19.8,35.72
629530.0,3407930.0,42.6,36.8,19.8,35.72
629630.0,3407930.0,42.6,36.8,19.8,35.72
629730.0,3407930.0,42.6,36.8,19.8,35.72
629830.0,3407930.0,42.6,36.8,19.8,35.72
629930.0,3407930.0,42.6,36.8,19.8,35.72
630030.0,3407930.0,42.6,36.8,19.8,35.72
630130.0,3407930.0,42.6,36.8,19.8,35.72
630230.0,3407930.0,42.6,36.8,19.8,35.72
630330.0,3407930.0,42.6,36.8,19.8,35.72
630430.0,3407930.0,42.6,36.8,19.8,35.72
630530.0,3407930.0,42.6,36.8,19.8,35.72
630630.0,3407930.0,42.6,36.8,19.8,35.72
630730.0,3407930.0,42.6,36.8,19.8,35.72
630830.0,3407930.0,42.6,36.8,19.8,35.72
630930.0,3407930.0,42.6,36.8,19.8,35.72
631030.0,3407930.0,42.6,36.8,19.8,35.72
631130.0,3407930.0,42.6,36.8,19.8,35.72
631230.0,3407930.0,42.6,36.8,19.8,35.72
631330.0,3407930.0,42.6,36.8,19.8,35.72
631430.0,3407930.0,42.6,36.8,19.8,35.72
631530.0,3407930.0,42.6,36.8,19.8,35.72
631630.0,3407930.0,42.6,36.8,19.8,35.72
631730.0,3407930.0,42.6,36.8,19.8,35.72
631830.0,3407930.0,42.6,36.8,19.8,35.72
631930.0,3407930.0,42.6,36.8,19.8,35.72
632030.0,3407930.0,42.6,36.8,19.8,35.72
632130.0,3407930.0,42.6,36.8,19.8,35.72
632230.0,3407930.0,42.6,36.8,19.8,35.72
632330.0,3407930.0,42.6,36.8,19.8,35.72
632430.0,3407930.0,42.6,36.8,19.8,35.72
632530.0,3407930.0,42.6,36.8,19.8,35.72
632630.0,3407930.0,42.6,36.8,19.8,35.72
632730.0,3407930.0,42.6,36.8,19.8,35.72
632830.0,3407930.0,42.6,36.8,19.8,35.72
632930.0,3407930.0,42.6,36.8,19.8,35.72
633030.0,3407930.0,42.6,36.8,19.8,35.72
633130.0,3407930.0,42.6,36.8,19.8,35.72
633230.0,3407930.0,42.6,36.8,19.8,35.72
633330.0,3407930.0,42.6,36.8,19.8,35.72
633430.0,3407930.0,42.6,36.8,19.8,35.72
633530.0,3407930.0,42.6,36.8,19.8,35.72
633630.0,3407930.0,42.6,36.8,19.8,35.72
633730.0,3407930.0,42.6,36.8,19.8,35.72
633830.0,3407930.0,42.6,36.8,19.8,35.72
633930.0,3407930.0,42.6,36.8,19.8,35.72
634030.0,3407930.0,42.6,36.8,19.8,35.72
634130.0,3407930.0,42.6,36.8,19.8,35.72
634230.0,3407930.0,42.6,36.8,19.8,35.72
634330.0,3407930.0,42.6,36.8,19.8,35.72
634430.0,3407930.0,42.6,36.8,19.8,35.72
634530.0,3407930.0,42.6,36.8,19.8,35.72
634630.0,3407930.0,42.6,36.8,19.8,35.72
634730.0,3407930.0,42.6,36.8,19.8,35.72
634830.0,3407930.0,42.6,36.8,19.8,35.72
634930.0,3407930.0,42.6,36.8,19.8,35.72
635030.0,3407930.0,42.6,36.8,19.8,35.72
635130.0,3407930.0,42.6,36.8,19.8,35.72
635230.0,3407930.0,42.6,36.8,19.8,35.72
635330.0,3407930.0,42.6,36.8,19.8,35.72
635430.0,3407930.0,42.6,36.8,19.8,35.72
635530.0,3407930.0,42.6,36.8,19.8,35.72
635630.0,3407930.0,42.6,36.8,19.8,35.72
635730.0,3407930.0,42.6,36.8,19.8,35.72
635830.0,3407930.0,42.6,36.8,19.8,35.72
635930.0,3407930.0,42.6,36.8,19.8,35.72
636030.0,3407930.0,42.6,36.8,19.8,35.72
636130.0,3407930.0,42.6,36.8,19.8,35.72
636230.0,3407930.0,42.6,36.8,19.8,35.72
636330.0,3407930.0,42.6,36.8,19.8,35.72
636430.0,3407930.0,42.6,36.8,19.8,35.72
636530.0,3407930.0,42.6,36.8,19.8,35.72
636630.0,3407930.0,42.6,36.8,19.8,35.72
636730.0,3407930.0,42.6,36.8,19.8,35.72
636830.0,3407930.0,42.6,36.8,19.8,35.72
636930.0,3407930.0,42.6,36.8,19.8,35.72
637030.0,3407930.0,42.6,36.8,19.8,35.72
637130.0,3407930.0,42.6,36.8,19.8,35.72
637230.0,3407930.0,42.6,36.8,19.8,35.72
637330.0,3407930.0,42.6,36.8,19.8,35.72
637430.0,3407930.0,42.6,36.8,19.8,35.72
637530.0,3407930.0,42.6,36.8,19.8,35.72
637630.0,3407930.0,42.6,36.8,19.8,35.72
637730.0,3407930.0,42.6,36.8,19.8,35.72
637830.0,3407930.0,42.6,36.8,19.8,35.72
637930.0,3407930.0,42.6,36.8,19.8,35.72
621430.0,3407830.0,42.6,36.8,19.8,35.72
621530.0,3407830.0,42.6,36.8,19.8,35.72
621630.0,3407830.0,42.6,36.8,19.8,35.72
621730.0,3407830.0,42.6,36.8,19.8,35.72
621830.0,3407830.0,42.6,36.8,19.8,35.72
621930.0,3407830.0,42.6,36.8,19.8,35.72
622030.0,3407830.0,42.6,36.8,19.8,35.72
622130.0,3407830.0,42.6,36.8,19.8,35.72
622230.0,3407830.0,42.6,36.8,19.8,35.72
622330.0,3407830.0,42.6,36.8,19.8,35.72
622430.0,3407830.0,42.6,36.8,19.8,35.72
622530.0,3407830.0,42.6,36.8,19.8,35.72
622630.0,3407830.0,42.6,36.8,19.8,35.72
622730.0,3407830.0,42.6,36.8,19.8,35.72
622830.0,3407830.0,42.6,36.8,19.8,35.72
622930.0,3407830.0,42.6,36.8,19.8,35.72
623030.0,3407830.0,42.6,36.8,19.8,35.72
623130.0,3407830.0,42.6,36.8,19.8,35.72
623230.0,3407830.0,42.6,36.8,19.8,35.72
623330.0,3407830.0,42.6,36.8,19.8,35.72
623430.0,3407830.0,42.6,36.8,19.8,35.72
623530.0,3407830.0,42.6,36.8,19.8,35.72
623630.0,3407830.0,42.6,36.8,19.8,35.72
623730.0,3407830.0,42.6,36.8,19.8,35.72
623830.0,3407830.0,42.6,36.8,19.8,35.72
623930.0,3407830.0,42.6,36.8,19.8,35.72
624030.0,3407830.0,42.6,36.8,19.8,35.72
624130.0,3407830.0,42.6,36.8,19.8,35.72
624230.0,3407830.0,42.6,36.8,19.8,35.72
624330.0,3407830.0,42.6,36.8,19.8,35.72
624430.0,3407830.0,42.6,36.8,19.8,35.72
624530.0,3407830.0,42.6,36.8,19.8,35.72
624630.0,3407830.0,42.6,36.8,19.8,35.72
624730.0,3407830.0,42.6,36.8,19.8,35.72
624830.0,3407830.0,42.6,36.8,19.8,35.72
624930.0,3407830.0,42.6,36.8,19.8,35.72
625030.0,3407830.0,42.6,36.8,19.8,35.72
625130.0,3407830.0,42.6,36.8,19.8,35.72
625230.0,3407830.0,42.6,36.8,19.8,35.72
625330.0,3407830.0,42.6,36.8,19.8,35.72
625430.0,3407830.0,42.6,36.8,19.8,35.72
625530.0,3407830.0,42.6,36.8,19.8,35.72
625630.0,3407830.0,42.6,36.8,19.8,35.72
625730.0,3407830.0,42.6,36.8,19.8,35.72
625830.0,3407830.0,42.6,36.8,19.8,35.72
625930.0,3407830.0,42.6,36.8,19.8,35.72
626030.0,3407830.0,42.6,36.8,19.8,35.72
626130.0,3407830.0,42.6,36.8,19.8,35.72
626230.0,3407830.0,42.6,36.8,19.8,35.72
626330.0,3407830.0,42.6,36.8,19.8,35.72
626430.0,3407830.0,42.6,36.8,19.8,35.72
626530.0,3407830.0,42.6,36.8,19.8,35.72
626630.0,3407830.0,42.6,36.8,19.8,35.72
626730.0,3407830.0,42.6,36.8,19.8,35.72
626830.0,3407830.0,42.6,36.8,19.8,35.72
626930.0,3407830.0,42.6,36.8,19.8,35.72
627030.0,3407830.0,42.6,36.8,19.8,35.72
627130.0,3407830.0,42.6,36.8,19.8,35.72
627230.0,3407830.0,42.6,36.8,19.8,35.72
627330.0,3407830.0,42.6,36.8,19.8,35.72
627430.0,3407830.0,42.6,36.8,19.8,35.72
627530.0,3407830.0,42.6,36.8,19.8,35.72
627630.0,3407830.0,42.6,36.8,19.8,35.72
627730.0,3407830.0,42.6,36.8,19.8,35.72
627830.0,3407830.0,42.6,36.8,19.8,35.72
627930.0,3407830.0,42.6,36.8,19.8,35.72
628030.0,3407830.0,42.6,36.8,19.8,35.72
628130.0,3407830.0,42.6,36.8,19.8,35.72
628230.0,3407830.0,42.6,36.8,19.8,35.72
628330.0,3407830.0,42.6,36.8,19.8,35.72
628430.0,3407830.0,42.6,36.8,19.8,35.72
628530.0,3407830.0,42.6,36.8,19.8,35.72
628630.0,3407830.0,42.6,36.8,19.8,35.72
628730.0,3407830.0,42.6,36.8,19.8,35.72
628830.0,3407830.0,42.6,36.8,19.8,35.72
628930.0,3407830.0,42.6,36.8,19.8,35.72
629030.0,3407830.0,42.6,36.8,19.8,35.72
629130.0,3407830.0,42.6,36.8,19.8,35.72
629230.0,3407830.0,42.6,36.8,19.8,35.72
629330.0,3407830.0,42.6,36.8,19.8,35.72
629430.0,3407830.0,42.6,36.8,19.8,35.72
629530.0,3407830.0,42.6,36.8,19.8,35.72
629630.0,3407830.0,42.6,36.8,19.8,35.72
629730.0,3407830.0,42.6,36.8,19.8,35.72
629830.0,3407830.0,42.6,36.8,19.8,35.72
629930.0,3407830.0,42.6,36.8,19.8,35.72
630030.0,3407830.0,42.6,36.8,19.8,35.72
630130.0,3407830.0,42.6,36.8,19.8,35.72
630230.0,3407830.0,42.6,36.8,19.8,35.72
630330.0,3407830.0,42.6,36.8,19.8,35.72
630430.0,3407830.0,42.6,36.8,19.8,35.72
630530.0,3407830.0,42.6,36.8,19.8,35.72
630630.0,3407830.0,42.6,36.8,19.8,35.72
630730.0,3407830.0,42.6,36.8,19.8,35.72
630830.0,3407830.0,42.6,36.8,19.8,35.72
630930.0,3407830.0,42.6,36.8,19.8,35.72
631030.0,3407830.0,42.6,36.8,19.8,35.72
631130.0,3407830.0,42.6,36.8,19.8,35.72
631230.0,3407830.0,42.6,36.8,19.8,35.72
631330.0,3407830.0,42.6,36.8,19.8,35.72
631430.0,3407830.0,42.6,36.8,19.8,35.72
631530.0,3407830.0,42.6,36.8,19.8,35.72
631630.0,3407830.0,42.6,36.8,19.8,35.72
631730.0,3407830.0,42.6,36.8,19.8,35.72
631830.0,3407830.0,42.6,36.8,19.8,35.72
631930.0,3407830.0,42.6,36.8,19.8,35.72
632030.0,3407830.0,42.6,36.8,19.8,35.72
632130.0,3407830.0,42.6,36.8,19.8,35.72
632230.0,3407830.0,42.6,36.8,19.8,35.72
632330.0,3407830.0,42.6,36.8,19.8,35.72
632430.0,3407830.0,42.6,36.8,19.8,35.72
632530.0,3407830.0,42.6,36.8,19.8,35.72
632630.0,3407830.0,42.6,36.8,19.8,35.72
632730.0,3407830.0,42.6,36.8,19.8,35.72
632830.0,3407830.0,42.6,36.8,19.8,35.72
632930.0,3407830.0,42.6,36.8,19.8,35.72
633030.0,3407830.0,42.6,36.8,19.8,35.72
633130.0,3407830.0,42.6,36.8,19.8,35.72
633230.0,3407830.0,42.6,36.8,19.8,35.72
633330.0,3407830.0,42.6,36.8,19.8,35.72
633430.0,3407830.0,42.6,36.8,19.8,35.72
633530.0,3407830.0,42.6,36.8,19.8,35.72
633630.0,3407830.0,42.6,36.8,19.8,35.72
633730.0,3407830.0,42.6,36.8,19.8,35.72
633830.0,3407830.0,42.6,36.8,19.8,35.72
633930.0,3407830.0,42.6,36.8,19.8,35.72
634030.0,3407830.0,42.6,36.8,19.8,35.72
634130.0,3407830.0,42.6,36.8,19.8,35.72
634230.0,3407830.0,42.6,36.8,19.8,35.72
634330.0,3407830.0,42.6,36.8,19.8,35.72
634430.0,3407830.0,42.6,36.8,19.8,35.72
634530.0,3407830.0,42.6,36.8,19.8,35.72
634630.0,3407830.0,42.6,36.8,19.8,35.72
634730.0,3407830.0,42.6,36.8,19.8,35.72
634830.0,3407830.0,42.6,36.8,19.8,35.72
634930.0,3407830.0,42.6,36.8,19.8,35.72
635030.0,3407830.0,42.6,36.8,19.8,35.72
635130.0,3407830.0,42.6,36.8,19.8,35.72
635230.0,3407830.0,42.6,36.8,19.8,35.72
635330.0,3407830.0,42.6,36.8,19.8,35.72
635430.0,3407830.0,42.6,36.8,19.8,35.72
635530.0,3407830.0,42.6,36.8,19.8,35.72
635630.0,3407830.0,42.6,36.8,19.8,35.72
635730.0,3407830.0,42.6,36.8,19.8,35.72
635830.0,3407830.0,42.6,36.8,19.8,35.72
635930.0,3407830.0,42.6,36.8,19.8,35.72
636030.0,3407830.0,42.6,36.8,19.8,35.72
636130.0,3407830.0,42.6,36.8,19.8,35.72
636230.0,3407830.0,42.6,36.8,19.8,35.72
636330.0,3407830.0,42.6,36.8,19.8,35.72
636430.0,3407830.0,42.6,36.8,19.8,35.72
636530.0,3407830.0,42.6,36.8,19.8,35.72
636630.0,3407830.0,42.6,36.8,19.8,35.72
636730.0,3407830.0,42.6,36.8,19.8,35.72
636830.0,3407830.0,42.6,36.8,19.8,35.72
636930.0,3407830.0,42.6,36.8,19.8,35.72
637030.0,3407830.0,42.6,36.8,19.8,35.72
637130.0,3407830.0,42.6,36.8,19.8,35.72
637230.0,3407830.0,42.6,36.8,19.8,35.72
637330.0,3407830.0,42.6,36.8,19.8,35.72
637430.0,3407830.0,42.6,36.8,19.8,35.72
637530.0,3407830.0,42.6,36.8,19.8,35.72
637630.0,3407830.0,42.6,36.8,19.8,35.72
637730.0,3407830.0,42.6,36.8,19.8,35.72
637830.0,3407830.0,42.6,36.8,19.8,35.72
637930.0,3407830.0,42.6,36.8,19.8,35.72
621430.0,3407730.0,42.6,36.8,19.8,35.72
621530.0,3407730.0,42.6,36.8,19.8,35.72
621630.0,3407730.0,42.6,36.8,19.8,35.72
621730.0,3407730.0,42.6,36.8,19.8,35.72
621830.0,3407730.0,42.6,36.8,19.8,35.72
621930.0,3407730.0,42.6,36.8,19.8,35.72
622030.0,3407730.0,42.6,36.8,19.8,35.72
622130.0,3407730.0,42.6,36.8,19.8,35.72
622230.0,3407730.0,42.6,36.8,19.8,35.72
622330.0,3407730.0,42.6,36.8,19.8,35.72
622430.0,3407730.0,42.6,36.8,19.8,35.72
622530.0,3407730.0,42.6,36.8,19.8,35.72
622630.0,3407730.0,42.6,36.8,19.8,35.72
622730.0,3407730.0,42.6,36.8,19.8,35.72
622830.0,3407730.0,42.6,36.8,19.8,35.72
622930.0,3407730.0,42.6,36.8,19.8,35.72
623030.0,3407730.0,42.6,36.8,19.8,35.72
623130.0,3407730.0,42.6,36.8,19.8,35.72
623230.0,3407730.0,42.6,36.8,19.8,35.72
623330.0,3407730.0,42.6,36.8,19.8,35.72
623430.0,3407730.0,42.6,36.8,19.8,35.72
623530.0,3407730.0,42.6,36.8,19.8,35.72
623630.0,3407730.0,42.6,36.8,19.8,35.72
623730.0,3407730.0,42.6,36.8,19.8,35.72
623830.0,3407730.0,42.6,36.8,19.8,35.72
623930.0,3407730.0,42.6,36.8,19.8,35.72
624030.0,3407730.0,42.6,36.8,19.8,35.72
624130.0,3407730.0,42.6,36.8,19.8,35.72
624230.0,3407730.0,42.6,36.8,19.8,35.72
624330.0,3407730.0,42.6,36.8,19.8,35.72
624430.0,3407730.0,42.6,36.8,19.8,35.72
624530.0,3407730.0,42.6,36.8,19.8,35.72
624630.0,3407730.0,42.6,36.8,19.8,35.72
624730.0,3407730.0,42.6,36.8,19.8,35.72
624830.0,3407730.0,42.6,36.8,19.8,35.72
624930.0,3407730.0,42.6,36.8,19.8,35.72
625030.0,3407730.0,42.6,36.8,19.8,35.72
625130.0,3407730.0,42.6,36.8,19.8,35.72
625230.0,3407730.0,42.6,36.8,19.8,35.72
625330.0,3407730.0,42.6,36.8,19.8,35.72
625430.0,3407730.0,42.6,36.8,19.8,35.72
625530.0,3407730.0,42.6,36.8,19.8,35.72
625630.0,3407730.0,42.6,36.8,19.8,35.72
625730.0,3407730.0,42.6,36.8,19.8,35.72
625830.0,3407730.0,42.6,36.8,19.8,35.72
625930.0,3407730.0,42.6,36.8,19.8,35.72
626030.0,3407730.0,42.6,36.8,19.8,35.72
626130.0,3407730.0,42.6,36.8,19.8,35.72
626230.0,3407730.0,42.6,36.8,19.8,35.72
626330.0,3407730.0,42.6,36.8,19.8,35.72
626430.0,3407730.0,42.6,36.8,19.8,35.72
626530.0,3407730.0,42.6,36.8,19.8,35.72
626630.0,3407730.0,42.6,36.8,19.8,35.72
626730.0,3407730.0,42.6,36.8,19.8,35.72
626830.0,3407730.0,42.6,36.8,19.8,35.72
626930.0,3407730.0,42.6,36.8,19.8,35.72
627030.0,3407730.0,42.6,36.8,19.8,35.72
627130.0,3407730.0,42.6,36.8,19.8,35.72
627230.0,3407730.0,42.6,36.8,19.8,35.72
627330.0,3407730.0,42.6,36.8,19.8,35.72
627430.0,3407730.0,42.6,36.8,19.8,35.72
627530.0,3407730.0,42.6,36.8,19.8,35.72
627630.0,3407730.0,42.6,36.8,19.8,35.72
627730.0,3407730.0,42.6,36.8,19.8,35.72
627830.0,3407730.0,42.6,36.8,19.8,35.72
627930.0,3407730.0,42.6,36.8,19.8,35.72
628030.0,3407730.0,42.6,36.8,19.8,35.72
628130.0,3407730.0,42.6,36.8,19.8,35.72
628230.0,3407730.0,42.6,36.8,19.8,35.72
628330.0,3407730.0,42.6,36.8,19.8,35.72
628430.0,3407730.0,42.6,36.8,19.8,35.72
628530.0,3407730.0,42.6,36.8,19.8,35.72
628630.0,3407730.0,42.6,36.8,19.8,35.72
628730.0,3407730.0,42.6,36.8,19.8,35.72
628830.0,3407730.0,42.6,36.8,19.8,35.72
628930.0,3407730.0,42.6,36.8,19.8,35.72
629030.0,3407730.0,42.6,36.8,19.8,35.72
629130.0,3407730.0,42.6,36.8,19.8,35.72
629230.0,3407730.0,42.6,36.8,19.8,35.72
629330.0,3407730.0,42.6,36.8,19.8,35.72
629430.0,3407730.0,42.6,36.8,19.8,35.72
629530.0,3407730.0,42.6,36.8,19.8,35.72
629630.0,3407730.0,42.6,36.8,19.8,35.72
629730.0,3407730.0,42.6,36.8,19.8,35.72
629830.0,3407730.0,42.6,36.8,19.8,35.72
629930.0,3407730.0,42.6,36.8,19.8,35.72
630030.0,3407730.0,42.6,36.8,19.8,35.72
630130.0,3407730.0,42.6,36.8,19.8,35.72
630230.0,3407730.0,42.6,36.8,19.8,35.72
630330.0,3407730.0,42.6,36.8,19.8,35.72
630430.0,3407730.0,42.6,36.8,19.8,35.72
630530.0,3407730.0,42.6,36.8,19.8,35.72
630630.0,3407730.0,42.6,36.8,19.8,35.72
630730.0,3407730.0,42.6,36.8,19.8,35.72
630830.0,3407730.0,42.6,36.8,19.8,35.72
630930.0,3407730.0,42.6,36.8,19.8,35.72
631030.0,3407730.0,42.6,36.8,19.8,35.72
631130.0,3407730.0,42.6,36.8,19.8,35.72
631230.0,3407730.0,42.6,36.8,19.8,35.72
631330.0,3407730.0,42.6,36.8,19.8,35.72
631430.0,3407730.0,42.6,36.8,19.8,35.72
631530.0,3407730.0,42.6,36.8,19.8,35.72
631630.0,3407730.0,42.6,36.8,19.8,35.72
631730.0,3407730.0,42.6,36.8,19.8,35.72
631830.0,3407730.0,42.6,36.8,19.8,35.72
631930.0,3407730.0,42.6,36.8,19.8,35.72
632030.0,3407730.0,42.6,36.8,19.8,35.72
632130.0,3407730.0,42.6,36.8,19.8,35.72
632230.0,3407730.0,42.6,36.8,19.8,35.72
632330.0,3407730.0,42.6,36.8,19.8,35.72
632430.0,3407730.0,42.6,36.8,19.8,35.72
632530.0,3407730.0,42.6,36.8,19.8,35.72
632630.0,3407730.0,42.6,36.8,19.8,35.72
632730.0,3407730.0,42.6,36.8,19.8,35.72
632830.0,3407730.0,42.6,36.8,19.8,35.72
632930.0,3407730.0,42.6,36.8,19.8,35.72
633030.0,3407730.0,42.6,36.8,19.8,35.72
633130.0,3407730.0,42.6,36.8,19.8,35.72
633230.0,3407730.0,42.6,36.8,19.8,35.72
633330.0,3407730.0,42.6,36.8,19.8,35.72
633430.0,3407730.0,42.6,36.8,19.8,35.72
633530.0,3407730.0,42.6,36.8,19.8,35.72
633630.0,3407730.0,42.6,36.8,19.8,35.72
633730.0,3407730.0,42.6,36.8,19.8,35.72
633830.0,3407730.0,42.6,36.8,19.8,35.72
633930.0,3407730.0,42.6,36.8,19.8,35.72
634030.0,3407730.0,42.6,36.8,19.8,35.72
634130.0,3407730.0,42.6,36.8,19.8,35.72
634230.0,3407730.0,42.6,36.8,19.8,35.72
634330.0,3407730.0,42.6,36.8,19.8,35.72
634430.0,3407730.0,42.6,36.8,19.8,35.72
634530.0,3407730.0,42.6,36.8,19.8,35.72
634630.0,3407730.0,42.6,36.8,19.8,35.72
634730.0,3407730.0,42.6,36.8,19.8,35.72
634830.0,3407730.0,42.6,36.8,19.8,35.72
634930.0,3407730.0,42.6,36.8,19.8,35.72
635030.0,3407730.0,42.6,36.8,19.8,35.72
635130.0,3407730.0,42.6,36.8,19.8,35.72
635230.0,3407730.0,42.6,36.8,19.8,35.72
635330.0,3407730.0,42.6,36.8,19.8,35.72
635430.0,3407730.0,42.6,36.8,19.8,35.72
635530.0,3407730.0,42.6,36.8,19.8,35.72
635630.0,3407730.0,42.6,36.8,19.8,35.72
635730.0,3407730.0,42.6,36.8,19.8,35.72
635830.0,3407730.0,42.6,36.8,19.8,35.72
635930.0,3407730.0,42.6,36.8,19.8,35.72
636030.0,3407730.0,42.6,36.8,19.8,35.72
636130.0,3407730.0,42.6,36.8,19.8,35.72
636230.0,3407730.0,42.6,36.8,19.8,35.72
636330.0,3407730.0,42.6,36.8,19.8,35.72
636430.0,3407730.0,42.6,36.8,19.8,35.72
636530.0,3407730.0,42.6,36.8,19.8,35.72
636630.0,3407730.0,42.6,36.8,19.8,35.72
636730.0,3407730.0,42.6,36.8,19.8,35.72
636830.0,3407730.0,42.6,36.8,19.8,35.72
636930.0,3407730.0,42.6,36.8,19.8,35.72
637030.0,3407730.0,42.6,36.8,19.8,35.72
637130.0,3407730.0,42.6,36.8,19.8,35.72
637230.0,3407730.0,42.6,36.8,19.8,35.72
637330.0,3407730.0,42.6,36.8,19.8,35.72
637430.0,3407730.0,42.6,36.8,19.8,35.72
637530.0,3407730.0,42.6,36.8,19.8,35.72
637630.0,3407730.0,42.6,36.8,19.8,35.72
637730.0,3407730.0,42.6,36.8,19.8,35.72
637830.0,3407730.0,42.6,36.8,19.8,35.72
637930.0,3407730.0,42.6,36.8,19.8,35.72
621530.0,3407630.0,42.6,36.8,19.8,35.72
621630.0,3407630.0,42.6,36.8,19.8,35.72
621730.0,3407630.0,42.6,36.8,19.8,35.72
621830.0,3407630.0,42.6,36.8,19.8,35.72
621930.0,3407630.0,42.6,36.8,19.8,35.72
622030.0,3407630.0,42.6,36.8,19.8,35.72
622130.0,3407630.0,42.6,36.8,19.8,35.72
622230.0,3407630.0,42.6,36.8,19.8,35.72
622330.0,3407630.0,42.6,36.8,19.8,35.72
622430.0,3407630.0,42.6,36.8,19.8,35.72
622530.0,3407630.0,42.6,36.8,19.8,35.72
622630.0,3407630.0,42.6,36.8,19.8,35.72
622730.0,3407630.0,42.6,36.8,19.8,35.72
622830.0,3407630.0,42.6,36.8,19.8,35.72
622930.0,3407630.0,42.6,36.8,19.8,35.72
623030.0,3407630.0,42.6,36.8,19.8,35.72
623130.0,3407630.0,42.6,36.8,19.8,35.72
623230.0,3407630.0,42.6,36.8,19.8,35.72
623330.0,3407630.0,42.6,36.8,19.8,35.72
623430.0,3407630.0,42.6,36.8,19.8,35.72
623530.0,3407630.0,42.6,36.8,19.8,35.72
623630.0,3407630.0,42.6,36.8,19.8,35.72
623730.0,3407630.0,42.6,36.8,19.8,35.72
623830.0,3407630.0,42.6,36.8,19.8,35.72
623930.0,3407630.0,42.6,36.8,19.8,35.72
624030.0,3407630.0,42.6,36.8,19.8,35.72
624130.0,3407630.0,42.6,36.8,19.8,35.72
624230.0,3407630.0,42.6,36.8,19.8,35.72
624330.0,3407630.0,42.6,36.8,19.8,35.72
624430.0,3407630.0,42.6,36.8,19.8,35.72
624530.0,3407630.0,42.6,36.8,19.8,35.72
624630.0,3407630.0,42.6,36.8,19.8,35.72
624730.0,3407630.0,42.6,36.8,19.8,35.72
624830.0,3407630.0,42.6,36.8,19.8,35.72
624930.0,3407630.0,42.6,36.8,19.8,35.72
625030.0,3407630.0,42.6,36.8,19.8,35.72
625130.0,3407630.0,42.6,36.8,19.8,35.72
625230.0,3407630.0,42.6,36.8,19.8,35.72
625330.0,3407630.0,42.6,36.8,19.8,35.72
625430.0,3407630.0,42.6,36.8,19.8,35.72
625530.0,3407630.0,42.6,36.8,19.8,35.72
625630.0,3407630.0,42.6,36.8,19.8,35.72
625730.0,3407630.0,42.6,36.8,19.8,35.72
625830.0,3407630.0,42.6,36.8,19.8,35.72
625930.0,3407630.0,42.6,36.8,19.8,35.72
626030.0,3407630.0,42.6,36.8,19.8,35.72
626130.0,3407630.0,42.6,36.8,19.8,35.72
626230.0,3407630.0,42.6,36.8,19.8,35.72
626330.0,3407630.0,42.6,36.8,19.8,35.72
626430.0,3407630.0,42.6,36.8,19.8,35.72
626530.0,3407630.0,42.6,36.8,19.8,35.72
626630.0,3407630.0,42.6,36.8,19.8,35.72
626730.0,3407630.0,42.6,36.8,19.8,35.72
626830.0,3407630.0,42.6,36.8,19.8,35.72
626930.0,3407630.0,42.6,36.8,19.8,35.72
627030.0,3407630.0,42.6,36.8,19.8,35.72
627130.0,3407630.0,42.6,36.8,19.8,35.72
627230.0,3407630.0,42.6,36.8,19.8,35.72
627330.0,3407630.0,42.6,36.8,19.8,35.72
627430.0,3407630.0,42.6,36.8,19.8,35.72
627530.0,3407630.0,42.6,36.8,19.8,35.72
627630.0,3407630.0,42.6,36.8,19.8,35.72
627730.0,3407630.0,42.6,36.8,19.8,35.72
627830.0,3407630.0,42.6,36.8,19.8,35.72
627930.0,3407630.0,42.6,36.8,19.8,35.72
628030.0,3407630.0,42.6,36.8,19.8,35.72
628130.0,3407630.0,42.6,36.8,19.8,35.72
628230.0,3407630.0,42.6,36.8,19.8,35.72
628330.0,3407630.0,42.6,36.8,19.8,35.72
628430.0,3407630.0,42.6,36.8,19.8,35.72
628530.0,3407630.0,42.6,36.8,19.8,35.72
628630.0,3407630.0,42.6,36.8,19.8,35.72
628730.0,3407630.0,42.6,36.8,19.8,35.72
628830.0,3407630.0,42.6,36.8,19.8,35.72
628930.0,3407630.0,42.6,36.8,19.8,35.72
629030.0,3407630.0,42.6,36.8,19.8,35.72
629130.0,3407630.0,42.6,36.8,19.8,35.72
629230.0,3407630.0,42.6,36.8,19.8,35.72
629330.0,3407630.0,42.6,36.8,19.8,35.72
629430.0,3407630.0,42.6,36.8,19.8,35.72
629530.0,3407630.0,42.6,36.8,19.8,35.72
629630.0,3407630.0,42.6,36.8,19.8,35.72
629730.0,3407630.0,42.6,36.8,19.8,35.72
629830.0,3407630.0,42.6,36.8,19.8,35.72
629930.0,3407630.0,42.6,36.8,19.8,35.72
630030.0,3407630.0,42.6,36.8,19.8,35.72
630130.0,3407630.0,42.6,36.8,19.8,35.72
630230.0,3407630.0,42.6,36.8,19.8,35.72
630330.0,3407630.0,42.6,36.8,19.8,35.72
630430.0,3407630.0,42.6,36.8,19.8,35.72
630530.0,3407630.0,42.6,36.8,19.8,35.72
630630.0,3407630.0,42.6,36.8,19.8,35.72
630730.0,3407630.0,42.6,36.8,19.8,35.72
630830.0,3407630.0,42.6,36.8,19.8,35.72
630930.0,3407630.0,42.6,36.8,19.8,35.72
631030.0,3407630.0,42.6,36.8,19.8,35.72
631130.0,3407630.0,42.6,36.8,19.8,35.72
631230.0,3407630.0,42.6,36.8,19.8,35.72
631330.0,3407630.0,42.6,36.8,19.8,35.72
631430.0,3407630.0,42.6,36.8,19.8,35.72
631530.0,3407630.0,42.6,36.8,19.8,35.72
631630.0,3407630.0,42.6,36.8,19.8,35.72
631730.0,3407630.0,42.6,36.8,19.8,35.72
631830.0,3407630.0,42.6,36.8,19.8,35.72
631930.0,3407630.0,42.6,36.8,19.8,35.72
632030.0,3407630.0,42.6,36.8,19.8,35.72
632130.0,3407630.0,42.6,36.8,19.8,35.72
632230.0,3407630.0,42.6,36.8,19.8,35.72
632330.0,3407630.0,42.6,36.8,19.8,35.72
632430.0,3407630.0,42.6,36.8,19.8,35.72
632530.0,3407630.0,42.6,36.8,19.8,35.72
632630.0,3407630.0,42.6,36.8,19.8,35.72
632730.0,3407630.0,42.6,36.8,19.8,35.72
632830.0,3407630.0,42.6,36.8,19.8,35.72
632930.0,3407630.0,42.6,36.8,19.8,35.72
633030.0,3407630.0,42.6,36.8,19.8,35.72
633130.0,3407630.0,42.6,36.8,19.8,35.72
633230.0,3407630.0,42.6,36.8,19.8,35.72
633330.0,3407630.0,42.6,36.8,19.8,35.72
633430.0,3407630.0,42.6,36.8,19.8,35.72
633530.0,3407630.0,42.6,36.8,19.8,35.72
633630.0,3407630.0,42.6,36.8,19.8,35.72
633730.0,3407630.0,42.6,36.8,19.8,35.72
633830.0,3407630.0,42.6,36.8,19.8,35.72
633930.0,3407630.0,42.6,36.8,19.8,35.72
634030.0,3407630.0,42.6,36.8,19.8,35.72
634130.0,3407630.0,42.6,36.8,19.8,35.72
634230.0,3407630.0,42.6,36.8,19.8,35.72
634330.0,3407630.0,42.6,36.8,19.8,35.72
634430.0,3407630.0,42.6,36.8,19.8,35.72
634530.0,3407630.0,42.6,36.8,19.8,35.72
634630.0,3407630.0,42.6,36.8,19.8,35.72
634730.0,3407630.0,42.6,36.8,19.8,35.72
634830.0,3407630.0,42.6,36.8,19.8,35.72
634930.0,3407630.0,42.6,36.8,19.8,35.72
635030.0,3407630.0,42.6,36.8,19.8,35.72
635130.0,3407630.0,42.6,36.8,19.8,35.72
635230.0,3407630.0,42.6,36.8,19.8,35.72
635330.0,3407630.0,42.6,36.8,19.8,35.72
635430.0,3407630.0,42.6,36.8,19.8,35.72
635530.0,3407630.0,42.6,36.8,19.8,35.72
635630.0,3407630.0,42.6,36.8,19.8,35.72
635730.0,3407630.0,42.6,36.8,19.8,35.72
635830.0,3407630.0,42.6,36.8,19.8,35.72
635930.0,3407630.0,42.6,36.8,19.8,35.72
636030.0,3407630.0,42.6,36.8,19.8,35.72
636130.0,3407630.0,42.6,36.8,19.8,35.72
636230.0,3407630.0,42.6,36.8,19.8,35.72
636330.0,3407630.0,42.6,36.8,19.8,35.72
636430.0,3407630.0,42.6,36.8,19.8,35.72
636530.0,3407630.0,42.6,36.8,19.8,35.72
636630.0,3407630.0,42.6,36.8,19.8,35.72
636730.0,3407630.0,42.6,36.8,19.8,35.72
636830.0,3407630.0,42.6,36.8,19.8,35.72
636930.0,3407630.0,42.6,36.8,19.8,35.72
637030.0,3407630.0,42.6,36.8,19.8,35.72
637130.0,3407630.0,42.6,36.8,19.8,35.72
637230.0,3407630.0,42.6,36.8,19.8,35.72
637330.0,3407630.0,42.6,36.8,19.8,35.72
637430.0,3407630.0,42.6,36.8,19.8,35.72
637530.0,3407630.0,42.6,36.8,19.8,35.72
637630.0,3407630.0,42.6,36.8,19.8,35.72
637730.0,3407630.0,42.6,36.8,19.8,35.72
637830.0,3407630.0,42.6,36.8,19.8,35.72
621530.0,3407530.0,42.6,36.8,19.8,35.72
621630.0,3407530.0,42.6,36.8,19.8,35.72
621730.0,3407530.0,42.6,36.8,19.8,35.72
621830.0,3407530.0,42.6,36.8,19.8,35.72
621930.0,3407530.0,42.6,36.8,19.8,35.72
622030.0,3407530.0,42.6,36.8,19.8,35.72
622130.0,3407530.0,42.6,36.8,19.8,35.72
622230.0,3407530.0,42.6,36.8,19.8,35.72
622330.0,3407530.0,42.6,36.8,19.8,35.72
622430.0,3407530.0,42.6,36.8,19.8,35.72
622530.0,3407530.0,42.6,36.8,19.8,35.72
622630.0,3407530.0,42.6,36.8,19.8,35.72
622730.0,3407530.0,42.6,36.8,19.8,35.72
622830.0,3407530.0,42.6,36.8,19.8,35.72
622930.0,3407530.0,42.6,36.8,19.8,35.72
623030.0,3407530.0,42.6,36.8,19.8,35.72
623130.0,3407530.0,42.6,36.8,19.8,35.72
623230.0,3407530.0,42.6,36.8,19.8,35.72
623330.0,3407530.0,42.6,36.8,19.8,35.72
623430.0,3407530.0,42.6,36.8,19.8,35.72
623530.0,3407530.0,42.6,36.8,19.8,35.72
623630.0,3407530.0,42.6,36.8,19.8,35.72
623730.0,3407530.0,42.6,36.8,19.8,35.72
623830.0,3407530.0,42.6,36.8,19.8,35.72
623930.0,3407530.0,42.6,36.8,19.8,35.72
624030.0,3407530.0,42.6,36.8,19.8,35.72
624130.0,3407530.0,42.6,36.8,19.8,35.72
624230.0,3407530.0,42.6,36.8,19.8,35.72
624330.0,3407530.0,42.6,36.8,19.8,35.72
624430.0,3407530.0,42.6,36.8,19.8,35.72
624530.0,3407530.0,42.6,36.8,19.8,35.72
624630.0,3407530.0,42.6,36.8,19.8,35.72
624730.0,3407530.0,42.6,36.8,19.8,35.72
624830.0,3407530.0,42.6,36.8,19.8,35.72
624930.0,3407530.0,42.6,36.8,19.8,35.72
625030.0,3407530.0,42.6,36.8,19.8,35.72
625130.0,3407530.0,42.6,36.8,19.8,35.72
625230.0,3407530.0,42.6,36.8,19.8,35.72
625330.0,3407530.0,42.6,36.8,19.8,35.72
625430.0,3407530.0,42.6,36.8,19.8,35.72
625530.0,3407530.0,42.6,36.8,19.8,35.72
625630.0,3407530.0,42.6,36.8,19.8,35.72
625730.0,3407530.0,42.6,36.8,19.8,35.72
625830.0,3407530.0,42.6,36.8,19.8,35.72
625930.0,3407530.0,42.6,36.8,19.8,35.72
626030.0,3407530.0,42.6,36.8,19.8,35.72
626130.0,3407530.0,42.6,36.8,19.8,35.72
626230.0,3407530.0,42.6,36.8,19.8,35.72
626330.0,3407530.0,42.6,36.8,19.8,35.72
626430.0,3407530.0,42.6,36.8,19.8,35.72
626530.0,3407530.0,42.6,36.8,19.8,35.72
626630.0,3407530.0,42.6,36.8,19.8,35.72
626730.0,3407530.0,42.6,36.8,19.8,35.72
626830.0,3407530.0,42.6,36.8,19.8,35.72
626930.0,3407530.0,42.6,36.8,19.8,35.72
627030.0,3407530.0,42.6,36.8,19.8,35.72
627130.0,3407530.0,42.6,36.8,19.8,35.72
627230.0,3407530.0,42.6,36.8,19.8,35.72
627330.0,3407530.0,42.6,36.8,19.8,35.72
627430.0,3407530.0,42.6,36.8,19.8,35.72
627530.0,3407530.0,42.6,36.8,19.8,35.72
627630.0,3407530.0,42.6,36.8,19.8,35.72
627730.0,3407530.0,42.6,36.8,19.8,35.72
627830.0,3407530.0,42.6,36.8,19.8,35.72
627930.0,3407530.0,42.6,36.8,19.8,35.72
628030.0,3407530.0,42.6,36.8,19.8,35.72
628130.0,3407530.0,42.6,36.8,19.8,35.72
628230.0,3407530.0,42.6,36.8,19.8,35.72
628330.0,3407530.0,42.6,36.8,19.8,35.72
628430.0,3407530.0,42.6,36.8,19.8,35.72
628530.0,3407530.0,42.6,36.8,19.8,35.72
628630.0,3407530.0,42.6,36.8,19.8,35.72
628730.0,3407530.0,42.6,36.8,19.8,35.72
628830.0,3407530.0,42.6,36.8,19.8,35.72
628930.0,3407530.0,42.6,36.8,19.8,35.72
629030.0,3407530.0,42.6,36.8,19.8,35.72
629130.0,3407530.0,42.6,36.8,19.8,35.72
629230.0,3407530.0,42.6,36.8,19.8,35.72
629330.0,3407530.0,42.6,36.8,19.8,35.72
629430.0,3407530.0,42.6,36.8,19.8,35.72
629530.0,3407530.0,42.6,36.8,19.8,35.72
629630.0,3407530.0,42.6,36.8,19.8,35.72
629730.0,3407530.0,42.6,36.8,19.8,35.72
629830.0,3407530.0,42.6,36.8,19.8,35.72
629930.0,3407530.0,42.6,36.8,19.8,35.72
630030.0,3407530.0,42.6,36.8,19.8,35.72
630130.0,3407530.0,42.6,36.8,19.8,35.72
630230.0,3407530.0,42.6,36.8,19.8,35.72
630330.0,3407530.0,42.6,36.8,19.8,35.72
630430.0,3407530.0,42.6,36.8,19.8,35.72
630530.0,3407530.0,42.6,36.8,19.8,35.72
630630.0,3407530.0,42.6,36.8,19.8,35.72
630730.0,3407530.0,42.6,36.8,19.8,35.72
630830.0,3407530.0,42.6,36.8,19.8,35.72
630930.0,3407530.0,42.6,36.8,19.8,35.72
631030.0,3407530.0,42.6,36.8,19.8,35.72
631130.0,3407530.0,42.6,36.8,19.8,35.72
631230.0,3407530.0,42.6,36.8,19.8,35.72
631330.0,3407530.0,42.6,36.8,19.8,35.72
631430.0,3407530.0,42.6,36.8,19.8,35.72
631530.0,3407530.0,42.6,36.8,19.8,35.72
631630.0,3407530.0,42.6,36.8,19.8,35.72
631730.0,3407530.0,42.6,36.8,19.8,35.72
631830.0,3407530.0,42.6,36.8,19.8,35.72
631930.0,3407530.0,42.6,36.8,19.8,35.72
632030.0,3407530.0,42.6,36.8,19.8,35.72
632130.0,3407530.0,42.6,36.8,19.8,35.72
632230.0,3407530.0,42.6,36.8,19.8,35.72
632330.0,3407530.0,42.6,36.8,19.8,35.72
632430.0,3407530.0,42.6,36.8,19.8,35.72
632530.0,3407530.0,42.6,36.8,19.8,35.72
632630.0,3407530.0,42.6,36.8,19.8,35.72
632730.0,3407530.0,42.6,36.8,19.8,35.72
632830.0,3407530.0,42.6,36.8,19.8,35.72
632930.0,3407530.0,42.6,36.8,19.8,35.72
633030.0,3407530.0,42.6,36.8,19.8,35.72
633130.0,3407530.0,42.6,36.8,19.8,35.72
633230.0,3407530.0,42.6,36.8,19.8,35.72
633330.0,3407530.0,42.6,36.8,19.8,35.72
633430.0,3407530.0,42.6,36.8,19.8,35.72
633530.0,3407530.0,42.6,36.8,19.8,35.72
633630.0,3407530.0,42.6,36.8,19.8,35.72
633730.0,3407530.0,42.6,36.8,19.8,35.72
633830.0,3407530.0,42.6,36.8,19.8,35.72
633930.0,3407530.0,42.6,36.8,19.8,35.72
634030.0,3407530.0,42.6,36.8,19.8,35.72
634130.0,3407530.0,42.6,36.8,19.8,35.72
634230.0,3407530.0,42.6,36.8,19.8,35.72
634330.0,3407530.0,42.6,36.8,19.8,35.72
634430.0,3407530.0,42.6,36.8,19.8,35.72
634530.0,3407530.0,42.6,36.8,19.8,35.72
634630.0,3407530.0,42.6,36.8,19.8,35.72
634730.0,3407530.0,42.6,36.8,19.8,35.72
634830.0,3407530.0,42.6,36.8,19.8,35.72
634930.0,3407530.0,42.6,36.8,19.8,35.72
635030.0,3407530.0,42.6,36.8,19.8,35.72
635130.0,3407530.0,42.6,36.8,19.8,35.72
635230.0,3407530.0,42.6,36.8,19.8,35.72
635330.0,3407530.0,42.6,36.8,19.8,35.72
635430.0,3407530.0,42.6,36.8,19.8,35.72
635530.0,3407530.0,42.6,36.8,19.8,35.72
635630.0,3407530.0,42.6,36.8,19.8,35.72
635730.0,3407530.0,42.6,36.8,19.8,35.72
635830.0,3407530.0,42.6,36.8,19.8,35.72
635930.0,3407530.0,42.6,36.8,19.8,35.72
636030.0,3407530.0,42.6,36.8,19.8,35.72
636130.0,3407530.0,42.6,36.8,19.8,35.72
636230.0,3407530.0,42.6,36.8,19.8,35.72
636330.0,3407530.0,42.6,36.8,19.8,35.72
636430.0,3407530.0,42.6,36.8,19.8,35.72
636530.0,3407530.0,42.6,36.8,19.8,35.72
636630.0,3407530.0,42.6,36.8,19.8,35.72
636730.0,3407530.0,42.6,36.8,19.8,35.72
636830.0,3407530.0,42.6,36.8,19.8,35.72
636930.0,3407530.0,42.6,36.8,19.8,35.72
637030.0,3407530.0,42.6,36.8,19.8,35.72
637130.0,3407530.0,42.6,36.8,19.8,35.72
637230.0,3407530.0,42.6,36.8,19.8,35.72
637330.0,3407530.0,42.6,36.8,19.8,35.72
637430.0,3407530.0,42.6,36.8,19.8,35.72
637530.0,3407530.0,42.6,36.8,19.8,35.72
637630.0,3407530.0,42.6,36.8,19.8,35.72
637730.0,3407530.0,42.6,36.8,19.8,35.72
637830.0,3407530.0,42.6,36.8,19.8,35.72
621530.0,3407430.0,42.6,36.8,19.8,35.72
621630.0,3407430.0,42.6,36.8,19.8,35.72
621730.0,3407430.0,42.6,36.8,19.8,35.72
621830.0,3407430.0,42.6,36.8,19.8,35.72
621930.0,3407430.0,42.6,36.8,19.8,35.72
622030.0,3407430.0,42.6,36.8,19.8,35.72
622130.0,3407430.0,42.6,36.8,19.8,35.72
622230.0,3407430.0,42.6,36.8,19.8,35.72
622330.0,3407430.0,42.6,36.8,19.8,35.72
622430.0,3407430.0,42.6,36.8,19.8,35.72
622530.0,3407430.0,42.6,36.8,19.8,35.72
622630.0,3407430.0,42.6,36.8,19.8,35.72
622730.0,3407430.0,42.6,36.8,19.8,35.72
622830.0,3407430.0,42.6,36.8,19.8,35.72
622930.0,3407430.0,42.6,36.8,19.8,35.72
623030.0,3407430.0,42.6,36.8,19.8,35.72
623130.0,3407430.0,42.6,36.8,19.8,35.72
623230.0,3407430.0,42.6,36.8,19.8,35.72
623330.0,3407430.0,42.6,36.8,19.8,35.72
623430.0,3407430.0,42.6,36.8,19.8,35.72
623530.0,3407430.0,42.6,36.8,19.8,35.72
623630.0,3407430.0,42.6,36.8,19.8,35.72
623730.0,3407430.0,42.6,36.8,19.8,35.72
623830.0,3407430.0,42.6,36.8,19.8,35.72
623930.0,3407430.0,42.6,36.8,19.8,35.72
624030.0,3407430.0,42.6,36.8,19.8,35.72
624130.0,3407430.0,42.6,36.8,19.8,35.72
624230.0,3407430.0,42.6,36.8,19.8,35.72
624330.0,3407430.0,42.6,36.8,19.8,35.72
624430.0,3407430.0,42.6,36.8,19.8,35.72
624530.0,3407430.0,42.6,36.8,19.8,35.72
624630.0,3407430.0,42.6,36.8,19.8,35.72
624730.0,3407430.0,42.6,36.8,19.8,35.72
624830.0,3407430.0,42.6,36.8,19.8,35.72
624930.0,3407430.0,42.6,36.8,19.8,35.72
625030.0,3407430.0,42.6,36.8,19.8,35.72
625130.0,3407430.0,42.6,36.8,19.8,35.72
625230.0,3407430.0,42.6,36.8,19.8,35.72
625330.0,3407430.0,42.6,36.8,19.8,35.72
625430.0,3407430.0,42.6,36.8,19.8,35.72
625530.0,3407430.0,42.6,36.8,19.8,35.72
625630.0,3407430.0,42.6,36.8,19.8,35.72
625730.0,3407430.0,42.6,36.8,19.8,35.72
625830.0,3407430.0,42.6,36.8,19.8,35.72
625930.0,3407430.0,42.6,36.8,19.8,35.72
626030.0,3407430.0,42.6,36.8,19.8,35.72
626130.0,3407430.0,42.6,36.8,19.8,35.72
626230.0,3407430.0,42.6,36.8,19.8,35.72
626330.0,3407430.0,42.6,36.8,19.8,35.72
626430.0,3407430.0,42.6,36.8,19.8,35.72
626530.0,3407430.0,42.6,36.8,19.8,35.72
626630.0,3407430.0,42.6,36.8,19.8,35.72
626730.0,3407430.0,42.6,36.8,19.8,35.72
626830.0,3407430.0,42.6,36.8,19.8,35.72
626930.0,3407430.0,42.6,36.8,19.8,35.72
627030.0,3407430.0,42.6,36.8,19.8,35.72
627130.0,3407430.0,42.6,36.8,19.8,35.72
627230.0,3407430.0,42.6,36.8,19.8,35.72
627330.0,3407430.0,42.6,36.8,19.8,35.72
627430.0,3407430.0,42.6,36.8,19.8,35.72
627530.0,3407430.0,42.6,36.8,19.8,35.72
627630.0,3407430.0,42.6,36.8,19.8,35.72
627730.0,3407430.0,42.6,36.8,19.8,35.72
627830.0,3407430.0,42.6,36.8,19.8,35.72
627930.0,3407430.0,42.6,36.8,19.8,35.72
628030.0,3407430.0,42.6,36.8,19.8,35.72
628130.0,3407430.0,42.6,36.8,19.8,35.72
628230.0,3407430.0,42.6,36.8,19.8,35.72
628330.0,3407430.0,42.6,36.8,19.8,35.72
628430.0,3407430.0,42.6,36.8,19.8,35.72
628530.0,3407430.0,42.6,36.8,19.8,35.72
628630.0,3407430.0,42.6,36.8,19.8,35.72
628730.0,3407430.0,42.6,36.8,19.8,35.72
628830.0,3407430.0,42.6,36.8,19.8,35.72
628930.0,3407430.0,42.6,36.8,19.8,35.72
629030.0,3407430.0,42.6,36.8,19.8,35.72
629130.0,3407430.0,42.6,36.8,19.8,35.72
629230.0,3407430.0,42.6,36.8,19.8,35.72
629330.0,3407430.0,42.6,36.8,19.8,35.72
629430.0,3407430.0,42.6,36.8,19.8,35.72
629530.0,3407430.0,42.6,36.8,19.8,35.72
629630.0,3407430.0,42.6,36.8,19.8,35.72
629730.0,3407430.0,42.6,36.8,19.8,35.72
629830.0,3407430.0,42.6,36.8,19.8,35.72
629930.0,3407430.0,42.6,36.8,19.8,35.72
630030.0,3407430.0,42.6,36.8,19.8,35.72
630130.0,3407430.0,42.6,36.8,19.8,35.72
630230.0,3407430.0,42.6,36.8,19.8,35.72
630330.0,3407430.0,42.6,36.8,19.8,35.72
630430.0,3407430.0,42.6,36.8,19.8,35.72
630530.0,3407430.0,42.6,36.8,19.8,35.72
630630.0,3407430.0,42.6,36.8,19.8,35.72
630730.0,3407430.0,42.6,36.8,19.8,35.72
630830.0,3407430.0,42.6,36.8,19.8,35.72
630930.0,3407430.0,42.6,36.8,19.8,35.72
631030.0,3407430.0,42.6,36.8,19.8,35.72
631130.0,3407430.0,42.6,36.8,19.8,35.72
631230.0,3407430.0,42.6,36.8,19.8,35.72
631330.0,3407430.0,42.6,36.8,19.8,35.72
631430.0,3407430.0,42.6,36.8,19.8,35.72
631530.0,3407430.0,42.6,36.8,19.8,35.72
631630.0,3407430.0,42.6,36.8,19.8,35.72
631730.0,3407430.0,42.6,36.8,19.8,35.72
631830.0,3407430.0,42.6,36.8,19.8,35.72
631930.0,3407430.0,42.6,36.8,19.8,35.72
632030.0,3407430.0,42.6,36.8,19.8,35.72
632130.0,3407430.0,42.6,36.8,19.8,35.72
632230.0,3407430.0,42.6,36.8,19.8,35.72
632330.0,3407430.0,42.6,36.8,19.8,35.72
632430.0,3407430.0,42.6,36.8,19.8,35.72
632530.0,3407430.0,42.6,36.8,19.8,35.72
632630.0,3407430.0,42.6,36.8,19.8,35.72
632730.0,3407430.0,42.6,36.8,19.8,35.72
632830.0,3407430.0,42.6,36.8,19.8,35.72
632930.0,3407430.0,42.6,36.8,19.8,35.72
633030.0,3407430.0,42.6,36.8,19.8,35.72
633130.0,3407430.0,42.6,36.8,19.8,35.72
633230.0,3407430.0,42.6,36.8,19.8,35.72
633330.0,3407430.0,42.6,36.8,19.8,35.72
633430.0,3407430.0,42.6,36.8,19.8,35.72
633530.0,3407430.0,42.6,36.8,19.8,35.72
633630.0,3407430.0,42.6,36.8,19.8,35.72
633730.0,3407430.0,42.6,36.8,19.8,35.72
633830.0,3407430.0,42.6,36.8,19.8,35.72
633930.0,3407430.0,42.6,36.8,19.8,35.72
634030.0,3407430.0,42.6,36.8,19.8,35.72
634130.0,3407430.0,42.6,36.8,19.8,35.72
634230.0,3407430.0,42.6,36.8,19.8,35.72
634330.0,3407430.0,42.6,36.8,19.8,35.72
634430.0,3407430.0,42.6,36.8,19.8,35.72
634530.0,3407430.0,42.6,36.8,19.8,35.72
634630.0,3407430.0,42.6,36.8,19.8,35.72
634730.0,3407430.0,42.6,36.8,19.8,35.72
634830.0,3407430.0,42.6,36.8,19.8,35.72
634930.0,3407430.0,42.6,36.8,19.8,35.72
635030.0,3407430.0,42.6,36.8,19.8,35.72
635130.0,3407430.0,42.6,36.8,19.8,35.72
635230.0,3407430.0,42.6,36.8,19.8,35.72
635330.0,3407430.0,42.6,36.8,19.8,35.72
635430.0,3407430.0,42.6,36.8,19.8,35.72
635530.0,3407430.0,42.6,36.8,19.8,35.72
635630.0,3407430.0,42.6,36.8,19.8,35.72
635730.0,3407430.0,42.6,36.8,19.8,35.72
635830.0,3407430.0,42.6,36.8,19.8,35.72
635930.0,3407430.0,42.6,36.8,19.8,35.72
636030.0,3407430.0,42.6,36.8,19.8,35.72
636130.0,3407430.0,42.6,36.8,19.8,35.72
636230.0,3407430.0,42.6,36.8,19.8,35.72
636330.0,3407430.0,42.6,36.8,19.8,35.72
636430.0,3407430.0,42.6,36.8,19.8,35.72
636530.0,3407430.0,42.6,36.8,19.8,35.72
636630.0,3407430.0,42.6,36.8,19.8,35.72
636730.0,3407430.0,42.6,36.8,19.8,35.72
636830.0,3407430.0,42.6,36.8,19.8,35.72
636930.0,3407430.0,42.6,36.8,19.8,35.72
637030.0,3407430.0,42.6,36.8,19.8,35.72
637130.0,3407430.0,42.6,36.8,19.8,35.72
637230.0,3407430.0,42.6,36.8,19.8,35.72
637330.0,3407430.0,42.6,36.8,19.8,35.72
637430.0,3407430.0,42.6,36.8,19.8,35.72
637530.0,3407430.0,42.6,36.8,19.8,35.72
637630.0,3407430.0,42.6,36.8,19.8,35.72
637730.0,3407430.0,42.6,36.8,19.8,35.72
637830.0,3407430.0,42.6,36.8,19.8,35.72
621530.0,3407330.0,42.6,36.8,19.8,35.72
621630.0,3407330.0,42.6,36.8,19.8,35.72
621730.0,3407330.0,42.6,36.8,19.8,35.72
621830.0,3407330.0,42.6,36.8,19.8,35.72
621930.0,3407330.0,42.6,36.8,19.8,35.72
622030.0,3407330.0,42.6,36.8,19.8,35.72
622130.0,3407330.0,42.6,36.8,19.8,35.72
622230.0,3407330.0,42.6,36.8,19.8,35.72
622330.0,3407330.0,42.6,36.8,19.8,35.72
622430.0,3407330.0,42.6,36.8,19.8,35.72
622530.0,3407330.0,42.6,36.8,19.8,35.72
622630.0,3407330.0,42.6,36.8,19.8,35.72
622730.0,3407330.0,42.6,36.8,19.8,35.72
622830.0,3407330.0,42.6,36.8,19.8,35.72
622930.0,3407330.0,42.6,36.8,19.8,35.72
623030.0,3407330.0,42.6,36.8,19.8,35.72
623130.0,3407330.0,42.6,36.8,19.8,35.72
623230.0,3407330.0,42.6,36.8,19.8,35.72
623330.0,3407330.0,42.6,36.8,19.8,35.72
623430.0,3407330.0,42.6,36.8,19.8,35.72
623530.0,3407330.0,42.6,36.8,19.8,35.72
623630.0,3407330.0,42.6,36.8,19.8,35.72
623730.0,3407330.0,42.6,36.8,19.8,35.72
623830.0,3407330.0,42.6,36.8,19.8,35.72
623930.0,3407330.0,42.6,36.8,19.8,35.72
624030.0,3407330.0,42.6,36.8,19.8,35.72
624130.0,3407330.0,42.6,36.8,19.8,35.72
624230.0,3407330.0,42.6,36.8,19.8,35.72
624330.0,3407330.0,42.6,36.8,19.8,35.72
624430.0,3407330.0,42.6,36.8,19.8,35.72
624530.0,3407330.0,42.6,36.8,19.8,35.72
624630.0,3407330.0,42.6,36.8,19.8,35.72
624730.0,3407330.0,42.6,36.8,19.8,35.72
624830.0,3407330.0,42.6,36.8,19.8,35.72
624930.0,3407330.0,42.6,36.8,19.8,35.72
625030.0,3407330.0,42.6,36.8,19.8,35.72
625130.0,3407330.0,42.6,36.8,19.8,35.72
625230.0,3407330.0,42.6,36.8,19.8,35.72
625330.0,3407330.0,42.6,36.8,19.8,35.72
625430.0,3407330.0,42.6,36.8,19.8,35.72
625530.0,3407330.0,42.6,36.8,19.8,35.72
625630.0,3407330.0,42.6,36.8,19.8,35.72
625730.0,3407330.0,42.6,36.8,19.8,35.72
625830.0,3407330.0,42.6,36.8,19.8,35.72
625930.0,3407330.0,42.6,36.8,19.8,35.72
626030.0,3407330.0,42.6,36.8,19.8,35.72
626130.0,3407330.0,42.6,36.8,19.8,35.72
626230.0,3407330.0,42.6,36.8,19.8,35.72
626330.0,3407330.0,42.6,36.8,19.8,35.72
626430.0,3407330.0,42.6,36.8,19.8,35.72
626530.0,3407330.0,42.6,36.8,19.8,35.72
626630.0,3407330.0,42.6,36.8,19.8,35.72
626730.0,3407330.0,42.6,36.8,19.8,35.72
626830.0,3407330.0,42.6,36.8,19.8,35.72
626930.0,3407330.0,42.6,36.8,19.8,35.72
627030.0,3407330.0,42.6,36.8,19.8,35.72
627130.0,3407330.0,42.6,36.8,19.8,35.72
627230.0,3407330.0,42.6,36.8,19.8,35.72
627330.0,3407330.0,42.6,36.8,19.8,35.72
627430.0,3407330.0,42.6,36.8,19.8,35.72
627530.0,3407330.0,42.6,36.8,19.8,35.72
627630.0,3407330.0,42.6,36.8,19.8,35.72
627730.0,3407330.0,42.6,36.8,19.8,35.72
627830.0,3407330.0,42.6,36.8,19.8,35.72
627930.0,3407330.0,42.6,36.8,19.8,35.72
628030.0,3407330.0,42.6,36.8,19.8,35.72
628130.0,3407330.0,42.6,36.8,19.8,35.72
628230.0,3407330.0,42.6,36.8,19.8,35.72
628330.0,3407330.0,42.6,36.8,19.8,35.72
628430.0,3407330.0,42.6,36.8,19.8,35.72
628530.0,3407330.0,42.6,36.8,19.8,35.72
628630.0,3407330.0,42.6,36.8,19.8,35.72
628730.0,3407330.0,42.6,36.8,19.8,35.72
628830.0,3407330.0,42.6,36.8,19.8,35.72
628930.0,3407330.0,42.6,36.8,19.8,35.72
629030.0,3407330.0,42.6,36.8,19.8,35.72
629130.0,3407330.0,42.6,36.8,19.8,35.72
629230.0,3407330.0,42.6,36.8,19.8,35.72
629330.0,3407330.0,42.6,36.8,19.8,35.72
629430.0,3407330.0,42.6,36.8,19.8,35.72
629530.0,3407330.0,42.6,36.8,19.8,35.72
629630.0,3407330.0,42.6,36.8,19.8,35.72
629730.0,3407330.0,42.6,36.8,19.8,35.72
629830.0,3407330.0,42.6,36.8,19.8,35.72
629930.0,3407330.0,42.6,36.8,19.8,35.72
630030.0,3407330.0,42.6,36.8,19.8,35.72
630130.0,3407330.0,42.6,36.8,19.8,35.72
630230.0,3407330.0,42.6,36.8,19.8,35.72
630330.0,3407330.0,42.6,36.8,19.8,35.72
630430.0,3407330.0,42.6,36.8,19.8,35.72
630530.0,3407330.0,42.6,36.8,19.8,35.72
630630.0,3407330.0,42.6,36.8,19.8,35.72
630730.0,3407330.0,42.6,36.8,19.8,35.72
630830.0,3407330.0,42.6,36.8,19.8,35.72
630930.0,3407330.0,42.6,36.8,19.8,35.72
631030.0,3407330.0,42.6,36.8,19.8,35.72
631130.0,3407330.0,42.6,36.8,19.8,35.72
631230.0,3407330.0,42.6,36.8,19.8,35.72
631330.0,3407330.0,42.6,36.8,19.8,35.72
631430.0,3407330.0,42.6,36.8,19.8,35.72
631530.0,3407330.0,42.6,36.8,19.8,35.72
631630.0,3407330.0,42.6,36.8,19.8,35.72
631730.0,3407330.0,42.6,36.8,19.8,35.72
631830.0,3407330.0,42.6,36.8,19.8,35.72
631930.0,3407330.0,42.6,36.8,19.8,35.72
632030.0,3407330.0,42.6,36.8,19.8,35.72
632130.0,3407330.0,42.6,36.8,19.8,35.72
632230.0,3407330.0,42.6,36.8,19.8,35.72
632330.0,3407330.0,42.6,36.8,19.8,35.72
632430.0,3407330.0,42.6,36.8,19.8,35.72
632530.0,3407330.0,42.6,36.8,19.8,35.72
632630.0,3407330.0,42.6,36.8,19.8,35.72
632730.0,3407330.0,42.6,36.8,19.8,35.72
632830.0,3407330.0,42.6,36.8,19.8,35.72
632930.0,3407330.0,42.6,36.8,19.8,35.72
633030.0,3407330.0,42.6,36.8,19.8,35.72
633130.0,3407330.0,42.6,36.8,19.8,35.72
633230.0,3407330.0,42.6,36.8,19.8,35.72
633330.0,3407330.0,42.6,36.8,19.8,35.72
633430.0,3407330.0,42.6,36.8,19.8,35.72
633530.0,3407330.0,42.6,36.8,19.8,35.72
633630.0,3407330.0,42.6,36.8,19.8,35.72
633730.0,3407330.0,42.6,36.8,19.8,35.72
633830.0,3407330.0,42.6,36.8,19.8,35.72
633930.0,3407330.0,42.6,36.8,19.8,35.72
634030.0,3407330.0,42.6,36.8,19.8,35.72
634130.0,3407330.0,42.6,36.8,19.8,35.72
634230.0,3407330.0,42.6,36.8,19.8,35.72
634330.0,3407330.0,42.6,36.8,19.8,35.72
634430.0,3407330.0,42.6,36.8,19.8,35.72
634530.0,3407330.0,42.6,36.8,19.8,35.72
634630.0,3407330.0,42.6,36.8,19.8,35.72
634730.0,3407330.0,42.6,36.8,19.8,35.72
634830.0,3407330.0,42.6,36.8,19.8,35.72
634930.0,3407330.0,42.6,36.8,19.8,35.72
635030.0,3407330.0,42.6,36.8,19.8,35.72
635130.0,3407330.0,42.6,36.8,19.8,35.72
635230.0,3407330.0,42.6,36.8,19.8,35.72
635330.0,3407330.0,42.6,36.8,19.8,35.72
635430.0,3407330.0,42.6,36.8,19.8,35.72
635530.0,3407330.0,42.6,36.8,19.8,35.72
635630.0,3407330.0,42.6,36.8,19.8,35.72
635730.0,3407330.0,42.6,36.8,19.8,35.72
635830.0,3407330.0,42.6,36.8,19.8,35.72
635930.0,3407330.0,42.6,36.8,19.8,35.72
636030.0,3407330.0,42.6,36.8,19.8,35.72
636130.0,3407330.0,42.6,36.8,19.8,35.72
636230.0,3407330.0,42.6,36.8,19.8,35.72
636330.0,3407330.0,42.6,36.8,19.8,35.72
636430.0,3407330.0,42.6,36.8,19.8,35.72
636530.0,3407330.0,42.6,36.8,19.8,35.72
636630.0,3407330.0,42.6,36.8,19.8,35.72
636730.0,3407330.0,42.6,36.8,19.8,35.72
636830.0,3407330.0,42.6,36.8,19.8,35.72
636930.0,3407330.0,42.6,36.8,19.8,35.72
637030.0,3407330.0,42.6,36.8,19.8,35.72
637130.0,3407330.0,42.6,36.8,19.8,35.72
637230.0,3407330.0,42.6,36.8,19.8,35.72
637330.0,3407330.0,42.6,36.8,19.8,35.72
637430.0,3407330.0,42.6,36.8,19.8,35.72
637530.0,3407330.0,42.6,36.8,19.8,35.72
637630.0,3407330.0,42.6,36.8,19.8,35.72
637730.0,3407330.0,42.6,36.8,19.8,35.72
637830.0,3407330.0,42.6,36.8,19.8,35.72
621330.0,3407230.0,42.6,36.8,19.8,35.72
621430.0,3407230.0,42.6,36.8,19.8,35.72
621530.0,3407230.0,42.6,36.8,19.8,35.72
621630.0,3407230.0,42.6,36.8,19.8,35.72
621730.0,3407230.0,42.6,36.8,19.8,35.72
621830.0,3407230.0,42.6,36.8,19.8,35.72
621930.0,3407230.0,42.6,36.8,19.8,35.72
622030.0,3407230.0,42.6,36.8,19.8,35.72
622130.0,3407230.0,42.6,36.8,19.8,35.72
622230.0,3407230.0,42.6,36.8,19.8,35.72
622330.0,3407230.0,42.6,36.8,19.8,35.72
622430.0,3407230.0,42.6,36.8,19.8,35.72
622530.0,3407230.0,42.6,36.8,19.8,35.72
622630.0,3407230.0,42.6,36.8,19.8,35.72
622730.0,3407230.0,42.6,36.8,19.8,35.72
622830.0,3407230.0,42.6,36.8,19.8,35.72
622930.0,3407230.0,42.6,36.8,19.8,35.72
623030.0,3407230.0,42.6,36.8,19.8,35.72
623130.0,3407230.0,42.6,36.8,19.8,35.72
623230.0,3407230.0,42.6,36.8,19.8,35.72
623330.0,3407230.0,42.6,36.8,19.8,35.72
623430.0,3407230.0,42.6,36.8,19.8,35.72
623530.0,3407230.0,42.6,36.8,19.8,35.72
623630.0,3407230.0,42.6,36.8,19.8,35.72
623730.0,3407230.0,42.6,36.8,19.8,35.72
623830.0,3407230.0,42.6,36.8,19.8,35.72
623930.0,3407230.0,42.6,36.8,19.8,35.72
624030.0,3407230.0,42.6,36.8,19.8,35.72
624130.0,3407230.0,42.6,36.8,19.8,35.72
624230.0,3407230.0,42.6,36.8,19.8,35.72
624330.0,3407230.0,42.6,36.8,19.8,35.72
624430.0,3407230.0,42.6,36.8,19.8,35.72
624530.0,3407230.0,42.6,36.8,19.8,35.72
624630.0,3407230.0,42.6,36.8,19.8,35.72
624730.0,3407230.0,42.6,36.8,19.8,35.72
624830.0,3407230.0,42.6,36.8,19.8,35.72
624930.0,3407230.0,42.6,36.8,19.8,35.72
625030.0,3407230.0,42.6,36.8,19.8,35.72
625130.0,3407230.0,42.6,36.8,19.8,35.72
625230.0,3407230.0,42.6,36.8,19.8,35.72
625330.0,3407230.0,42.6,36.8,19.8,35.72
625430.0,3407230.0,42.6,36.8,19.8,35.72
625530.0,3407230.0,42.6,36.8,19.8,35.72
625630.0,3407230.0,42.6,36.8,19.8,35.72
625730.0,3407230.0,42.6,36.8,19.8,35.72
625830.0,3407230.0,42.6,36.8,19.8,35.72
625930.0,3407230.0,42.6,36.8,19.8,35.72
626030.0,3407230.0,42.6,36.8,19.8,35.72
626130.0,3407230.0,42.6,36.8,19.8,35.72
626230.0,3407230.0,42.6,36.8,19.8,35.72
626330.0,3407230.0,42.6,36.8,19.8,35.72
626430.0,3407230.0,42.6,36.8,19.8,35.72
626530.0,3407230.0,42.6,36.8,19.8,35.72
626630.0,3407230.0,42.6,36.8,19.8,35.72
626730.0,3407230.0,42.6,36.8,19.8,35.72
626830.0,3407230.0,42.6,36.8,19.8,35.72
626930.0,3407230.0,42.6,36.8,19.8,35.72
627030.0,3407230.0,42.6,36.8,19.8,35.72
627130.0,3407230.0,42.6,36.8,19.8,35.72
627230.0,3407230.0,42.6,36.8,19.8,35.72
627330.0,3407230.0,42.6,36.8,19.8,35.72
627430.0,3407230.0,42.6,36.8,19.8,35.72
627530.0,3407230.0,42.6,36.8,19.8,35.72
627630.0,3407230.0,42.6,36.8,19.8,35.72
627730.0,3407230.0,42.6,36.8,19.8,35.72
627830.0,3407230.0,42.6,36.8,19.8,35.72
627930.0,3407230.0,42.6,36.8,19.8,35.72
628030.0,3407230.0,42.6,36.8,19.8,35.72
628130.0,3407230.0,42.6,36.8,19.8,35.72
628230.0,3407230.0,42.6,36.8,19.8,35.72
628330.0,3407230.0,42.6,36.8,19.8,35.72
628430.0,3407230.0,42.6,36.8,19.8,35.72
628530.0,3407230.0,42.6,36.8,19.8,35.72
628630.0,3407230.0,42.6,36.8,19.8,35.72
628730.0,3407230.0,42.6,36.8,19.8,35.72
628830.0,3407230.0,42.6,36.8,19.8,35.72
628930.0,3407230.0,42.6,36.8,19.8,35.72
629030.0,3407230.0,42.6,36.8,19.8,35.72
629130.0,3407230.0,42.6,36.8,19.8,35.72
629230.0,3407230.0,42.6,36.8,19.8,35.72
629330.0,3407230.0,42.6,36.8,19.8,35.72
629430.0,3407230.0,42.6,36.8,19.8,35.72
629530.0,3407230.0,42.6,36.8,19.8,35.72
629630.0,3407230.0,42.6,36.8,19.8,35.72
629730.0,3407230.0,42.6,36.8,19.8,35.72
629830.0,3407230.0,42.6,36.8,19.8,35.72
629930.0,3407230.0,42.6,36.8,19.8,35.72
630030.0,3407230.0,42.6,36.8,19.8,35.72
630130.0,3407230.0,42.6,36.8,19.8,35.72
630230.0,3407230.0,42.6,36.8,19.8,35.72
630330.0,3407230.0,42.6,36.8,19.8,35.72
630430.0,3407230.0,42.6,36.8,19.8,35.72
630530.0,3407230.0,42.6,36.8,19.8,35.72
630630.0,3407230.0,42.6,36.8,19.8,35.72
630730.0,3407230.0,42.6,36.8,19.8,35.72
630830.0,3407230.0,42.6,36.8,19.8,35.72
630930.0,3407230.0,42.6,36.8,19.8,35.72
631030.0,3407230.0,42.6,36.8,19.8,35.72
631130.0,3407230.0,42.6,36.8,19.8,35.72
631230.0,3407230.0,42.6,36.8,19.8,35.72
631330.0,3407230.0,42.6,36.8,19.8,35.72
631430.0,3407230.0,42.6,36.8,19.8,35.72
631530.0,3407230.0,42.6,36.8,19.8,35.72
631630.0,3407230.0,42.6,36.8,19.8,35.72
631730.0,3407230.0,42.6,36.8,19.8,35.72
631830.0,3407230.0,42.6,36.8,19.8,35.72
631930.0,3407230.0,42.6,36.8,19.8,35.72
632030.0,3407230.0,42.6,36.8,19.8,35.72
632130.0,3407230.0,42.6,36.8,19.8,35.72
632230.0,3407230.0,42.6,36.8,19.8,35.72
632330.0,3407230.0,42.6,36.8,19.8,35.72
632430.0,3407230.0,42.6,36.8,19.8,35.72
632530.0,3407230.0,42.6,36.8,19.8,35.72
632630.0,3407230.0,42.6,36.8,19.8,35.72
632730.0,3407230.0,42.6,36.8,19.8,35.72
632830.0,3407230.0,42.6,36.8,19.8,35.72
632930.0,3407230.0,42.6,36.8,19.8,35.72
633030.0,3407230.0,42.6,36.8,19.8,35.72
633130.0,3407230.0,42.6,36.8,19.8,35.72
633230.0,3407230.0,42.6,36.8,19.8,35.72
633330.0,3407230.0,42.6,36.8,19.8,35.72
633430.0,3407230.0,42.6,36.8,19.8,35.72
633530.0,3407230.0,42.6,36.8,19.8,35.72
633630.0,3407230.0,42.6,36.8,19.8,35.72
633730.0,3407230.0,42.6,36.8,19.8,35.72
633830.0,3407230.0,42.6,36.8,19.8,35.72
633930.0,3407230.0,42.6,36.8,19.8,35.72
634030.0,3407230.0,42.6,36.8,19.8,35.72
634130.0,3407230.0,42.6,36.8,19.8,35.72
634230.0,3407230.0,42.6,36.8,19.8,35.72
634330.0,3407230.0,42.6,36.8,19.8,35.72
634430.0,3407230.0,42.6,36.8,19.8,35.72
634530.0,3407230.0,42.6,36.8,19.8,35.72
634630.0,3407230.0,42.6,36.8,19.8,35.72
634730.0,3407230.0,42.6,36.8,19.8,35.72
634830.0,3407230.0,42.6,36.8,19.8,35.72
634930.0,3407230.0,42.6,36.8,19.8,35.72
635030.0,3407230.0,42.6,36.8,19.8,35.72
635130.0,3407230.0,42.6,36.8,19.8,35.72
635230.0,3407230.0,42.6,36.8,19.8,35.72
635330.0,3407230.0,42.6,36.8,19.8,35.72
635430.0,3407230.0,42.6,36.8,19.8,35.72
635530.0,3407230.0,42.6,36.8,19.8,35.72
635630.0,3407230.0,42.6,36.8,19.8,35.72
635730.0,3407230.0,42.6,36.8,19.8,35.72
635830.0,3407230.0,42.6,36.8,19.8,35.72
635930.0,3407230.0,42.6,36.8,19.8,35.72
636030.0,3407230.0,42.6,36.8,19.8,35.72
636130.0,3407230.0,42.6,36.8,19.8,35.72
636230.0,3407230.0,42.6,36.8,19.8,35.72
636330.0,3407230.0,42.6,36.8,19.8,35.72
636430.0,3407230.0,42.6,36.8,19.8,35.72
636530.0,3407230.0,42.6,36.8,19.8,35.72
636630.0,3407230.0,42.6,36.8,19.8,35.72
636730.0,3407230.0,42.6,36.8,19.8,35.72
636830.0,3407230.0,42.6,36.8,19.8,35.72
636930.0,3407230.0,42.6,36.8,19.8,35.72
637030.0,3407230.0,42.6,36.8,19.8,35.72
637130.0,3407230.0,42.6,36.8,19.8,35.72
637230.0,3407230.0,42.6,36.8,19.8,35.72
637330.0,3407230.0,42.6,36.8,19.8,35.72
637430.0,3407230.0,42.6,36.8,19.8,35.72
637530.0,3407230.0,42.6,36.8,19.8,35.72
637630.0,3407230.0,42.6,36.8,19.8,35.72
637730.0,3407230.0,42.6,36.8,19.8,35.72
637830.0,3407230.0,42.6,36.8,19.8,35.72
621230.0,3407130.0,42.6,36.8,19.8,35.72
621330.0,3407130.0,42.6,36.8,19.8,35.72
621430.0,3407130.0,42.6,36.8,19.8,35.72
621530.0,3407130.0,42.6,36.8,19.8,35.72
621630.0,3407130.0,42.6,36.8,19.8,35.72
621730.0,3407130.0,42.6,36.8,19.8,35.72
621830.0,3407130.0,42.6,36.8,19.8,35.72
621930.0,3407130.0,42.6,36.8,19.8,35.72
622030.0,3407130.0,42.6,36.8,19.8,35.72
622130.0,3407130.0,42.6,36.8,19.8,35.72
622230.0,3407130.0,42.6,36.8,19.8,35.72
622330.0,3407130.0,42.6,36.8,19.8,35.72
622430.0,3407130.0,42.6,36.8,19.8,35.72
622530.0,3407130.0,42.6,36.8,19.8,35.72
622630.0,3407130.0,42.6,36.8,19.8,35.72
622730.0,3407130.0,42.6,36.8,19.8,35.72
622830.0,3407130.0,42.6,36.8,19.8,35.72
622930.0,3407130.0,42.6,36.8,19.8,35.72
623030.0,3407130.0,42.6,36.8,19.8,35.72
623130.0,3407130.0,42.6,36.8,19.8,35.72
623230.0,3407130.0,42.6,36.8,19.8,35.72
623330.0,3407130.0,42.6,36.8,19.8,35.72
623430.0,3407130.0,42.6,36.8,19.8,35.72
623530.0,3407130.0,42.6,36.8,19.8,35.72
623630.0,3407130.0,42.6,36.8,19.8,35.72
623730.0,3407130.0,42.6,36.8,19.8,35.72
623830.0,3407130.0,42.6,36.8,19.8,35.72
623930.0,3407130.0,42.6,36.8,19.8,35.72
624030.0,3407130.0,42.6,36.8,19.8,35.72
624130.0,3407130.0,42.6,36.8,19.8,35.72
624230.0,3407130.0,42.6,36.8,19.8,35.72
624330.0,3407130.0,42.6,36.8,19.8,35.72
624430.0,3407130.0,42.6,36.8,19.8,35.72
624530.0,3407130.0,42.6,36.8,19.8,35.72
624630.0,3407130.0,42.6,36.8,19.8,35.72
624730.0,3407130.0,42.6,36.8,19.8,35.72
624830.0,3407130.0,42.6,36.8,19.8,35.72
624930.0,3407130.0,42.6,36.8,19.8,35.72
625030.0,3407130.0,42.6,36.8,19.8,35.72
625130.0,3407130.0,42.6,36.8,19.8,35.72
625230.0,3407130.0,42.6,36.8,19.8,35.72
625330.0,3407130.0,42.6,36.8,19.8,35.72
625430.0,3407130.0,42.6,36.8,19.8,35.72
625530.0,3407130.0,42.6,36.8,19.8,35.72
625630.0,3407130.0,42.6,36.8,19.8,35.72
625730.0,3407130.0,42.6,36.8,19.8,35.72
625830.0,3407130.0,42.6,36.8,19.8,35.72
625930.0,3407130.0,42.6,36.8,19.8,35.72
626030.0,3407130.0,42.6,36.8,19.8,35.72
626130.0,3407130.0,42.6,36.8,19.8,35.72
626230.0,3407130.0,42.6,36.8,19.8,35.72
626330.0,3407130.0,42.6,36.8,19.8,35.72
626430.0,3407130.0,42.6,36.8,19.8,35.72
626530.0,3407130.0,42.6,36.8,19.8,35.72
626630.0,3407130.0,42.6,36.8,19.8,35.72
626730.0,3407130.0,42.6,36.8,19.8,35.72
626830.0,3407130.0,42.6,36.8,19.8,35.72
626930.0,3407130.0,42.6,36.8,19.8,35.72
627030.0,3407130.0,42.6,36.8,19.8,35.72
627130.0,3407130.0,42.6,36.8,19.8,35.72
627230.0,3407130.0,42.6,36.8,19.8,35.72
627330.0,3407130.0,42.6,36.8,19.8,35.72
627430.0,3407130.0,42.6,36.8,19.8,35.72
627530.0,3407130.0,42.6,36.8,19.8,35.72
627630.0,3407130.0,42.6,36.8,19.8,35.72
627730.0,3407130.0,42.6,36.8,19.8,35.72
627830.0,3407130.0,42.6,36.8,19.8,35.72
627930.0,3407130.0,42.6,36.8,19.8,35.72
628030.0,3407130.0,42.6,36.8,19.8,35.72
628130.0,3407130.0,42.6,36.8,19.8,35.72
628230.0,3407130.0,42.6,36.8,19.8,35.72
628330.0,3407130.0,42.6,36.8,19.8,35.72
628430.0,3407130.0,42.6,36.8,19.8,35.72
628530.0,3407130.0,42.6,36.8,19.8,35.72
628630.0,3407130.0,42.6,36.8,19.8,35.72
628730.0,3407130.0,42.6,36.8,19.8,35.72
628830.0,3407130.0,42.6,36.8,19.8,35.72
628930.0,3407130.0,42.6,36.8,19.8,35.72
629030.0,3407130.0,42.6,36.8,19.8,35.72
629130.0,3407130.0,42.6,36.8,19.8,35.72
629230.0,3407130.0,42.6,36.8,19.8,35.72
629330.0,3407130.0,42.6,36.8,19.8,35.72
629430.0,3407130.0,42.6,36.8,19.8,35.72
629530.0,3407130.0,42.6,36.8,19.8,35.72
629630.0,3407130.0,42.6,36.8,19.8,35.72
629730.0,3407130.0,42.6,36.8,19.8,35.72
629830.0,3407130.0,42.6,36.8,19.8,35.72
629930.0,3407130.0,42.6,36.8,19.8,35.72
630030.0,3407130.0,42.6,36.8,19.8,35.72
630130.0,3407130.0,42.6,36.8,19.8,35.72
630230.0,3407130.0,42.6,36.8,19.8,35.72
630330.0,3407130.0,42.6,36.8,19.8,35.72
630430.0,3407130.0,42.6,36.8,19.8,35.72
630530.0,3407130.0,42.6,36.8,19.8,35.72
630630.0,3407130.0,42.6,36.8,19.8,35.72
630730.0,3407130.0,42.6,36.8,19.8,35.72
630830.0,3407130.0,42.6,36.8,19.8,35.72
630930.0,3407130.0,42.6,36.8,19.8,35.72
631030.0,3407130.0,42.6,36.8,19.8,35.72
631130.0,3407130.0,42.6,36.8,19.8,35.72
631230.0,3407130.0,42.6,36.8,19.8,35.72
631330.0,3407130.0,42.6,36.8,19.8,35.72
631430.0,3407130.0,42.6,36.8,19.8,35.72
631530.0,3407130.0,42.6,36.8,19.8,35.72
631630.0,3407130.0,42.6,36.8,19.8,35.72
631730.0,3407130.0,42.6,36.8,19.8,35.72
631830.0,3407130.0,42.6,36.8,19.8,35.72
631930.0,3407130.0,42.6,36.8,19.8,35.72
632030.0,3407130.0,42.6,36.8,19.8,35.72
632130.0,3407130.0,42.6,36.8,19.8,35.72
632230.0,3407130.0,42.6,36.8,19.8,35.72
632330.0,3407130.0,42.6,36.8,19.8,35.72
632430.0,3407130.0,42.6,36.8,19.8,35.72
632530.0,3407130.0,42.6,36.8,19.8,35.72
632630.0,3407130.0,42.6,36.8,19.8,35.72
632730.0,3407130.0,42.6,36.8,19.8,35.72
632830.0,3407130.0,42.6,36.8,19.8,35.72
632930.0,3407130.0,42.6,36.8,19.8,35.72
633030.0,3407130.0,42.6,36.8,19.8,35.72
633130.0,3407130.0,42.6,36.8,19.8,35.72
633230.0,3407130.0,42.6,36.8,19.8,35.72
633330.0,3407130.0,42.6,36.8,19.8,35.72
633430.0,3407130.0,42.6,36.8,19.8,35.72
633530.0,3407130.0,42.6,36.8,19.8,35.72
633630.0,3407130.0,42.6,36.8,19.8,35.72
633730.0,3407130.0,42.6,36.8,19.8,35.72
633830.0,3407130.0,42.6,36.8,19.8,35.72
633930.0,3407130.0,42.6,36.8,19.8,35.72
634030.0,3407130.0,42.6,36.8,19.8,35.72
634130.0,3407130.0,42.6,36.8,19.8,35.72
634230.0,3407130.0,42.6,36.8,19.8,35.72
634330.0,3407130.0,42.6,36.8,19.8,35.72
634430.0,3407130.0,42.6,36.8,19.8,35.72
634530.0,3407130.0,42.6,36.8,19.8,35.72
634630.0,3407130.0,42.6,36.8,19.8,35.72
634730.0,3407130.0,42.6,36.8,19.8,35.72
634830.0,3407130.0,42.6,36.8,19.8,35.72
634930.0,3407130.0,42.6,36.8,19.8,35.72
635030.0,3407130.0,42.6,36.8,19.8,35.72
635130.0,3407130.0,42.6,36.8,19.8,35.72
635230.0,3407130.0,42.6,36.8,19.8,35.72
635330.0,3407130.0,42.6,36.8,19.8,35.72
635430.0,3407130.0,42.6,36.8,19.8,35.72
635530.0,3407130.0,42.6,36.8,19.8,35.72
635630.0,3407130.0,42.6,36.8,19.8,35.72
635730.0,3407130.0,42.6,36.8,19.8,35.72
635830.0,3407130.0,42.6,36.8,19.8,35.72
635930.0,3407130.0,42.6,36.8,19.8,35.72
636030.0,3407130.0,42.6,36.8,19.8,35.72
636130.0,3407130.0,42.6,36.8,19.8,35.72
636230.0,3407130.0,42.6,36.8,19.8,35.72
636330.0,3407130.0,42.6,36.8,19.8,35.72
636430.0,3407130.0,42.6,36.8,19.8,35.72
636530.0,3407130.0,42.6,36.8,19.8,35.72
636630.0,3407130.0,42.6,36.8,19.8,35.72
636730.0,3407130.0,42.6,36.8,19.8,35.72
636830.0,3407130.0,42.6,36.8,19.8,35.72
636930.0,3407130.0,42.6,36.8,19.8,35.72
637030.0,3407130.0,42.6,36.8,19.8,35.72
637130.0,3407130.0,42.6,36.8,19.8,35.72
637230.0,3407130.0,42.6,36.8,19.8,35.72
637330.0,3407130.0,42.6,36.8,19.8,35.72
637430.0,3407130.0,42.6,36.8,19.8,35.72
637530.0,3407130.0,42.6,36.8,19.8,35.72
637630.0,3407130.0,42.6,36.8,19.8,35.72
637730.0,3407130.0,42.6,36.8,19.8,35.72
637830.0,3407130.0,42.6,36.8,19.8,35.72
621030.0,3407030.0,42.6,36.8,19.8,35.72
621130.0,3407030.0,42.6,36.8,19.8,35.72
621230.0,3407030.0,42.6,36.8,19.8,35.72
621330.0,3407030.0,42.6,36.8,19.8,35.72
621430.0,3407030.0,42.6,36.8,19.8,35.72
621530.0,3407030.0,42.6,36.8,19.8,35.72
621630.0,3407030.0,42.6,36.8,19.8,35.72
621730.0,3407030.0,42.6,36.8,19.8,35.72
621830.0,3407030.0,42.6,36.8,19.8,35.72
621930.0,3407030.0,42.6,36.8,19.8,35.72
622030.0,3407030.0,42.6,36.8,19.8,35.72
622130.0,3407030.0,42.6,36.8,19.8,35.72
622230.0,3407030.0,42.6,36.8,19.8,35.72
622330.0,3407030.0,42.6,36.8,19.8,35.72
622430.0,3407030.0,42.6,36.8,19.8,35.72
622530.0,3407030.0,42.6,36.8,19.8,35.72
622630.0,3407030.0,42.6,36.8,19.8,35.72
622730.0,3407030.0,42.6,36.8,19.8,35.72
622830.0,3407030.0,42.6,36.8,19.8,35.72
622930.0,3407030.0,42.6,36.8,19.8,35.72
623030.0,3407030.0,42.6,36.8,19.8,35.72
623130.0,3407030.0,42.6,36.8,19.8,35.72
623230.0,3407030.0,42.6,36.8,19.8,35.72
623330.0,3407030.0,42.6,36.8,19.8,35.72
623430.0,3407030.0,42.6,36.8,19.8,35.72
623530.0,3407030.0,42.6,36.8,19.8,35.72
623630.0,3407030.0,42.6,36.8,19.8,35.72
623730.0,3407030.0,42.6,36.8,19.8,35.72
623830.0,3407030.0,42.6,36.8,19.8,35.72
623930.0,3407030.0,42.6,36.8,19.8,35.72
624030.0,3407030.0,42.6,36.8,19.8,35.72
624130.0,3407030.0,42.6,36.8,19.8,35.72
624230.0,3407030.0,42.6,36.8,19.8,35.72
624330.0,3407030.0,42.6,36.8,19.8,35.72
624430.0,3407030.0,42.6,36.8,19.8,35.72
624530.0,3407030.0,42.6,36.8,19.8,35.72
624630.0,3407030.0,42.6,36.8,19.8,35.72
624730.0,3407030.0,42.6,36.8,19.8,35.72
624830.0,3407030.0,42.6,36.8,19.8,35.72
624930.0,3407030.0,42.6,36.8,19.8,35.72
625030.0,3407030.0,42.6,36.8,19.8,35.72
625130.0,3407030.0,42.6,36.8,19.8,35.72
625230.0,3407030.0,42.6,36.8,19.8,35.72
625330.0,3407030.0,42.6,36.8,19.8,35.72
625430.0,3407030.0,42.6,36.8,19.8,35.72
625530.0,3407030.0,42.6,36.8,19.8,35.72
625630.0,3407030.0,42.6,36.8,19.8,35.72
625730.0,3407030.0,42.6,36.8,19.8,35.72
625830.0,3407030.0,42.6,36.8,19.8,35.72
625930.0,3407030.0,42.6,36.8,19.8,35.72
626030.0,3407030.0,42.6,36.8,19.8,35.72
626130.0,3407030.0,42.6,36.8,19.8,35.72
626230.0,3407030.0,42.6,36.8,19.8,35.72
626330.0,3407030.0,42.6,36.8,19.8,35.72
626430.0,3407030.0,42.6,36.8,19.8,35.72
626530.0,3407030.0,42.6,36.8,19.8,35.72
626630.0,3407030.0,42.6,36.8,19.8,35.72
626730.0,3407030.0,42.6,36.8,19.8,35.72
626830.0,3407030.0,42.6,36.8,19.8,35.72
626930.0,3407030.0,42.6,36.8,19.8,35.72
627030.0,3407030.0,42.6,36.8,19.8,35.72
627130.0,3407030.0,42.6,36.8,19.8,35.72
627230.0,3407030.0,42.6,36.8,19.8,35.72
627330.0,3407030.0,42.6,36.8,19.8,35.72
627430.0,3407030.0,42.6,36.8,19.8,35.72
627530.0,3407030.0,42.6,36.8,19.8,35.72
627630.0,3407030.0,42.6,36.8,19.8,35.72
627730.0,3407030.0,42.6,36.8,19.8,35.72
627830.0,3407030.0,42.6,36.8,19.8,35.72
627930.0,3407030.0,42.6,36.8,19.8,35.72
628030.0,3407030.0,42.6,36.8,19.8,35.72
628130.0,3407030.0,42.6,36.8,19.8,35.72
628230.0,3407030.0,42.6,36.8,19.8,35.72
628330.0,3407030.0,42.6,36.8,19.8,35.72
628430.0,3407030.0,42.6,36.8,19.8,35.72
628530.0,3407030.0,42.6,36.8,19.8,35.72
628630.0,3407030.0,42.6,36.8,19.8,35.72
628730.0,3407030.0,42.6,36.8,19.8,35.72
628830.0,3407030.0,42.6,36.8,19.8,35.72
628930.0,3407030.0,42.6,36.8,19.8,35.72
629030.0,3407030.0,42.6,36.8,19.8,35.72
629130.0,3407030.0,42.6,36.8,19.8,35.72
629230.0,3407030.0,42.6,36.8,19.8,35.72
629330.0,3407030.0,42.6,36.8,19.8,35.72
629430.0,3407030.0,42.6,36.8,19.8,35.72
629530.0,3407030.0,42.6,36.8,19.8,35.72
629630.0,3407030.0,42.6,36.8,19.8,35.72
629730.0,3407030.0,42.6,36.8,19.8,35.72
629830.0,3407030.0,42.6,36.8,19.8,35.72
629930.0,3407030.0,42.6,36.8,19.8,35.72
630030.0,3407030.0,42.6,36.8,19.8,35.72
630130.0,3407030.0,42.6,36.8,19.8,35.72
630230.0,3407030.0,42.6,36.8,19.8,35.72
630330.0,3407030.0,42.6,36.8,19.8,35.72
630430.0,3407030.0,42.6,36.8,19.8,35.72
630530.0,3407030.0,42.6,36.8,19.8,35.72
630630.0,3407030.0,42.6,36.8,19.8,35.72
630730.0,3407030.0,42.6,36.8,19.8,35.72
630830.0,3407030.0,42.6,36.8,19.8,35.72
630930.0,3407030.0,42.6,36.8,19.8,35.72
631030.0,3407030.0,42.6,36.8,19.8,35.72
631130.0,3407030.0,42.6,36.8,19.8,35.72
631230.0,3407030.0,42.6,36.8,19.8,35.72
631330.0,3407030.0,42.6,36.8,19.8,35.72
631430.0,3407030.0,42.6,36.8,19.8,35.72
631530.0,3407030.0,42.6,36.8,19.8,35.72
631630.0,3407030.0,42.6,36.8,19.8,35.72
631730.0,3407030.0,42.6,36.8,19.8,35.72
631830.0,3407030.0,42.6,36.8,19.8,35.72
631930.0,3407030.0,42.6,36.8,19.8,35.72
632030.0,3407030.0,42.6,36.8,19.8,35.72
632130.0,3407030.0,42.6,36.8,19.8,35.72
632230.0,3407030.0,42.6,36.8,19.8,35.72
632330.0,3407030.0,42.6,36.8,19.8,35.72
632430.0,3407030.0,42.6,36.8,19.8,35.72
632530.0,3407030.0,42.6,36.8,19.8,35.72
632630.0,3407030.0,42.6,36.8,19.8,35.72
632730.0,3407030.0,42.6,36.8,19.8,35.72
632830.0,3407030.0,42.6,36.8,19.8,35.72
632930.0,3407030.0,42.6,36.8,19.8,35.72
633030.0,3407030.0,42.6,36.8,19.8,35.72
633130.0,3407030.0,42.6,36.8,19.8,35.72
633230.0,3407030.0,42.6,36.8,19.8,35.72
633330.0,3407030.0,42.6,36.8,19.8,35.72
633430.0,3407030.0,42.6,36.8,19.8,35.72
633530.0,3407030.0,42.6,36.8,19.8,35.72
633630.0,3407030.0,42.6,36.8,19.8,35.72
633730.0,3407030.0,42.6,36.8,19.8,35.72
633830.0,3407030.0,42.6,36.8,19.8,35.72
633930.0,3407030.0,42.6,36.8,19.8,35.72
634030.0,3407030.0,42.6,36.8,19.8,35.72
634130.0,3407030.0,42.6,36.8,19.8,35.72
634230.0,3407030.0,42.6,36.8,19.8,35.72
634330.0,3407030.0,42.6,36.8,19.8,35.72
634430.0,3407030.0,42.6,36.8,19.8,35.72
634530.0,3407030.0,42.6,36.8,19.8,35.72
634630.0,3407030.0,42.6,36.8,19.8,35.72
634730.0,3407030.0,42.6,36.8,19.8,35.72
634830.0,3407030.0,42.6,36.8,19.8,35.72
634930.0,3407030.0,42.6,36.8,19.8,35.72
635030.0,3407030.0,42.6,36.8,19.8,35.72
635130.0,3407030.0,42.6,36.8,19.8,35.72
635230.0,3407030.0,42.6,36.8,19.8,35.72
635330.0,3407030.0,42.6,36.8,19.8,35.72
635430.0,3407030.0,42.6,36.8,19.8,35.72
635530.0,3407030.0,42.6,36.8,19.8,35.72
635630.0,3407030.0,42.6,36.8,19.8,35.72
635730.0,3407030.0,42.6,36.8,19.8,35.72
635830.0,3407030.0,42.6,36.8,19.8,35.72
635930.0,3407030.0,42.6,36.8,19.8,35.72
636030.0,3407030.0,42.6,36.8,19.8,35.72
636130.0,3407030.0,42.6,36.8,19.8,35.72
636230.0,3407030.0,42.6,36.8,19.8,35.72
636330.0,3407030.0,42.6,36.8,19.8,35.72
636430.0,3407030.0,42.6,36.8,19.8,35.72
636530.0,3407030.0,42.6,36.8,19.8,35.72
636630.0,3407030.0,42.6,36.8,19.8,35.72
636730.0,3407030.0,42.6,36.8,19.8,35.72
636830.0,3407030.0,42.6,36.8,19.8,35.72
636930.0,3407030.0,42.6,36.8,19.8,35.72
637030.0,3407030.0,42.6,36.8,19.8,35.72
637130.0,3407030.0,42.6,36.8,19.8,35.72
637230.0,3407030.0,42.6,36.8,19.8,35.72
637330.0,3407030.0,42.6,36.8,19.8,35.72
637430.0,3407030.0,42.6,36.8,19.8,35.72
637530.0,3407030.0,42.6,36.8,19.8,35.72
637630.0,3407030.0,42.6,36.8,19.8,35.72
637730.0,3407030.0,42.6,36.8,19.8,35.72
637830.0,3407030.0,42.6,36.8,19.8,35.72
621030.0,3406930.0,42.6,36.8,19.8,35.72
621130.0,3406930.0,42.6,36.8,19.8,35.72
621230.0,3406930.0,42.6,36.8,19.8,35.72
621330.0,3406930.0,42.6,36.8,19.8,35.72
621430.0,3406930.0,42.6,36.8,19.8,35.72
621530.0,3406930.0,42.6,36.8,19.8,35.72
621630.0,3406930.0,42.6,36.8,19.8,35.72
621730.0,3406930.0,42.6,36.8,19.8,35.72
621830.0,3406930.0,42.6,36.8,19.8,35.72
621930.0,3406930.0,42.6,36.8,19.8,35.72
622030.0,3406930.0,42.6,36.8,19.8,35.72
622130.0,3406930.0,42.6,36.8,19.8,35.72
622230.0,3406930.0,42.6,36.8,19.8,35.72
622330.0,3406930.0,42.6,36.8,19.8,35.72
622430.0,3406930.0,42.6,36.8,19.8,35.72
622530.0,3406930.0,42.6,36.8,19.8,35.72
622630.0,3406930.0,42.6,36.8,19.8,35.72
622730.0,3406930.0,42.6,36.8,19.8,35.72
622830.0,3406930.0,42.6,36.8,19.8,35.72
622930.0,3406930.0,42.6,36.8,19.8,35.72
623030.0,3406930.0,42.6,36.8,19.8,35.72
623130.0,3406930.0,42.6,36.8,19.8,35.72
623230.0,3406930.0,42.6,36.8,19.8,35.72
623330.0,3406930.0,42.6,36.8,19.8,35.72
623430.0,3406930.0,42.6,36.8,19.8,35.72
623530.0,3406930.0,42.6,36.8,19.8,35.72
623630.0,3406930.0,42.6,36.8,19.8,35.72
623730.0,3406930.0,42.6,36.8,19.8,35.72
623830.0,3406930.0,42.6,36.8,19.8,35.72
623930.0,3406930.0,42.6,36.8,19.8,35.72
624030.0,3406930.0,42.6,36.8,19.8,35.72
624130.0,3406930.0,42.6,36.8,19.8,35.72
624230.0,3406930.0,42.6,36.8,19.8,35.72
624330.0,3406930.0,42.6,36.8,19.8,35.72
624430.0,3406930.0,42.6,36.8,19.8,35.72
624530.0,3406930.0,42.6,36.8,19.8,35.72
624630.0,3406930.0,42.6,36.8,19.8,35.72
624730.0,3406930.0,42.6,36.8,19.8,35.72
624830.0,3406930.0,42.6,36.8,19.8,35.72
624930.0,3406930.0,42.6,36.8,19.8,35.72
625030.0,3406930.0,42.6,36.8,19.8,35.72
625130.0,3406930.0,42.6,36.8,19.8,35.72
625230.0,3406930.0,42.6,36.8,19.8,35.72
625330.0,3406930.0,42.6,36.8,19.8,35.72
625430.0,3406930.0,42.6,36.8,19.8,35.72
625530.0,3406930.0,42.6,36.8,19.8,35.72
625630.0,3406930.0,42.6,36.8,19.8,35.72
625730.0,3406930.0,42.6,36.8,19.8,35.72
625830.0,3406930.0,42.6,36.8,19.8,35.72
625930.0,3406930.0,42.6,36.8,19.8,35.72
626030.0,3406930.0,42.6,36.8,19.8,35.72
626130.0,3406930.0,42.6,36.8,19.8,35.72
626230.0,3406930.0,42.6,36.8,19.8,35.72
626330.0,3406930.0,42.6,36.8,19.8,35.72
626430.0,3406930.0,42.6,36.8,19.8,35.72
626530.0,3406930.0,42.6,36.8,19.8,35.72
626630.0,3406930.0,42.6,36.8,19.8,35.72
626730.0,3406930.0,42.6,36.8,19.8,35.72
626830.0,3406930.0,42.6,36.8,19.8,35.72
626930.0,3406930.0,42.6,36.8,19.8,35.72
627030.0,3406930.0,42.6,36.8,19.8,35.72
627130.0,3406930.0,42.6,36.8,19.8,35.72
627230.0,3406930.0,42.6,36.8,19.8,35.72
627330.0,3406930.0,42.6,36.8,19.8,35.72
627430.0,3406930.0,42.6,36.8,19.8,35.72
627530.0,3406930.0,42.6,36.8,19.8,35.72
627630.0,3406930.0,42.6,36.8,19.8,35.72
627730.0,3406930.0,42.6,36.8,19.8,35.72
627830.0,3406930.0,42.6,36.8,19.8,35.72
627930.0,3406930.0,42.6,36.8,19.8,35.72
628030.0,3406930.0,42.6,36.8,19.8,35.72
628130.0,3406930.0,42.6,36.8,19.8,35.72
628230.0,3406930.0,42.6,36.8,19.8,35.72
628330.0,3406930.0,42.6,36.8,19.8,35.72
628430.0,3406930.0,42.6,36.8,19.8,35.72
628530.0,3406930.0,42.6,36.8,19.8,35.72
628630.0,3406930.0,42.6,36.8,19.8,35.72
628730.0,3406930.0,42.6,36.8,19.8,35.72
628830.0,3406930.0,42.6,36.8,19.8,35.72
628930.0,3406930.0,42.6,36.8,19.8,35.72
629030.0,3406930.0,42.6,36.8,19.8,35.72
629130.0,3406930.0,42.6,36.8,19.8,35.72
629230.0,3406930.0,42.6,36.8,19.8,35.72
629330.0,3406930.0,42.6,36.8,19.8,35.72
629430.0,3406930.0,42.6,36.8,19.8,35.72
629530.0,3406930.0,42.6,36.8,19.8,35.72
629630.0,3406930.0,42.6,36.8,19.8,35.72
629730.0,3406930.0,42.6,36.8,19.8,35.72
629830.0,3406930.0,42.6,36.8,19.8,35.72
629930.0,3406930.0,42.6,36.8,19.8,35.72
630030.0,3406930.0,42.6,36.8,19.8,35.72
630130.0,3406930.0,42.6,36.8,19.8,35.72
630230.0,3406930.0,42.6,36.8,19.8,35.72
630330.0,3406930.0,42.6,36.8,19.8,35.72
630430.0,3406930.0,42.6,36.8,19.8,35.72
630530.0,3406930.0,42.6,36.8,19.8,35.72
630630.0,3406930.0,42.6,36.8,19.8,35.72
630730.0,3406930.0,42.6,36.8,19.8,35.72
630830.0,3406930.0,42.6,36.8,19.8,35.72
630930.0,3406930.0,42.6,36.8,19.8,35.72
631030.0,3406930.0,42.6,36.8,19.8,35.72
631130.0,3406930.0,42.6,36.8,19.8,35.72
631230.0,3406930.0,42.6,36.8,19.8,35.72
631330.0,3406930.0,42.6,36.8,19.8,35.72
631430.0,3406930.0,42.6,36.8,19.8,35.72
631530.0,3406930.0,42.6,36.8,19.8,35.72
631630.0,3406930.0,42.6,36.8,19.8,35.72
631730.0,3406930.0,42.6,36.8,19.8,35.72
631830.0,3406930.0,42.6,36.8,19.8,35.72
631930.0,3406930.0,42.6,36.8,19.8,35.72
632030.0,3406930.0,42.6,36.8,19.8,35.72
632130.0,3406930.0,42.6,36.8,19.8,35.72
632230.0,3406930.0,42.6,36.8,19.8,35.72
632330.0,3406930.0,42.6,36.8,19.8,35.72
632430.0,3406930.0,42.6,36.8,19.8,35.72
632530.0,3406930.0,42.6,36.8,19.8,35.72
632630.0,3406930.0,42.6,36.8,19.8,35.72
632730.0,3406930.0,42.6,36.8,19.8,35.72
632830.0,3406930.0,42.6,36.8,19.8,35.72
632930.0,3406930.0,42.6,36.8,19.8,35.72
633030.0,3406930.0,42.6,36.8,19.8,35.72
633130.0,3406930.0,42.6,36.8,19.8,35.72
633230.0,3406930.0,42.6,36.8,19.8,35.72
633330.0,3406930.0,42.6,36.8,19.8,35.72
633430.0,3406930.0,42.6,36.8,19.8,35.72
633530.0,3406930.0,42.6,36.8,19.8,35.72
633630.0,3406930.0,42.6,36.8,19.8,35.72
633730.0,3406930.0,42.6,36.8,19.8,35.72
633830.0,3406930.0,42.6,36.8,19.8,35.72
633930.0,3406930.0,42.6,36.8,19.8,35.72
634030.0,3406930.0,42.6,36.8,19.8,35.72
634130.0,3406930.0,42.6,36.8,19.8,35.72
634230.0,3406930.0,42.6,36.8,19.8,35.72
634330.0,3406930.0,42.6,36.8,19.8,35.72
634430.0,3406930.0,42.6,36.8,19.8,35.72
634530.0,3406930.0,42.6,36.8,19.8,35.72
634630.0,3406930.0,42.6,36.8,19.8,35.72
634730.0,3406930.0,42.6,36.8,19.8,35.72
634830.0,3406930.0,42.6,36.8,19.8,35.72
634930.0,3406930.0,42.6,36.8,19.8,35.72
635030.0,3406930.0,42.6,36.8,19.8,35.72
635130.0,3406930.0,42.6,36.8,19.8,35.72
635230.0,3406930.0,42.6,36.8,19.8,35.72
635330.0,3406930.0,42.6,36.8,19.8,35.72
635430.0,3406930.0,42.6,36.8,19.8,35.72
635530.0,3406930.0,42.6,36.8,19.8,35.72
635630.0,3406930.0,42.6,36.8,19.8,35.72
635730.0,3406930.0,42.6,36.8,19.8,35.72
635830.0,3406930.0,42.6,36.8,19.8,35.72
635930.0,3406930.0,42.6,36.8,19.8,35.72
636030.0,3406930.0,42.6,36.8,19.8,35.72
636130.0,3406930.0,42.6,36.8,19.8,35.72
636230.0,3406930.0,42.6,36.8,19.8,35.72
636330.0,3406930.0,42.6,36.8,19.8,35.72
636430.0,3406930.0,42.6,36.8,19.8,35.72
636530.0,3406930.0,42.6,36.8,19.8,35.72
636630.0,3406930.0,42.6,36.8,19.8,35.72
636730.0,3406930.0,42.6,36.8,19.8,35.72
636830.0,3406930.0,42.6,36.8,19.8,35.72
636930.0,3406930.0,42.6,36.8,19.8,35.72
637030.0,3406930.0,42.6,36.8,19.8,35.72
637130.0,3406930.0,42.6,36.8,19.8,35.72
637230.0,3406930.0,42.6,36.8,19.8,35.72
637330.0,3406930.0,42.6,36.8,19.8,35.72
637430.0,3406930.0,42.6,36.8,19.8,35.72
637530.0,3406930.0,42.6,36.8,19.8,35.72
637630.0,3406930.0,42.6,36.8,19.8,35.72
637730.0,3406930.0,42.6,36.8,19.8,35.72
637830.0,3406930.0,42.6,36.8,19.8,35.72
620930.0,3406830.0,42.6,36.8,19.8,35.72
621030.0,3406830.0,42.6,36.8,19.8,35.72
621130.0,3406830.0,42.6,36.8,19.8,35.72
621230.0,3406830.0,42.6,36.8,19.8,35.72
621330.0,3406830.0,42.6,36.8,19.8,35.72
621430.0,3406830.0,42.6,36.8,19.8,35.72
621530.0,3406830.0,42.6,36.8,19.8,35.72
621630.0,3406830.0,42.6,36.8,19.8,35.72
621730.0,3406830.0,42.6,36.8,19.8,35.72
621830.0,3406830.0,42.6,36.8,19.8,35.72
621930.0,3406830.0,42.6,36.8,19.8,35.72
622030.0,3406830.0,42.6,36.8,19.8,35.72
622130.0,3406830.0,42.6,36.8,19.8,35.72
622230.0,3406830.0,42.6,36.8,19.8,35.72
622330.0,3406830.0,42.6,36.8,19.8,35.72
622430.0,3406830.0,42.6,36.8,19.8,35.72
622530.0,3406830.0,42.6,36.8,19.8,35.72
622630.0,3406830.0,42.6,36.8,19.8,35.72
622730.0,3406830.0,42.6,36.8,19.8,35.72
622830.0,3406830.0,42.6,36.8,19.8,35.72
622930.0,3406830.0,42.6,36.8,19.8,35.72
623030.0,3406830.0,42.6,36.8,19.8,35.72
623130.0,3406830.0,42.6,36.8,19.8,35.72
623230.0,3406830.0,42.6,36.8,19.8,35.72
623330.0,3406830.0,42.6,36.8,19.8,35.72
623430.0,3406830.0,42.6,36.8,19.8,35.72
623530.0,3406830.0,42.6,36.8,19.8,35.72
623630.0,3406830.0,42.6,36.8,19.8,35.72
623730.0,3406830.0,42.6,36.8,19.8,35.72
623830.0,3406830.0,42.6,36.8,19.8,35.72
623930.0,3406830.0,42.6,36.8,19.8,35.72
624030.0,3406830.0,42.6,36.8,19.8,35.72
624130.0,3406830.0,42.6,36.8,19.8,35.72
624230.0,3406830.0,42.6,36.8,19.8,35.72
624330.0,3406830.0,42.6,36.8,19.8,35.72
624430.0,3406830.0,42.6,36.8,19.8,35.72
624530.0,3406830.0,42.6,36.8,19.8,35.72
624630.0,3406830.0,42.6,36.8,19.8,35.72
624730.0,3406830.0,42.6,36.8,19.8,35.72
624830.0,3406830.0,42.6,36.8,19.8,35.72
624930.0,3406830.0,42.6,36.8,19.8,35.72
625030.0,3406830.0,42.6,36.8,19.8,35.72
625130.0,3406830.0,42.6,36.8,19.8,35.72
625230.0,3406830.0,42.6,36.8,19.8,35.72
625330.0,3406830.0,42.6,36.8,19.8,35.72
625430.0,3406830.0,42.6,36.8,19.8,35.72
625530.0,3406830.0,42.6,36.8,19.8,35.72
625630.0,3406830.0,42.6,36.8,19.8,35.72
625730.0,3406830.0,42.6,36.8,19.8,35.72
625830.0,3406830.0,42.6,36.8,19.8,35.72
625930.0,3406830.0,42.6,36.8,19.8,35.72
626030.0,3406830.0,42.6,36.8,19.8,35.72
626130.0,3406830.0,42.6,36.8,19.8,35.72
626230.0,3406830.0,42.6,36.8,19.8,35.72
626330.0,3406830.0,42.6,36.8,19.8,35.72
626430.0,3406830.0,42.6,36.8,19.8,35.72
626530.0,3406830.0,42.6,36.8,19.8,35.72
626630.0,3406830.0,42.6,36.8,19.8,35.72
626730.0,3406830.0,42.6,36.8,19.8,35.72
626830.0,3406830.0,42.6,36.8,19.8,35.72
626930.0,3406830.0,42.6,36.8,19.8,35.72
627030.0,3406830.0,42.6,36.8,19.8,35.72
627130.0,3406830.0,42.6,36.8,19.8,35.72
627230.0,3406830.0,42.6,36.8,19.8,35.72
627330.0,3406830.0,42.6,36.8,19.8,35.72
627430.0,3406830.0,42.6,36.8,19.8,35.72
627530.0,3406830.0,42.6,36.8,19.8,35.72
627630.0,3406830.0,42.6,36.8,19.8,35.72
627730.0,3406830.0,42.6,36.8,19.8,35.72
627830.0,3406830.0,42.6,36.8,19.8,35.72
627930.0,3406830.0,42.6,36.8,19.8,35.72
628030.0,3406830.0,42.6,36.8,19.8,35.72
628130.0,3406830.0,42.6,36.8,19.8,35.72
628230.0,3406830.0,42.6,36.8,19.8,35.72
628330.0,3406830.0,42.6,36.8,19.8,35.72
628430.0,3406830.0,42.6,36.8,19.8,35.72
628530.0,3406830.0,42.6,36.8,19.8,35.72
628630.0,3406830.0,42.6,36.8,19.8,35.72
628730.0,3406830.0,42.6,36.8,19.8,35.72
628830.0,3406830.0,42.6,36.8,19.8,35.72
628930.0,3406830.0,42.6,36.8,19.8,35.72
629030.0,3406830.0,42.6,36.8,19.8,35.72
629130.0,3406830.0,42.6,36.8,19.8,35.72
629230.0,3406830.0,42.6,36.8,19.8,35.72
629330.0,3406830.0,42.6,36.8,19.8,35.72
629430.0,3406830.0,42.6,36.8,19.8,35.72
629530.0,3406830.0,42.6,36.8,19.8,35.72
629630.0,3406830.0,42.6,36.8,19.8,35.72
629730.0,3406830.0,42.6,36.8,19.8,35.72
629830.0,3406830.0,42.6,36.8,19.8,35.72
629930.0,3406830.0,42.6,36.8,19.8,35.72
630030.0,3406830.0,42.6,36.8,19.8,35.72
630130.0,3406830.0,42.6,36.8,19.8,35.72
630230.0,3406830.0,42.6,36.8,19.8,35.72
630330.0,3406830.0,42.6,36.8,19.8,35.72
630430.0,3406830.0,42.6,36.8,19.8,35.72
630530.0,3406830.0,42.6,36.8,19.8,35.72
630630.0,3406830.0,42.6,36.8,19.8,35.72
630730.0,3406830.0,42.6,36.8,19.8,35.72
630830.0,3406830.0,42.6,36.8,19.8,35.72
630930.0,3406830.0,42.6,36.8,19.8,35.72
631030.0,3406830.0,42.6,36.8,19.8,35.72
631130.0,3406830.0,42.6,36.8,19.8,35.72
631230.0,3406830.0,42.6,36.8,19.8,35.72
631330.0,3406830.0,42.6,36.8,19.8,35.72
631430.0,3406830.0,42.6,36.8,19.8,35.72
631530.0,3406830.0,42.6,36.8,19.8,35.72
631630.0,3406830.0,42.6,36.8,19.8,35.72
631730.0,3406830.0,42.6,36.8,19.8,35.72
631830.0,3406830.0,42.6,36.8,19.8,35.72
631930.0,3406830.0,42.6,36.8,19.8,35.72
632030.0,3406830.0,42.6,36.8,19.8,35.72
632130.0,3406830.0,42.6,36.8,19.8,35.72
632230.0,3406830.0,42.6,36.8,19.8,35.72
632330.0,3406830.0,42.6,36.8,19.8,35.72
632430.0,3406830.0,42.6,36.8,19.8,35.72
632530.0,3406830.0,42.6,36.8,19.8,35.72
632630.0,3406830.0,42.6,36.8,19.8,35.72
632730.0,3406830.0,42.6,36.8,19.8,35.72
632830.0,3406830.0,42.6,36.8,19.8,35.72
632930.0,3406830.0,42.6,36.8,19.8,35.72
633030.0,3406830.0,42.6,36.8,19.8,35.72
633130.0,3406830.0,42.6,36.8,19.8,35.72
633230.0,3406830.0,42.6,36.8,19.8,35.72
633330.0,3406830.0,42.6,36.8,19.8,35.72
633430.0,3406830.0,42.6,36.8,19.8,35.72
633530.0,3406830.0,42.6,36.8,19.8,35.72
633630.0,3406830.0,42.6,36.8,19.8,35.72
633730.0,3406830.0,42.6,36.8,19.8,35.72
633830.0,3406830.0,42.6,36.8,19.8,35.72
633930.0,3406830.0,42.6,36.8,19.8,35.72
634030.0,3406830.0,42.6,36.8,19.8,35.72
634130.0,3406830.0,42.6,36.8,19.8,35.72
634230.0,3406830.0,42.6,36.8,19.8,35.72
634330.0,3406830.0,42.6,36.8,19.8,35.72
634430.0,3406830.0,42.6,36.8,19.8,35.72
634530.0,3406830.0,42.6,36.8,19.8,35.72
634630.0,3406830.0,42.6,36.8,19.8,35.72
634730.0,3406830.0,42.6,36.8,19.8,35.72
634830.0,3406830.0,42.6,36.8,19.8,35.72
634930.0,3406830.0,42.6,36.8,19.8,35.72
635030.0,3406830.0,42.6,36.8,19.8,35.72
635130.0,3406830.0,42.6,36.8,19.8,35.72
635230.0,3406830.0,42.6,36.8,19.8,35.72
635330.0,3406830.0,42.6,36.8,19.8,35.72
635430.0,3406830.0,42.6,36.8,19.8,35.72
635530.0,3406830.0,42.6,36.8,19.8,35.72
635630.0,3406830.0,42.6,36.8,19.8,35.72
635730.0,3406830.0,42.6,36.8,19.8,35.72
635830.0,3406830.0,42.6,36.8,19.8,35.72
635930.0,3406830.0,42.6,36.8,19.8,35.72
636030.0,3406830.0,42.6,36.8,19.8,35.72
636130.0,3406830.0,42.6,36.8,19.8,35.72
636230.0,3406830.0,42.6,36.8,19.8,35.72
636330.0,3406830.0,42.6,36.8,19.8,35.72
636430.0,3406830.0,42.6,36.8,19.8,35.72
636530.0,3406830.0,42.6,36.8,19.8,35.72
636630.0,3406830.0,42.6,36.8,19.8,35.72
636730.0,3406830.0,42.6,36.8,19.8,35.72
636830.0,3406830.0,42.6,36.8,19.8,35.72
636930.0,3406830.0,42.6,36.8,19.8,35.72
637030.0,3406830.0,42.6,36.8,19.8,35.72
637130.0,3406830.0,42.6,36.8,19.8,35.72
637230.0,3406830.0,42.6,36.8,19.8,35.72
637330.0,3406830.0,42.6,36.8,19.8,35.72
637430.0,3406830.0,42.6,36.8,19.8,35.72
637530.0,3406830.0,42.6,36.8,19.8,35.72
637630.0,3406830.0,42.6,36.8,19.8,35.72
637730.0,3406830.0,42.6,36.8,19.8,35.72
637830.0,3406830.0,42.6,36.8,19.8,35.72
620830.0,3406730.0,42.6,36.8,19.8,35.72
620930.0,3406730.0,42.6,36.8,19.8,35.72
621030.0,3406730.0,42.6,36.8,19.8,35.72
621130.0,3406730.0,42.6,36.8,19.8,35.72
621230.0,3406730.0,42.6,36.8,19.8,35.72
621330.0,3406730.0,42.6,36.8,19.8,35.72
621430.0,3406730.0,42.6,36.8,19.8,35.72
621530.0,3406730.0,42.6,36.8,19.8,35.72
621630.0,3406730.0,42.6,36.8,19.8,35.72
621730.0,3406730.0,42.6,36.8,19.8,35.72
621830.0,3406730.0,42.6,36.8,19.8,35.72
621930.0,3406730.0,42.6,36.8,19.8,35.72
622030.0,3406730.0,42.6,36.8,19.8,35.72
622130.0,3406730.0,42.6,36.8,19.8,35.72
622230.0,3406730.0,42.6,36.8,19.8,35.72
622330.0,3406730.0,42.6,36.8,19.8,35.72
622430.0,3406730.0,42.6,36.8,19.8,35.72
622530.0,3406730.0,42.6,36.8,19.8,35.72
622630.0,3406730.0,42.6,36.8,19.8,35.72
622730.0,3406730.0,42.6,36.8,19.8,35.72
622830.0,3406730.0,42.6,36.8,19.8,35.72
622930.0,3406730.0,42.6,36.8,19.8,35.72
623030.0,3406730.0,42.6,36.8,19.8,35.72
623130.0,3406730.0,42.6,36.8,19.8,35.72
623230.0,3406730.0,42.6,36.8,19.8,35.72
623330.0,3406730.0,42.6,36.8,19.8,35.72
623430.0,3406730.0,42.6,36.8,19.8,35.72
623530.0,3406730.0,42.6,36.8,19.8,35.72
623630.0,3406730.0,42.6,36.8,19.8,35.72
623730.0,3406730.0,42.6,36.8,19.8,35.72
623830.0,3406730.0,42.6,36.8,19.8,35.72
623930.0,3406730.0,42.6,36.8,19.8,35.72
624030.0,3406730.0,42.6,36.8,19.8,35.72
624130.0,3406730.0,42.6,36.8,19.8,35.72
624230.0,3406730.0,42.6,36.8,19.8,35.72
624330.0,3406730.0,42.6,36.8,19.8,35.72
624430.0,3406730.0,42.6,36.8,19.8,35.72
624530.0,3406730.0,42.6,36.8,19.8,35.72
624630.0,3406730.0,42.6,36.8,19.8,35.72
624730.0,3406730.0,42.6,36.8,19.8,35.72
624830.0,3406730.0,42.6,36.8,19.8,35.72
624930.0,3406730.0,42.6,36.8,19.8,35.72
625030.0,3406730.0,42.6,36.8,19.8,35.72
625130.0,3406730.0,42.6,36.8,19.8,35.72
625230.0,3406730.0,42.6,36.8,19.8,35.72
625330.0,3406730.0,42.6,36.8,19.8,35.72
625430.0,3406730.0,42.6,36.8,19.8,35.72
625530.0,3406730.0,42.6,36.8,19.8,35.72
625630.0,3406730.0,42.6,36.8,19.8,35.72
625730.0,3406730.0,42.6,36.8,19.8,35.72
625830.0,3406730.0,42.6,36.8,19.8,35.72
625930.0,3406730.0,42.6,36.8,19.8,35.72
626030.0,3406730.0,42.6,36.8,19.8,35.72
626130.0,3406730.0,42.6,36.8,19.8,35.72
626230.0,3406730.0,42.6,36.8,19.8,35.72
626330.0,3406730.0,42.6,36.8,19.8,35.72
626430.0,3406730.0,42.6,36.8,19.8,35.72
626530.0,3406730.0,42.6,36.8,19.8,35.72
626630.0,3406730.0,42.6,36.8,19.8,35.72
626730.0,3406730.0,42.6,36.8,19.8,35.72
626830.0,3406730.0,42.6,36.8,19.8,35.72
626930.0,3406730.0,42.6,36.8,19.8,35.72
627030.0,3406730.0,42.6,36.8,19.8,35.72
627130.0,3406730.0,42.6,36.8,19.8,35.72
627230.0,3406730.0,42.6,36.8,19.8,35.72
627330.0,3406730.0,42.6,36.8,19.8,35.72
627430.0,3406730.0,42.6,36.8,19.8,35.72
627530.0,3406730.0,42.6,36.8,19.8,35.72
627630.0,3406730.0,42.6,36.8,19.8,35.72
627730.0,3406730.0,42.6,36.8,19.8,35.72
627830.0,3406730.0,42.6,36.8,19.8,35.72
627930.0,3406730.0,42.6,36.8,19.8,35.72
628030.0,3406730.0,42.6,36.8,19.8,35.72
628130.0,3406730.0,42.6,36.8,19.8,35.72
628230.0,3406730.0,42.6,36.8,19.8,35.72
628330.0,3406730.0,42.6,36.8,19.8,35.72
628430.0,3406730.0,42.6,36.8,19.8,35.72
628530.0,3406730.0,42.6,36.8,19.8,35.72
628630.0,3406730.0,42.6,36.8,19.8,35.72
628730.0,3406730.0,42.6,36.8,19.8,35.72
628830.0,3406730.0,42.6,36.8,19.8,35.72
628930.0,3406730.0,42.6,36.8,19.8,35.72
629030.0,3406730.0,42.6,36.8,19.8,35.72
629130.0,3406730.0,42.6,36.8,19.8,35.72
629230.0,3406730.0,42.6,36.8,19.8,35.72
629330.0,3406730.0,42.6,36.8,19.8,35.72
629430.0,3406730.0,42.6,36.8,19.8,35.72
629530.0,3406730.0,42.6,36.8,19.8,35.72
629630.0,3406730.0,42.6,36.8,19.8,35.72
629730.0,3406730.0,42.6,36.8,19.8,35.72
629830.0,3406730.0,42.6,36.8,19.8,35.72
629930.0,3406730.0,42.6,36.8,19.8,35.72
630030.0,3406730.0,42.6,36.8,19.8,35.72
630130.0,3406730.0,42.6,36.8,19.8,35.72
630230.0,3406730.0,42.6,36.8,19.8,35.72
630330.0,3406730.0,42.6,36.8,19.8,35.72
630430.0,3406730.0,42.6,36.8,19.8,35.72
630530.0,3406730.0,42.6,36.8,19.8,35.72
630630.0,3406730.0,42.6,36.8,19.8,35.72
630730.0,3406730.0,42.6,36.8,19.8,35.72
630830.0,3406730.0,42.6,36.8,19.8,35.72
630930.0,3406730.0,42.6,36.8,19.8,35.72
631030.0,3406730.0,42.6,36.8,19.8,35.72
631130.0,3406730.0,42.6,36.8,19.8,35.72
631230.0,3406730.0,42.6,36.8,19.8,35.72
631330.0,3406730.0,42.6,36.8,19.8,35.72
631430.0,3406730.0,42.6,36.8,19.8,35.72
631530.0,3406730.0,42.6,36.8,19.8,35.72
631630.0,3406730.0,42.6,36.8,19.8,35.72
631730.0,3406730.0,42.6,36.8,19.8,35.72
631830.0,3406730.0,42.6,36.8,19.8,35.72
631930.0,3406730.0,42.6,36.8,19.8,35.72
632030.0,3406730.0,42.6,36.8,19.8,35.72
632130.0,3406730.0,42.6,36.8,19.8,35.72
632230.0,3406730.0,42.6,36.8,19.8,35.72
632330.0,3406730.0,42.6,36.8,19.8,35.72
632430.0,3406730.0,42.6,36.8,19.8,35.72
632530.0,3406730.0,42.6,36.8,19.8,35.72
632630.0,3406730.0,42.6,36.8,19.8,35.72
632730.0,3406730.0,42.6,36.8,19.8,35.72
632830.0,3406730.0,42.6,36.8,19.8,35.72
632930.0,3406730.0,42.6,36.8,19.8,35.72
633030.0,3406730.0,42.6,36.8,19.8,35.72
633130.0,3406730.0,42.6,36.8,19.8,35.72
633230.0,3406730.0,42.6,36.8,19.8,35.72
633330.0,3406730.0,42.6,36.8,19.8,35.72
633430.0,3406730.0,42.6,36.8,19.8,35.72
633530.0,3406730.0,42.6,36.8,19.8,35.72
633630.0,3406730.0,42.6,36.8,19.8,35.72
633730.0,3406730.0,42.6,36.8,19.8,35.72
633830.0,3406730.0,42.6,36.8,19.8,35.72
633930.0,3406730.0,42.6,36.8,19.8,35.72
634030.0,3406730.0,42.6,36.8,19.8,35.72
634130.0,3406730.0,42.6,36.8,19.8,35.72
634230.0,3406730.0,42.6,36.8,19.8,35.72
634330.0,3406730.0,42.6,36.8,19.8,35.72
634430.0,3406730.0,42.6,36.8,19.8,35.72
634530.0,3406730.0,42.6,36.8,19.8,35.72
634630.0,3406730.0,42.6,36.8,19.8,35.72
634730.0,3406730.0,42.6,36.8,19.8,35.72
634830.0,3406730.0,42.6,36.8,19.8,35.72
634930.0,3406730.0,42.6,36.8,19.8,35.72
635030.0,3406730.0,42.6,36.8,19.8,35.72
635130.0,3406730.0,42.6,36.8,19.8,35.72
635230.0,3406730.0,42.6,36.8,19.8,35.72
635330.0,3406730.0,42.6,36.8,19.8,35.72
635430.0,3406730.0,42.6,36.8,19.8,35.72
635530.0,3406730.0,42.6,36.8,19.8,35.72
635630.0,3406730.0,42.6,36.8,19.8,35.72
635730.0,3406730.0,42.6,36.8,19.8,35.72
635830.0,3406730.0,42.6,36.8,19.8,35.72
635930.0,3406730.0,42.6,36.8,19.8,35.72
636030.0,3406730.0,42.6,36.8,19.8,35.72
636130.0,3406730.0,42.6,36.8,19.8,35.72
636230.0,3406730.0,42.6,36.8,19.8,35.72
636330.0,3406730.0,42.6,36.8,19.8,35.72
636430.0,3406730.0,42.6,36.8,19.8,35.72
636530.0,3406730.0,42.6,36.8,19.8,35.72
636630.0,3406730.0,42.6,36.8,19.8,35.72
636730.0,3406730.0,42.6,36.8,19.8,35.72
636830.0,3406730.0,42.6,36.8,19.8,35.72
636930.0,3406730.0,42.6,36.8,19.8,35.72
637030.0,3406730.0,42.6,36.8,19.8,35.72
637130.0,3406730.0,42.6,36.8,19.8,35.72
637230.0,3406730.0,42.6,36.8,19.8,35.72
637330.0,3406730.0,42.6,36.8,19.8,35.72
637430.0,3406730.0,42.6,36.8,19.8,35.72
637530.0,3406730.0,42.6,36.8,19.8,35.72
637630.0,3406730.0,42.6,36.8,19.8,35.72
637730.0,3406730.0,42.6,36.8,19.8,35.72
637830.0,3406730.0,42.6,36.8,19.8,35.72
620830.0,3406630.0,42.6,36.8,19.8,35.72
620930.0,3406630.0,42.6,36.8,19.8,35.72
621030.0,3406630.0,42.6,36.8,19.8,35.72
621130.0,3406630.0,42.6,36.8,19.8,35.72
621230.0,3406630.0,42.6,36.8,19.8,35.72
621330.0,3406630.0,42.6,36.8,19.8,35.72
621430.0,3406630.0,42.6,36.8,19.8,35.72
621530.0,3406630.0,42.6,36.8,19.8,35.72
621630.0,3406630.0,42.6,36.8,19.8,35.72
621730.0,3406630.0,42.6,36.8,19.8,35.72
621830.0,3406630.0,42.6,36.8,19.8,35.72
621930.0,3406630.0,42.6,36.8,19.8,35.72
622030.0,3406630.0,42.6,36.8,19.8,35.72
622130.0,3406630.0,42.6,36.8,19.8,35.72
622230.0,3406630.0,42.6,36.8,19.8,35.72
622330.0,3406630.0,42.6,36.8,19.8,35.72
622430.0,3406630.0,42.6,36.8,19.8,35.72
622530.0,3406630.0,42.6,36.8,19.8,35.72
622630.0,3406630.0,42.6,36.8,19.8,35.72
622730.0,3406630.0,42.6,36.8,19.8,35.72
622830.0,3406630.0,42.6,36.8,19.8,35.72
622930.0,3406630.0,42.6,36.8,19.8,35.72
623030.0,3406630.0,42.6,36.8,19.8,35.72
623130.0,3406630.0,42.6,36.8,19.8,35.72
623230.0,3406630.0,42.6,36.8,19.8,35.72
623330.0,3406630.0,42.6,36.8,19.8,35.72
623430.0,3406630.0,42.6,36.8,19.8,35.72
623530.0,3406630.0,42.6,36.8,19.8,35.72
623630.0,3406630.0,42.6,36.8,19.8,35.72
623730.0,3406630.0,42.6,36.8,19.8,35.72
623830.0,3406630.0,42.6,36.8,19.8,35.72
623930.0,3406630.0,42.6,36.8,19.8,35.72
624030.0,3406630.0,42.6,36.8,19.8,35.72
624130.0,3406630.0,42.6,36.8,19.8,35.72
624230.0,3406630.0,42.6,36.8,19.8,35.72
624330.0,3406630.0,42.6,36.8,19.8,35.72
624430.0,3406630.0,42.6,36.8,19.8,35.72
624530.0,3406630.0,42.6,36.8,19.8,35.72
624630.0,3406630.0,42.6,36.8,19.8,35.72
624730.0,3406630.0,42.6,36.8,19.8,35.72
624830.0,3406630.0,42.6,36.8,19.8,35.72
624930.0,3406630.0,42.6,36.8,19.8,35.72
625030.0,3406630.0,42.6,36.8,19.8,35.72
625130.0,3406630.0,42.6,36.8,19.8,35.72
625230.0,3406630.0,42.6,36.8,19.8,35.72
625330.0,3406630.0,42.6,36.8,19.8,35.72
625430.0,3406630.0,42.6,36.8,19.8,35.72
625530.0,3406630.0,42.6,36.8,19.8,35.72
625630.0,3406630.0,42.6,36.8,19.8,35.72
625730.0,3406630.0,42.6,36.8,19.8,35.72
625830.0,3406630.0,42.6,36.8,19.8,35.72
625930.0,3406630.0,42.6,36.8,19.8,35.72
626030.0,3406630.0,42.6,36.8,19.8,35.72
626130.0,3406630.0,42.6,36.8,19.8,35.72
626230.0,3406630.0,42.6,36.8,19.8,35.72
626330.0,3406630.0,42.6,36.8,19.8,35.72
626430.0,3406630.0,42.6,36.8,19.8,35.72
626530.0,3406630.0,42.6,36.8,19.8,35.72
626630.0,3406630.0,42.6,36.8,19.8,35.72
626730.0,3406630.0,42.6,36.8,19.8,35.72
626830.0,3406630.0,42.6,36.8,19.8,35.72
626930.0,3406630.0,42.6,36.8,19.8,35.72
627030.0,3406630.0,42.6,36.8,19.8,35.72
627130.0,3406630.0,42.6,36.8,19.8,35.72
627230.0,3406630.0,42.6,36.8,19.8,35.72
627330.0,3406630.0,42.6,36.8,19.8,35.72
627430.0,3406630.0,42.6,36.8,19.8,35.72
627530.0,3406630.0,42.6,36.8,19.8,35.72
627630.0,3406630.0,42.6,36.8,19.8,35.72
627730.0,3406630.0,42.6,36.8,19.8,35.72
627830.0,3406630.0,42.6,36.8,19.8,35.72
627930.0,3406630.0,42.6,36.8,19.8,35.72
628030.0,3406630.0,42.6,36.8,19.8,35.72
628130.0,3406630.0,42.6,36.8,19.8,35.72
628230.0,3406630.0,42.6,36.8,19.8,35.72
628330.0,3406630.0,42.6,36.8,19.8,35.72
628430.0,3406630.0,42.6,36.8,19.8,35.72
628530.0,3406630.0,42.6,36.8,19.8,35.72
628630.0,3406630.0,42.6,36.8,19.8,35.72
628730.0,3406630.0,42.6,36.8,19.8,35.72
628830.0,3406630.0,42.6,36.8,19.8,35.72
628930.0,3406630.0,42.6,36.8,19.8,35.72
629030.0,3406630.0,42.6,36.8,19.8,35.72
629130.0,3406630.0,42.6,36.8,19.8,35.72
629230.0,3406630.0,42.6,36.8,19.8,35.72
629330.0,3406630.0,42.6,36.8,19.8,35.72
629430.0,3406630.0,42.6,36.8,19.8,35.72
629530.0,3406630.0,42.6,36.8,19.8,35.72
629630.0,3406630.0,42.6,36.8,19.8,35.72
629730.0,3406630.0,42.6,36.8,19.8,35.72
629830.0,3406630.0,42.6,36.8,19.8,35.72
629930.0,3406630.0,42.6,36.8,19.8,35.72
630030.0,3406630.0,42.6,36.8,19.8,35.72
630130.0,3406630.0,42.6,36.8,19.8,35.72
630230.0,3406630.0,42.6,36.8,19.8,35.72
630330.0,3406630.0,42.6,36.8,19.8,35.72
630430.0,3406630.0,42.6,36.8,19.8,35.72
630530.0,3406630.0,42.6,36.8,19.8,35.72
630630.0,3406630.0,42.6,36.8,19.8,35.72
630730.0,3406630.0,42.6,36.8,19.8,35.72
630830.0,3406630.0,42.6,36.8,19.8,35.72
630930.0,3406630.0,42.6,36.8,19.8,35.72
631030.0,3406630.0,42.6,36.8,19.8,35.72
631130.0,3406630.0,42.6,36.8,19.8,35.72
631230.0,3406630.0,42.6,36.8,19.8,35.72
631330.0,3406630.0,42.6,36.8,19.8,35.72
631430.0,3406630.0,42.6,36.8,19.8,35.72
631530.0,3406630.0,42.6,36.8,19.8,35.72
631630.0,3406630.0,42.6,36.8,19.8,35.72
631730.0,3406630.0,42.6,36.8,19.8,35.72
631830.0,3406630.0,42.6,36.8,19.8,35.72
631930.0,3406630.0,42.6,36.8,19.8,35.72
632030.0,3406630.0,42.6,36.8,19.8,35.72
632130.0,3406630.0,42.6,36.8,19.8,35.72
632230.0,3406630.0,42.6,36.8,19.8,35.72
632330.0,3406630.0,42.6,36.8,19.8,35.72
632430.0,3406630.0,42.6,36.8,19.8,35.72
632530.0,3406630.0,42.6,36.8,19.8,35.72
632630.0,3406630.0,42.6,36.8,19.8,35.72
632730.0,3406630.0,42.6,36.8,19.8,35.72
632830.0,3406630.0,42.6,36.8,19.8,35.72
632930.0,3406630.0,42.6,36.8,19.8,35.72
633030.0,3406630.0,42.6,36.8,19.8,35.72
633130.0,3406630.0,42.6,36.8,19.8,35.72
633230.0,3406630.0,42.6,36.8,19.8,35.72
633330.0,3406630.0,42.6,36.8,19.8,35.72
633430.0,3406630.0,42.6,36.8,19.8,35.72
633530.0,3406630.0,42.6,36.8,19.8,35.72
633630.0,3406630.0,42.6,36.8,19.8,35.72
633730.0,3406630.0,42.6,36.8,19.8,35.72
633830.0,3406630.0,42.6,36.8,19.8,35.72
633930.0,3406630.0,42.6,36.8,19.8,35.72
634030.0,3406630.0,42.6,36.8,19.8,35.72
634130.0,3406630.0,42.6,36.8,19.8,35.72
634230.0,3406630.0,42.6,36.8,19.8,35.72
634330.0,3406630.0,42.6,36.8,19.8,35.72
634430.0,3406630.0,42.6,36.8,19.8,35.72
634530.0,3406630.0,42.6,36.8,19.8,35.72
634630.0,3406630.0,42.6,36.8,19.8,35.72
634730.0,3406630.0,42.6,36.8,19.8,35.72
634830.0,3406630.0,42.6,36.8,19.8,35.72
634930.0,3406630.0,42.6,36.8,19.8,35.72
635030.0,3406630.0,42.6,36.8,19.8,35.72
635130.0,3406630.0,42.6,36.8,19.8,35.72
635230.0,3406630.0,42.6,36.8,19.8,35.72
635330.0,3406630.0,42.6,36.8,19.8,35.72
635430.0,3406630.0,42.6,36.8,19.8,35.72
635530.0,3406630.0,42.6,36.8,19.8,35.72
635630.0,3406630.0,42.6,36.8,19.8,35.72
635730.0,3406630.0,42.6,36.8,19.8,35.72
635830.0,3406630.0,42.6,36.8,19.8,35.72
635930.0,3406630.0,42.6,36.8,19.8,35.72
636030.0,3406630.0,42.6,36.8,19.8,35.72
636130.0,3406630.0,42.6,36.8,19.8,35.72
636230.0,3406630.0,42.6,36.8,19.8,35.72
636330.0,3406630.0,42.6,36.8,19.8,35.72
636430.0,3406630.0,42.6,36.8,19.8,35.72
636530.0,3406630.0,42.6,36.8,19.8,35.72
636630.0,3406630.0,42.6,36.8,19.8,35.72
636730.0,3406630.0,42.6,36.8,19.8,35.72
636830.0,3406630.0,42.6,36.8,19.8,35.72
636930.0,3406630.0,42.6,36.8,19.8,35.72
637030.0,3406630.0,42.6,36.8,19.8,35.72
637130.0,3406630.0,42.6,36.8,19.8,35.72
637230.0,3406630.0,42.6,36.8,19.8,35.72
637330.0,3406630.0,42.6,36.8,19.8,35.72
637430.0,3406630.0,42.6,36.8,19.8,35.72
637530.0,3406630.0,42.6,36.8,19.8,35.72
637630.0,3406630.0,42.6,36.8,19.8,35.72
637730.0,3406630.0,42.6,36.8,19.8,35.72
637830.0,3406630.0,42.6,36.8,19.8,35.72
620930.0,3406530.0,42.6,36.8,19.8,35.72
621030.0,3406530.0,42.6,36.8,19.8,35.72
621130.0,3406530.0,42.6,36.8,19.8,35.72
621230.0,3406530.0,42.6,36.8,19.8,35.72
621330.0,3406530.0,42.6,36.8,19.8,35.72
621430.0,3406530.0,42.6,36.8,19.8,35.72
621530.0,3406530.0,42.6,36.8,19.8,35.72
621630.0,3406530.0,42.6,36.8,19.8,35.72
621730.0,3406530.0,42.6,36.8,19.8,35.72
621830.0,3406530.0,42.6,36.8,19.8,35.72
621930.0,3406530.0,42.6,36.8,19.8,35.72
622030.0,3406530.0,42.6,36.8,19.8,35.72
622130.0,3406530.0,42.6,36.8,19.8,35.72
622230.0,3406530.0,42.6,36.8,19.8,35.72
622330.0,3406530.0,42.6,36.8,19.8,35.72
622430.0,3406530.0,42.6,36.8,19.8,35.72
622530.0,3406530.0,42.6,36.8,19.8,35.72
622630.0,3406530.0,42.6,36.8,19.8,35.72
622730.0,3406530.0,42.6,36.8,19.8,35.72
622830.0,3406530.0,42.6,36.8,19.8,35.72
622930.0,3406530.0,42.6,36.8,19.8,35.72
623030.0,3406530.0,42.6,36.8,19.8,35.72
623130.0,3406530.0,42.6,36.8,19.8,35.72
623230.0,3406530.0,42.6,36.8,19.8,35.72
623330.0,3406530.0,42.6,36.8,19.8,35.72
623430.0,3406530.0,42.6,36.8,19.8,35.72
623530.0,3406530.0,42.6,36.8,19.8,35.72
623630.0,3406530.0,42.6,36.8,19.8,35.72
623730.0,3406530.0,42.6,36.8,19.8,35.72
623830.0,3406530.0,42.6,36.8,19.8,35.72
623930.0,3406530.0,42.6,36.8,19.8,35.72
624030.0,3406530.0,42.6,36.8,19.8,35.72
624130.0,3406530.0,42.6,36.8,19.8,35.72
624230.0,3406530.0,42.6,36.8,19.8,35.72
624330.0,3406530.0,42.6,36.8,19.8,35.72
624430.0,3406530.0,42.6,36.8,19.8,35.72
624530.0,3406530.0,42.6,36.8,19.8,35.72
624630.0,3406530.0,42.6,36.8,19.8,35.72
624730.0,3406530.0,42.6,36.8,19.8,35.72
624830.0,3406530.0,42.6,36.8,19.8,35.72
624930.0,3406530.0,42.6,36.8,19.8,35.72
625030.0,3406530.0,42.6,36.8,19.8,35.72
625130.0,3406530.0,42.6,36.8,19.8,35.72
625230.0,3406530.0,42.6,36.8,19.8,35.72
625330.0,3406530.0,42.6,36.8,19.8,35.72
625430.0,3406530.0,42.6,36.8,19.8,35.72
625530.0,3406530.0,42.6,36.8,19.8,35.72
625630.0,3406530.0,42.6,36.8,19.8,35.72
625730.0,3406530.0,42.6,36.8,19.8,35.72
625830.0,3406530.0,42.6,36.8,19.8,35.72
625930.0,3406530.0,42.6,36.8,19.8,35.72
626030.0,3406530.0,42.6,36.8,19.8,35.72
626130.0,3406530.0,42.6,36.8,19.8,35.72
626230.0,3406530.0,42.6,36.8,19.8,35.72
626330.0,3406530.0,42.6,36.8,19.8,35.72
626430.0,3406530.0,42.6,36.8,19.8,35.72
626530.0,3406530.0,42.6,36.8,19.8,35.72
626630.0,3406530.0,42.6,36.8,19.8,35.72
626730.0,3406530.0,42.6,36.8,19.8,35.72
626830.0,3406530.0,42.6,36.8,19.8,35.72
626930.0,3406530.0,42.6,36.8,19.8,35.72
627030.0,3406530.0,42.6,36.8,19.8,35.72
627130.0,3406530.0,42.6,36.8,19.8,35.72
627230.0,3406530.0,42.6,36.8,19.8,35.72
627330.0,3406530.0,42.6,36.8,19.8,35.72
627430.0,3406530.0,42.6,36.8,19.8,35.72
627530.0,3406530.0,42.6,36.8,19.8,35.72
627630.0,3406530.0,42.6,36.8,19.8,35.72
627730.0,3406530.0,42.6,36.8,19.8,35.72
627830.0,3406530.0,42.6,36.8,19.8,35.72
627930.0,3406530.0,42.6,36.8,19.8,35.72
628030.0,3406530.0,42.6,36.8,19.8,35.72
628130.0,3406530.0,42.6,36.8,19.8,35.72
628230.0,3406530.0,42.6,36.8,19.8,35.72
628330.0,3406530.0,42.6,36.8,19.8,35.72
628430.0,3406530.0,42.6,36.8,19.8,35.72
628530.0,3406530.0,42.6,36.8,19.8,35.72
628630.0,3406530.0,42.6,36.8,19.8,35.72
628730.0,3406530.0,42.6,36.8,19.8,35.72
628830.0,3406530.0,42.6,36.8,19.8,35.72
628930.0,3406530.0,42.6,36.8,19.8,35.72
629030.0,3406530.0,42.6,36.8,19.8,35.72
629130.0,3406530.0,42.6,36.8,19.8,35.72
629230.0,3406530.0,42.6,36.8,19.8,35.72
629330.0,3406530.0,42.6,36.8,19.8,35.72
629430.0,3406530.0,42.6,36.8,19.8,35.72
629530.0,3406530.0,42.6,36.8,19.8,35.72
629630.0,3406530.0,42.6,36.8,19.8,35.72
629730.0,3406530.0,42.6,36.8,19.8,35.72
629830.0,3406530.0,42.6,36.8,19.8,35.72
629930.0,3406530.0,42.6,36.8,19.8,35.72
630030.0,3406530.0,42.6,36.8,19.8,35.72
630130.0,3406530.0,42.6,36.8,19.8,35.72
630230.0,3406530.0,42.6,36.8,19.8,35.72
630330.0,3406530.0,42.6,36.8,19.8,35.72
630430.0,3406530.0,42.6,36.8,19.8,35.72
630530.0,3406530.0,42.6,36.8,19.8,35.72
630630.0,3406530.0,42.6,36.8,19.8,35.72
630730.0,3406530.0,42.6,36.8,19.8,35.72
630830.0,3406530.0,42.6,36.8,19.8,35.72
630930.0,3406530.0,42.6,36.8,19.8,35.72
631030.0,3406530.0,42.6,36.8,19.8,35.72
631130.0,3406530.0,42.6,36.8,19.8,35.72
631230.0,3406530.0,42.6,36.8,19.8,35.72
631330.0,3406530.0,42.6,36.8,19.8,35.72
631430.0,3406530.0,42.6,36.8,19.8,35.72
631530.0,3406530.0,42.6,36.8,19.8,35.72
631630.0,3406530.0,42.6,36.8,19.8,35.72
631730.0,3406530.0,42.6,36.8,19.8,35.72
631830.0,3406530.0,42.6,36.8,19.8,35.72
631930.0,3406530.0,42.6,36.8,19.8,35.72
632030.0,3406530.0,42.6,36.8,19.8,35.72
632130.0,3406530.0,42.6,36.8,19.8,35.72
632230.0,3406530.0,42.6,36.8,19.8,35.72
632330.0,3406530.0,42.6,36.8,19.8,35.72
632430.0,3406530.0,42.6,36.8,19.8,35.72
632530.0,3406530.0,42.6,36.8,19.8,35.72
632630.0,3406530.0,42.6,36.8,19.8,35.72
632730.0,3406530.0,42.6,36.8,19.8,35.72
632830.0,3406530.0,42.6,36.8,19.8,35.72
632930.0,3406530.0,42.6,36.8,19.8,35.72
633030.0,3406530.0,42.6,36.8,19.8,35.72
633130.0,3406530.0,42.6,36.8,19.8,35.72
633230.0,3406530.0,42.6,36.8,19.8,35.72
633330.0,3406530.0,42.6,36.8,19.8,35.72
633430.0,3406530.0,42.6,36.8,19.8,35.72
633530.0,3406530.0,42.6,36.8,19.8,35.72
633630.0,3406530.0,42.6,36.8,19.8,35.72
633730.0,3406530.0,42.6,36.8,19.8,35.72
633830.0,3406530.0,42.6,36.8,19.8,35.72
633930.0,3406530.0,42.6,36.8,19.8,35.72
634030.0,3406530.0,42.6,36.8,19.8,35.72
634130.0,3406530.0,42.6,36.8,19.8,35.72
634230.0,3406530.0,42.6,36.8,19.8,35.72
634330.0,3406530.0,42.6,36.8,19.8,35.72
634430.0,3406530.0,42.6,36.8,19.8,35.72
634530.0,3406530.0,42.6,36.8,19.8,35.72
634630.0,3406530.0,42.6,36.8,19.8,35.72
634730.0,3406530.0,42.6,36.8,19.8,35.72
634830.0,3406530.0,42.6,36.8,19.8,35.72
634930.0,3406530.0,42.6,36.8,19.8,35.72
635030.0,3406530.0,42.6,36.8,19.8,35.72
635130.0,3406530.0,42.6,36.8,19.8,35.72
635230.0,3406530.0,42.6,36.8,19.8,35.72
635330.0,3406530.0,42.6,36.8,19.8,35.72
635430.0,3406530.0,42.6,36.8,19.8,35.72
635530.0,3406530.0,42.6,36.8,19.8,35.72
635630.0,3406530.0,42.6,36.8,19.8,35.72
635730.0,3406530.0,42.6,36.8,19.8,35.72
635830.0,3406530.0,42.6,36.8,19.8,35.72
635930.0,3406530.0,42.6,36.8,19.8,35.72
636030.0,3406530.0,42.6,36.8,19.8,35.72
636130.0,3406530.0,42.6,36.8,19.8,35.72
636230.0,3406530.0,42.6,36.8,19.8,35.72
636330.0,3406530.0,42.6,36.8,19.8,35.72
636430.0,3406530.0,42.6,36.8,19.8,35.72
636530.0,3406530.0,42.6,36.8,19.8,35.72
636630.0,3406530.0,42.6,36.8,19.8,35.72
636730.0,3406530.0,42.6,36.8,19.8,35.72
636830.0,3406530.0,42.6,36.8,19.8,35.72
636930.0,3406530.0,42.6,36.8,19.8,35.72
637030.0,3406530.0,42.6,36.8,19.8,35.72
637130.0,3406530.0,42.6,36.8,19.8,35.72
637230.0,3406530.0,42.6,36.8,19.8,35.72
637330.0,3406530.0,42.6,36.8,19.8,35.72
637430.0,3406530.0,42.6,36.8,19.8,35.72
637530.0,3406530.0,42.6,36.8,19.8,35.72
637630.0,3406530.0,42.6,36.8,19.8,35.72
637730.0,3406530.0,42.6,36.8,19.8,35.72
637830.0,3406530.0,42.6,36.8,19.8,35.72
621130.0,3406430.0,42.6,36.8,19.8,35.72
621230.0,3406430.0,42.6,36.8,19.8,35.72
621330.0,3406430.0,42.6,36.8,19.8,35.72
621430.0,3406430.0,42.6,36.8,19.8,35.72
621530.0,3406430.0,42.6,36.8,19.8,35.72
621630.0,3406430.0,42.6,36.8,19.8,35.72
621730.0,3406430.0,42.6,36.8,19.8,35.72
621830.0,3406430.0,42.6,36.8,19.8,35.72
621930.0,3406430.0,42.6,36.8,19.8,35.72
622030.0,3406430.0,42.6,36.8,19.8,35.72
622130.0,3406430.0,42.6,36.8,19.8,35.72
622230.0,3406430.0,42.6,36.8,19.8,35.72
622330.0,3406430.0,42.6,36.8,19.8,35.72
622430.0,3406430.0,42.6,36.8,19.8,35.72
622530.0,3406430.0,42.6,36.8,19.8,35.72
622630.0,3406430.0,42.6,36.8,19.8,35.72
622730.0,3406430.0,42.6,36.8,19.8,35.72
622830.0,3406430.0,42.6,36.8,19.8,35.72
622930.0,3406430.0,42.6,36.8,19.8,35.72
623030.0,3406430.0,42.6,36.8,19.8,35.72
623130.0,3406430.0,42.6,36.8,19.8,35.72
623230.0,3406430.0,42.6,36.8,19.8,35.72
623330.0,3406430.0,42.6,36.8,19.8,35.72
623430.0,3406430.0,42.6,36.8,19.8,35.72
623530.0,3406430.0,42.6,36.8,19.8,35.72
623630.0,3406430.0,42.6,36.8,19.8,35.72
623730.0,3406430.0,42.6,36.8,19.8,35.72
623830.0,3406430.0,42.6,36.8,19.8,35.72
623930.0,3406430.0,42.6,36.8,19.8,35.72
624030.0,3406430.0,42.6,36.8,19.8,35.72
624130.0,3406430.0,42.6,36.8,19.8,35.72
624230.0,3406430.0,42.6,36.8,19.8,35.72
624330.0,3406430.0,42.6,36.8,19.8,35.72
624430.0,3406430.0,42.6,36.8,19.8,35.72
624530.0,3406430.0,42.6,36.8,19.8,35.72
624630.0,3406430.0,42.6,36.8,19.8,35.72
624730.0,3406430.0,42.6,36.8,19.8,35.72
624830.0,3406430.0,42.6,36.8,19.8,35.72
624930.0,3406430.0,42.6,36.8,19.8,35.72
625030.0,3406430.0,42.6,36.8,19.8,35.72
625130.0,3406430.0,42.6,36.8,19.8,35.72
625230.0,3406430.0,42.6,36.8,19.8,35.72
625330.0,3406430.0,42.6,36.8,19.8,35.72
625430.0,3406430.0,42.6,36.8,19.8,35.72
625530.0,3406430.0,42.6,36.8,19.8,35.72
625630.0,3406430.0,42.6,36.8,19.8,35.72
625730.0,3406430.0,42.6,36.8,19.8,35.72
625830.0,3406430.0,42.6,36.8,19.8,35.72
625930.0,3406430.0,42.6,36.8,19.8,35.72
626030.0,3406430.0,42.6,36.8,19.8,35.72
626130.0,3406430.0,42.6,36.8,19.8,35.72
626230.0,3406430.0,42.6,36.8,19.8,35.72
626330.0,3406430.0,42.6,36.8,19.8,35.72
626430.0,3406430.0,42.6,36.8,19.8,35.72
626530.0,3406430.0,42.6,36.8,19.8,35.72
626630.0,3406430.0,42.6,36.8,19.8,35.72
626730.0,3406430.0,42.6,36.8,19.8,35.72
626830.0,3406430.0,42.6,36.8,19.8,35.72
626930.0,3406430.0,42.6,36.8,19.8,35.72
627030.0,3406430.0,42.6,36.8,19.8,35.72
627130.0,3406430.0,42.6,36.8,19.8,35.72
627230.0,3406430.0,42.6,36.8,19.8,35.72
627330.0,3406430.0,42.6,36.8,19.8,35.72
627430.0,3406430.0,42.6,36.8,19.8,35.72
627530.0,3406430.0,42.6,36.8,19.8,35.72
627630.0,3406430.0,42.6,36.8,19.8,35.72
627730.0,3406430.0,42.6,36.8,19.8,35.72
627830.0,3406430.0,42.6,36.8,19.8,35.72
627930.0,3406430.0,42.6,36.8,19.8,35.72
628030.0,3406430.0,42.6,36.8,19.8,35.72
628130.0,3406430.0,42.6,36.8,19.8,35.72
628230.0,3406430.0,42.6,36.8,19.8,35.72
628330.0,3406430.0,42.6,36.8,19.8,35.72
628430.0,3406430.0,42.6,36.8,19.8,35.72
628530.0,3406430.0,42.6,36.8,19.8,35.72
628630.0,3406430.0,42.6,36.8,19.8,35.72
628730.0,3406430.0,42.6,36.8,19.8,35.72
628830.0,3406430.0,42.6,36.8,19.8,35.72
628930.0,3406430.0,42.6,36.8,19.8,35.72
629030.0,3406430.0,42.6,36.8,19.8,35.72
629130.0,3406430.0,42.6,36.8,19.8,35.72
629230.0,3406430.0,42.6,36.8,19.8,35.72
629330.0,3406430.0,42.6,36.8,19.8,35.72
629430.0,3406430.0,42.6,36.8,19.8,35.72
629530.0,3406430.0,42.6,36.8,19.8,35.72
629630.0,3406430.0,42.6,36.8,19.8,35.72
629730.0,3406430.0,42.6,36.8,19.8,35.72
629830.0,3406430.0,42.6,36.8,19.8,35.72
629930.0,3406430.0,42.6,36.8,19.8,35.72
630030.0,3406430.0,42.6,36.8,19.8,35.72
630130.0,3406430.0,42.6,36.8,19.8,35.72
630230.0,3406430.0,42.6,36.8,19.8,35.72
630330.0,3406430.0,42.6,36.8,19.8,35.72
630430.0,3406430.0,42.6,36.8,19.8,35.72
630530.0,3406430.0,42.6,36.8,19.8,35.72
630630.0,3406430.0,42.6,36.8,19.8,35.72
630730.0,3406430.0,42.6,36.8,19.8,35.72
630830.0,3406430.0,42.6,36.8,19.8,35.72
630930.0,3406430.0,42.6,36.8,19.8,35.72
631030.0,3406430.0,42.6,36.8,19.8,35.72
631130.0,3406430.0,42.6,36.8,19.8,35.72
631230.0,3406430.0,42.6,36.8,19.8,35.72
631330.0,3406430.0,42.6,36.8,19.8,35.72
631430.0,3406430.0,42.6,36.8,19.8,35.72
631530.0,3406430.0,42.6,36.8,19.8,35.72
631630.0,3406430.0,42.6,36.8,19.8,35.72
631730.0,3406430.0,42.6,36.8,19.8,35.72
631830.0,3406430.0,42.6,36.8,19.8,35.72
631930.0,3406430.0,42.6,36.8,19.8,35.72
632030.0,3406430.0,42.6,36.8,19.8,35.72
632130.0,3406430.0,42.6,36.8,19.8,35.72
632230.0,3406430.0,42.6,36.8,19.8,35.72
632330.0,3406430.0,42.6,36.8,19.8,35.72
632430.0,3406430.0,42.6,36.8,19.8,35.72
632530.0,3406430.0,42.6,36.8,19.8,35.72
632630.0,3406430.0,42.6,36.8,19.8,35.72
632730.0,3406430.0,42.6,36.8,19.8,35.72
632830.0,3406430.0,42.6,36.8,19.8,35.72
632930.0,3406430.0,42.6,36.8,19.8,35.72
633030.0,3406430.0,42.6,36.8,19.8,35.72
633130.0,3406430.0,42.6,36.8,19.8,35.72
633230.0,3406430.0,42.6,36.8,19.8,35.72
633330.0,3406430.0,42.6,36.8,19.8,35.72
633430.0,3406430.0,42.6,36.8,19.8,35.72
633530.0,3406430.0,42.6,36.8,19.8,35.72
633630.0,3406430.0,42.6,36.8,19.8,35.72
633730.0,3406430.0,42.6,36.8,19.8,35.72
633830.0,3406430.0,42.6,36.8,19.8,35.72
633930.0,3406430.0,42.6,36.8,19.8,35.72
634030.0,3406430.0,42.6,36.8,19.8,35.72
634130.0,3406430.0,42.6,36.8,19.8,35.72
634230.0,3406430.0,42.6,36.8,19.8,35.72
634330.0,3406430.0,42.6,36.8,19.8,35.72
634430.0,3406430.0,42.6,36.8,19.8,35.72
634530.0,3406430.0,42.6,36.8,19.8,35.72
634630.0,3406430.0,42.6,36.8,19.8,35.72
634730.0,3406430.0,42.6,36.8,19.8,35.72
634830.0,3406430.0,42.6,36.8,19.8,35.72
634930.0,3406430.0,42.6,36.8,19.8,35.72
635030.0,3406430.0,42.6,36.8,19.8,35.72
635130.0,3406430.0,42.6,36.8,19.8,35.72
635230.0,3406430.0,42.6,36.8,19.8,35.72
635330.0,3406430.0,42.6,36.8,19.8,35.72
635430.0,3406430.0,42.6,36.8,19.8,35.72
635530.0,3406430.0,42.6,36.8,19.8,35.72
635630.0,3406430.0,42.6,36.8,19.8,35.72
635730.0,3406430.0,42.6,36.8,19.8,35.72
635830.0,3406430.0,42.6,36.8,19.8,35.72
635930.0,3406430.0,42.6,36.8,19.8,35.72
636030.0,3406430.0,42.6,36.8,19.8,35.72
636130.0,3406430.0,42.6,36.8,19.8,35.72
636230.0,3406430.0,42.6,36.8,19.8,35.72
636330.0,3406430.0,42.6,36.8,19.8,35.72
636430.0,3406430.0,42.6,36.8,19.8,35.72
636530.0,3406430.0,42.6,36.8,19.8,35.72
636630.0,3406430.0,42.6,36.8,19.8,35.72
636730.0,3406430.0,42.6,36.8,19.8,35.72
636830.0,3406430.0,42.6,36.8,19.8,35.72
636930.0,3406430.0,42.6,36.8,19.8,35.72
637030.0,3406430.0,42.6,36.8,19.8,35.72
637130.0,3406430.0,42.6,36.8,19.8,35.72
637230.0,3406430.0,42.6,36.8,19.8,35.72
637330.0,3406430.0,42.6,36.8,19.8,35.72
637430.0,3406430.0,42.6,36.8,19.8,35.72
637530.0,3406430.0,42.6,36.8,19.8,35.72
637630.0,3406430.0,42.6,36.8,19.8,35.72
637730.0,3406430.0,42.6,36.8,19.8,35.72
637830.0,3406430.0,42.6,36.8,19.8,35.72
637930.0,3406430.0,42.6,36.8,19.8,35.72
638030.0,3406430.0,42.6,36.8,19.8,35.72
638130.0,3406430.0,42.6,36.8,19.8,35.72
621130.0,3406330.0,42.6,36.8,19.8,35.72
621230.0,3406330.0,42.6,36.8,19.8,35.72
621330.0,3406330.0,42.6,36.8,19.8,35.72
621430.0,3406330.0,42.6,36.8,19.8,35.72
621530.0,3406330.0,42.6,36.8,19.8,35.72
621630.0,3406330.0,42.6,36.8,19.8,35.72
621730.0,3406330.0,42.6,36.8,19.8,35.72
621830.0,3406330.0,42.6,36.8,19.8,35.72
621930.0,3406330.0,42.6,36.8,19.8,35.72
622030.0,3406330.0,42.6,36.8,19.8,35.72
622130.0,3406330.0,42.6,36.8,19.8,35.72
622230.0,3406330.0,42.6,36.8,19.8,35.72
622330.0,3406330.0,42.6,36.8,19.8,35.72
622430.0,3406330.0,42.6,36.8,19.8,35.72
622530.0,3406330.0,42.6,36.8,19.8,35.72
622630.0,3406330.0,42.6,36.8,19.8,35.72
622730.0,3406330.0,42.6,36.8,19.8,35.72
622830.0,3406330.0,42.6,36.8,19.8,35.72
622930.0,3406330.0,42.6,36.8,19.8,35.72
623030.0,3406330.0,42.6,36.8,19.8,35.72
623130.0,3406330.0,42.6,36.8,19.8,35.72
623230.0,3406330.0,42.6,36.8,19.8,35.72
623330.0,3406330.0,42.6,36.8,19.8,35.72
623430.0,3406330.0,42.6,36.8,19.8,35.72
623530.0,3406330.0,42.6,36.8,19.8,35.72
623630.0,3406330.0,42.6,36.8,19.8,35.72
623730.0,3406330.0,42.6,36.8,19.8,35.72
623830.0,3406330.0,42.6,36.8,19.8,35.72
623930.0,3406330.0,42.6,36.8,19.8,35.72
624030.0,3406330.0,42.6,36.8,19.8,35.72
624130.0,3406330.0,42.6,36.8,19.8,35.72
624230.0,3406330.0,42.6,36.8,19.8,35.72
624330.0,3406330.0,42.6,36.8,19.8,35.72
624430.0,3406330.0,42.6,36.8,19.8,35.72
624530.0,3406330.0,42.6,36.8,19.8,35.72
624630.0,3406330.0,42.6,36.8,19.8,35.72
624730.0,3406330.0,42.6,36.8,19.8,35.72
624830.0,3406330.0,42.6,36.8,19.8,35.72
624930.0,3406330.0,42.6,36.8,19.8,35.72
625030.0,3406330.0,42.6,36.8,19.8,35.72
625130.0,3406330.0,42.6,36.8,19.8,35.72
625230.0,3406330.0,42.6,36.8,19.8,35.72
625330.0,3406330.0,42.6,36.8,19.8,35.72
625430.0,3406330.0,42.6,36.8,19.8,35.72
625530.0,3406330.0,42.6,36.8,19.8,35.72
625630.0,3406330.0,42.6,36.8,19.8,35.72
625730.0,3406330.0,42.6,36.8,19.8,35.72
625830.0,3406330.0,42.6,36.8,19.8,35.72
625930.0,3406330.0,42.6,36.8,19.8,35.72
626030.0,3406330.0,42.6,36.8,19.8,35.72
626130.0,3406330.0,42.6,36.8,19.8,35.72
626230.0,3406330.0,42.6,36.8,19.8,35.72
626330.0,3406330.0,42.6,36.8,19.8,35.72
626430.0,3406330.0,42.6,36.8,19.8,35.72
626530.0,3406330.0,42.6,36.8,19.8,35.72
626630.0,3406330.0,42.6,36.8,19.8,35.72
626730.0,3406330.0,42.6,36.8,19.8,35.72
626830.0,3406330.0,42.6,36.8,19.8,35.72
626930.0,3406330.0,42.6,36.8,19.8,35.72
627030.0,3406330.0,42.6,36.8,19.8,35.72
627130.0,3406330.0,42.6,36.8,19.8,35.72
627230.0,3406330.0,42.6,36.8,19.8,35.72
627330.0,3406330.0,42.6,36.8,19.8,35.72
627430.0,3406330.0,42.6,36.8,19.8,35.72
627530.0,3406330.0,42.6,36.8,19.8,35.72
627630.0,3406330.0,42.6,36.8,19.8,35.72
627730.0,3406330.0,42.6,36.8,19.8,35.72
627830.0,3406330.0,42.6,36.8,19.8,35.72
627930.0,3406330.0,42.6,36.8,19.8,35.72
628030.0,3406330.0,42.6,36.8,19.8,35.72
628130.0,3406330.0,42.6,36.8,19.8,35.72
628230.0,3406330.0,42.6,36.8,19.8,35.72
628330.0,3406330.0,42.6,36.8,19.8,35.72
628430.0,3406330.0,42.6,36.8,19.8,35.72
628530.0,3406330.0,42.6,36.8,19.8,35.72
628630.0,3406330.0,42.6,36.8,19.8,35.72
628730.0,3406330.0,42.6,36.8,19.8,35.72
628830.0,3406330.0,42.6,36.8,19.8,35.72
628930.0,3406330.0,42.6,36.8,19.8,35.72
629030.0,3406330.0,42.6,36.8,19.8,35.72
629130.0,3406330.0,42.6,36.8,19.8,35.72
629230.0,3406330.0,42.6,36.8,19.8,35.72
629330.0,3406330.0,42.6,36.8,19.8,35.72
629430.0,3406330.0,42.6,36.8,19.8,35.72
629530.0,3406330.0,42.6,36.8,19.8,35.72
629630.0,3406330.0,42.6,36.8,19.8,35.72
629730.0,3406330.0,42.6,36.8,19.8,35.72
629830.0,3406330.0,42.6,36.8,19.8,35.72
629930.0,3406330.0,42.6,36.8,19.8,35.72
630030.0,3406330.0,42.6,36.8,19.8,35.72
630130.0,3406330.0,42.6,36.8,19.8,35.72
630230.0,3406330.0,42.6,36.8,19.8,35.72
630330.0,3406330.0,42.6,36.8,19.8,35.72
630430.0,3406330.0,42.6,36.8,19.8,35.72
630530.0,3406330.0,42.6,36.8,19.8,35.72
630630.0,3406330.0,42.6,36.8,19.8,35.72
630730.0,3406330.0,42.6,36.8,19.8,35.72
630830.0,3406330.0,42.6,36.8,19.8,35.72
630930.0,3406330.0,42.6,36.8,19.8,35.72
631030.0,3406330.0,42.6,36.8,19.8,35.72
631130.0,3406330.0,42.6,36.8,19.8,35.72
631230.0,3406330.0,42.6,36.8,19.8,35.72
631330.0,3406330.0,42.6,36.8,19.8,35.72
631430.0,3406330.0,42.6,36.8,19.8,35.72
631530.0,3406330.0,42.6,36.8,19.8,35.72
631630.0,3406330.0,42.6,36.8,19.8,35.72
631730.0,3406330.0,42.6,36.8,19.8,35.72
631830.0,3406330.0,42.6,36.8,19.8,35.72
631930.0,3406330.0,42.6,36.8,19.8,35.72
632030.0,3406330.0,42.6,36.8,19.8,35.72
632130.0,3406330.0,42.6,36.8,19.8,35.72
632230.0,3406330.0,42.6,36.8,19.8,35.72
632330.0,3406330.0,42.6,36.8,19.8,35.72
632430.0,3406330.0,42.6,36.8,19.8,35.72
632530.0,3406330.0,42.6,36.8,19.8,35.72
632630.0,3406330.0,42.6,36.8,19.8,35.72
632730.0,3406330.0,42.6,36.8,19.8,35.72
632830.0,3406330.0,42.6,36.8,19.8,35.72
632930.0,3406330.0,42.6,36.8,19.8,35.72
633030.0,3406330.0,42.6,36.8,19.8,35.72
633130.0,3406330.0,42.6,36.8,19.8,35.72
633230.0,3406330.0,42.6,36.8,19.8,35.72
633330.0,3406330.0,42.6,36.8,19.8,35.72
633430.0,3406330.0,42.6,36.8,19.8,35.72
633530.0,3406330.0,42.6,36.8,19.8,35.72
633630.0,3406330.0,42.6,36.8,19.8,35.72
633730.0,3406330.0,42.6,36.8,19.8,35.72
633830.0,3406330.0,42.6,36.8,19.8,35.72
633930.0,3406330.0,42.6,36.8,19.8,35.72
634030.0,3406330.0,42.6,36.8,19.8,35.72
634130.0,3406330.0,42.6,36.8,19.8,35.72
634230.0,3406330.0,42.6,36.8,19.8,35.72
634330.0,3406330.0,42.6,36.8,19.8,35.72
634430.0,3406330.0,42.6,36.8,19.8,35.72
634530.0,3406330.0,42.6,36.8,19.8,35.72
634630.0,3406330.0,42.6,36.8,19.8,35.72
634730.0,3406330.0,42.6,36.8,19.8,35.72
634830.0,3406330.0,42.6,36.8,19.8,35.72
634930.0,3406330.0,42.6,36.8,19.8,35.72
635030.0,3406330.0,42.6,36.8,19.8,35.72
635130.0,3406330.0,42.6,36.8,19.8,35.72
635230.0,3406330.0,42.6,36.8,19.8,35.72
635330.0,3406330.0,42.6,36.8,19.8,35.72
635430.0,3406330.0,42.6,36.8,19.8,35.72
635530.0,3406330.0,42.6,36.8,19.8,35.72
635630.0,3406330.0,42.6,36.8,19.8,35.72
635730.0,3406330.0,42.6,36.8,19.8,35.72
635830.0,3406330.0,42.6,36.8,19.8,35.72
635930.0,3406330.0,42.6,36.8,19.8,35.72
636030.0,3406330.0,42.6,36.8,19.8,35.72
636130.0,3406330.0,42.6,36.8,19.8,35.72
636230.0,3406330.0,42.6,36.8,19.8,35.72
636330.0,3406330.0,42.6,36.8,19.8,35.72
636430.0,3406330.0,42.6,36.8,19.8,35.72
636530.0,3406330.0,42.6,36.8,19.8,35.72
636630.0,3406330.0,42.6,36.8,19.8,35.72
636730.0,3406330.0,42.6,36.8,19.8,35.72
636830.0,3406330.0,42.6,36.8,19.8,35.72
636930.0,3406330.0,42.6,36.8,19.8,35.72
637030.0,3406330.0,42.6,36.8,19.8,35.72
637130.0,3406330.0,42.6,36.8,19.8,35.72
637230.0,3406330.0,42.6,36.8,19.8,35.72
637330.0,3406330.0,42.6,36.8,19.8,35.72
637430.0,3406330.0,42.6,36.8,19.8,35.72
637530.0,3406330.0,42.6,36.8,19.8,35.72
637630.0,3406330.0,42.6,36.8,19.8,35.72
637730.0,3406330.0,42.6,36.8,19.8,35.72
637830.0,3406330.0,42.6,36.8,19.8,35.72
637930.0,3406330.0,42.6,36.8,19.8,35.72
638030.0,3406330.0,42.6,36.8,19.8,35.72
638130.0,3406330.0,42.6,36.8,19.8,35.72
621230.0,3406230.0,42.6,36.8,19.8,35.72
621330.0,3406230.0,42.6,36.8,19.8,35.72
621430.0,3406230.0,42.6,36.8,19.8,35.72
621530.0,3406230.0,42.6,36.8,19.8,35.72
621630.0,3406230.0,42.6,36.8,19.8,35.72
621730.0,3406230.0,42.6,36.8,19.8,35.72
621830.0,3406230.0,42.6,36.8,19.8,35.72
621930.0,3406230.0,42.6,36.8,19.8,35.72
622030.0,3406230.0,42.6,36.8,19.8,35.72
622130.0,3406230.0,42.6,36.8,19.8,35.72
622230.0,3406230.0,42.6,36.8,19.8,35.72
622330.0,3406230.0,42.6,36.8,19.8,35.72
622430.0,3406230.0,42.6,36.8,19.8,35.72
622530.0,3406230.0,42.6,36.8,19.8,35.72
622630.0,3406230.0,42.6,36.8,19.8,35.72
622730.0,3406230.0,42.6,36.8,19.8,35.72
622830.0,3406230.0,42.6,36.8,19.8,35.72
622930.0,3406230.0,42.6,36.8,19.8,35.72
623030.0,3406230.0,42.6,36.8,19.8,35.72
623130.0,3406230.0,42.6,36.8,19.8,35.72
623230.0,3406230.0,42.6,36.8,19.8,35.72
623330.0,3406230.0,42.6,36.8,19.8,35.72
623430.0,3406230.0,42.6,36.8,19.8,35.72
623530.0,3406230.0,42.6,36.8,19.8,35.72
623630.0,3406230.0,42.6,36.8,19.8,35.72
623730.0,3406230.0,42.6,36.8,19.8,35.72
623830.0,3406230.0,42.6,36.8,19.8,35.72
623930.0,3406230.0,42.6,36.8,19.8,35.72
624030.0,3406230.0,42.6,36.8,19.8,35.72
624130.0,3406230.0,42.6,36.8,19.8,35.72
624230.0,3406230.0,42.6,36.8,19.8,35.72
624330.0,3406230.0,42.6,36.8,19.8,35.72
624430.0,3406230.0,42.6,36.8,19.8,35.72
624530.0,3406230.0,42.6,36.8,19.8,35.72
624630.0,3406230.0,42.6,36.8,19.8,35.72
624730.0,3406230.0,42.6,36.8,19.8,35.72
624830.0,3406230.0,42.6,36.8,19.8,35.72
624930.0,3406230.0,42.6,36.8,19.8,35.72
625030.0,3406230.0,42.6,36.8,19.8,35.72
625130.0,3406230.0,42.6,36.8,19.8,35.72
625230.0,3406230.0,42.6,36.8,19.8,35.72
625330.0,3406230.0,42.6,36.8,19.8,35.72
625430.0,3406230.0,42.6,36.8,19.8,35.72
625530.0,3406230.0,42.6,36.8,19.8,35.72
625630.0,3406230.0,42.6,36.8,19.8,35.72
625730.0,3406230.0,42.6,36.8,19.8,35.72
625830.0,3406230.0,42.6,36.8,19.8,35.72
625930.0,3406230.0,42.6,36.8,19.8,35.72
626030.0,3406230.0,42.6,36.8,19.8,35.72
626130.0,3406230.0,42.6,36.8,19.8,35.72
626230.0,3406230.0,42.6,36.8,19.8,35.72
626330.0,3406230.0,42.6,36.8,19.8,35.72
626430.0,3406230.0,42.6,36.8,19.8,35.72
626530.0,3406230.0,42.6,36.8,19.8,35.72
626630.0,3406230.0,42.6,36.8,19.8,35.72
626730.0,3406230.0,42.6,36.8,19.8,35.72
626830.0,3406230.0,42.6,36.8,19.8,35.72
626930.0,3406230.0,42.6,36.8,19.8,35.72
627030.0,3406230.0,42.6,36.8,19.8,35.72
627130.0,3406230.0,42.6,36.8,19.8,35.72
627230.0,3406230.0,42.6,36.8,19.8,35.72
627330.0,3406230.0,42.6,36.8,19.8,35.72
627430.0,3406230.0,42.6,36.8,19.8,35.72
627530.0,3406230.0,42.6,36.8,19.8,35.72
627630.0,3406230.0,42.6,36.8,19.8,35.72
627730.0,3406230.0,42.6,36.8,19.8,35.72
627830.0,3406230.0,42.6,36.8,19.8,35.72
627930.0,3406230.0,42.6,36.8,19.8,35.72
628030.0,3406230.0,42.6,36.8,19.8,35.72
628130.0,3406230.0,42.6,36.8,19.8,35.72
628230.0,3406230.0,42.6,36.8,19.8,35.72
628330.0,3406230.0,42.6,36.8,19.8,35.72
628430.0,3406230.0,42.6,36.8,19.8,35.72
628530.0,3406230.0,42.6,36.8,19.8,35.72
628630.0,3406230.0,42.6,36.8,19.8,35.72
628730.0,3406230.0,42.6,36.8,19.8,35.72
628830.0,3406230.0,42.6,36.8,19.8,35.72
628930.0,3406230.0,42.6,36.8,19.8,35.72
629030.0,3406230.0,42.6,36.8,19.8,35.72
629130.0,3406230.0,42.6,36.8,19.8,35.72
629230.0,3406230.0,42.6,36.8,19.8,35.72
629330.0,3406230.0,42.6,36.8,19.8,35.72
629430.0,3406230.0,42.6,36.8,19.8,35.72
629530.0,3406230.0,42.6,36.8,19.8,35.72
629630.0,3406230.0,42.6,36.8,19.8,35.72
629730.0,3406230.0,42.6,36.8,19.8,35.72
629830.0,3406230.0,42.6,36.8,19.8,35.72
629930.0,3406230.0,42.6,36.8,19.8,35.72
630030.0,3406230.0,42.6,36.8,19.8,35.72
630130.0,3406230.0,42.6,36.8,19.8,35.72
630230.0,3406230.0,42.6,36.8,19.8,35.72
630330.0,3406230.0,42.6,36.8,19.8,35.72
630430.0,3406230.0,42.6,36.8,19.8,35.72
630530.0,3406230.0,42.6,36.8,19.8,35.72
630630.0,3406230.0,42.6,36.8,19.8,35.72
630730.0,3406230.0,42.6,36.8,19.8,35.72
630830.0,3406230.0,42.6,36.8,19.8,35.72
630930.0,3406230.0,42.6,36.8,19.8,35.72
631030.0,3406230.0,42.6,36.8,19.8,35.72
631130.0,3406230.0,42.6,36.8,19.8,35.72
631230.0,3406230.0,42.6,36.8,19.8,35.72
631330.0,3406230.0,42.6,36.8,19.8,35.72
631430.0,3406230.0,42.6,36.8,19.8,35.72
631530.0,3406230.0,42.6,36.8,19.8,35.72
631630.0,3406230.0,42.6,36.8,19.8,35.72
631730.0,3406230.0,42.6,36.8,19.8,35.72
631830.0,3406230.0,42.6,36.8,19.8,35.72
631930.0,3406230.0,42.6,36.8,19.8,35.72
632030.0,3406230.0,42.6,36.8,19.8,35.72
632130.0,3406230.0,42.6,36.8,19.8,35.72
632230.0,3406230.0,42.6,36.8,19.8,35.72
632330.0,3406230.0,42.6,36.8,19.8,35.72
632430.0,3406230.0,42.6,36.8,19.8,35.72
632530.0,3406230.0,42.6,36.8,19.8,35.72
632630.0,3406230.0,42.6,36.8,19.8,35.72
632730.0,3406230.0,42.6,36.8,19.8,35.72
632830.0,3406230.0,42.6,36.8,19.8,35.72
632930.0,3406230.0,42.6,36.8,19.8,35.72
633030.0,3406230.0,42.6,36.8,19.8,35.72
633130.0,3406230.0,42.6,36.8,19.8,35.72
633230.0,3406230.0,42.6,36.8,19.8,35.72
633330.0,3406230.0,42.6,36.8,19.8,35.72
633430.0,3406230.0,42.6,36.8,19.8,35.72
633530.0,3406230.0,42.6,36.8,19.8,35.72
633630.0,3406230.0,42.6,36.8,19.8,35.72
633730.0,3406230.0,42.6,36.8,19.8,35.72
633830.0,3406230.0,42.6,36.8,19.8,35.72
633930.0,3406230.0,42.6,36.8,19.8,35.72
634030.0,3406230.0,42.6,36.8,19.8,35.72
634130.0,3406230.0,42.6,36.8,19.8,35.72
634230.0,3406230.0,42.6,36.8,19.8,35.72
634330.0,3406230.0,42.6,36.8,19.8,35.72
634430.0,3406230.0,42.6,36.8,19.8,35.72
634530.0,3406230.0,42.6,36.8,19.8,35.72
634630.0,3406230.0,42.6,36.8,19.8,35.72
634730.0,3406230.0,42.6,36.8,19.8,35.72
634830.0,3406230.0,42.6,36.8,19.8,35.72
634930.0,3406230.0,42.6,36.8,19.8,35.72
635030.0,3406230.0,42.6,36.8,19.8,35.72
635130.0,3406230.0,42.6,36.8,19.8,35.72
635230.0,3406230.0,42.6,36.8,19.8,35.72
635330.0,3406230.0,42.6,36.8,19.8,35.72
635430.0,3406230.0,42.6,36.8,19.8,35.72
635530.0,3406230.0,42.6,36.8,19.8,35.72
635630.0,3406230.0,42.6,36.8,19.8,35.72
635730.0,3406230.0,42.6,36.8,19.8,35.72
635830.0,3406230.0,42.6,36.8,19.8,35.72
635930.0,3406230.0,42.6,36.8,19.8,35.72
636030.0,3406230.0,42.6,36.8,19.8,35.72
636130.0,3406230.0,42.6,36.8,19.8,35.72
636230.0,3406230.0,42.6,36.8,19.8,35.72
636330.0,3406230.0,42.6,36.8,19.8,35.72
636430.0,3406230.0,42.6,36.8,19.8,35.72
636530.0,3406230.0,42.6,36.8,19.8,35.72
636630.0,3406230.0,42.6,36.8,19.8,35.72
636730.0,3406230.0,42.6,36.8,19.8,35.72
636830.0,3406230.0,42.6,36.8,19.8,35.72
636930.0,3406230.0,42.6,36.8,19.8,35.72
637030.0,3406230.0,42.6,36.8,19.8,35.72
637130.0,3406230.0,42.6,36.8,19.8,35.72
637230.0,3406230.0,42.6,36.8,19.8,35.72
637330.0,3406230.0,42.6,36.8,19.8,35.72
637430.0,3406230.0,42.6,36.8,19.8,35.72
637530.0,3406230.0,42.6,36.8,19.8,35.72
637630.0,3406230.0,42.6,36.8,19.8,35.72
637730.0,3406230.0,42.6,36.8,19.8,35.72
637830.0,3406230.0,42.6,36.8,19.8,35.72
637930.0,3406230.0,42.6,36.8,19.8,35.72
638030.0,3406230.0,42.6,36.8,19.8,35.72
621230.0,3406130.0,42.6,36.8,19.8,35.72
621330.0,3406130.0,42.6,36.8,19.8,35.72
621430.0,3406130.0,42.6,36.8,19.8,35.72
621530.0,3406130.0,42.6,36.8,19.8,35.72
621630.0,3406130.0,42.6,36.8,19.8,35.72
621730.0,3406130.0,42.6,36.8,19.8,35.72
621830.0,3406130.0,42.6,36.8,19.8,35.72
621930.0,3406130.0,42.6,36.8,19.8,35.72
622030.0,3406130.0,42.6,36.8,19.8,35.72
622130.0,3406130.0,42.6,36.8,19.8,35.72
622230.0,3406130.0,42.6,36.8,19.8,35.72
622330.0,3406130.0,42.6,36.8,19.8,35.72
622430.0,3406130.0,42.6,36.8,19.8,35.72
622530.0,3406130.0,42.6,36.8,19.8,35.72
622630.0,3406130.0,42.6,36.8,19.8,35.72
622730.0,3406130.0,42.6,36.8,19.8,35.72
622830.0,3406130.0,42.6,36.8,19.8,35.72
622930.0,3406130.0,42.6,36.8,19.8,35.72
623030.0,3406130.0,42.6,36.8,19.8,35.72
623130.0,3406130.0,42.6,36.8,19.8,35.72
623530.0,3406130.0,42.6,36.8,19.8,35.72
623630.0,3406130.0,42.6,36.8,19.8,35.72
623730.0,3406130.0,42.6,36.8,19.8,35.72
623830.0,3406130.0,42.6,36.8,19.8,35.72
623930.0,3406130.0,42.6,36.8,19.8,35.72
624030.0,3406130.0,42.6,36.8,19.8,35.72
624130.0,3406130.0,42.6,36.8,19.8,35.72
624230.0,3406130.0,42.6,36.8,19.8,35.72
624330.0,3406130.0,42.6,36.8,19.8,35.72
624430.0,3406130.0,42.6,36.8,19.8,35.72
624530.0,3406130.0,42.6,36.8,19.8,35.72
624630.0,3406130.0,42.6,36.8,19.8,35.72
624730.0,3406130.0,42.6,36.8,19.8,35.72
624830.0,3406130.0,42.6,36.8,19.8,35.72
624930.0,3406130.0,42.6,36.8,19.8,35.72
625030.0,3406130.0,42.6,36.8,19.8,35.72
625130.0,3406130.0,42.6,36.8,19.8,35.72
625230.0,3406130.0,42.6,36.8,19.8,35.72
625330.0,3406130.0,42.6,36.8,19.8,35.72
625430.0,3406130.0,42.6,36.8,19.8,35.72
625530.0,3406130.0,42.6,36.8,19.8,35.72
625630.0,3406130.0,42.6,36.8,19.8,35.72
625730.0,3406130.0,42.6,36.8,19.8,35.72
625830.0,3406130.0,42.6,36.8,19.8,35.72
625930.0,3406130.0,42.6,36.8,19.8,35.72
626030.0,3406130.0,42.6,36.8,19.8,35.72
626130.0,3406130.0,42.6,36.8,19.8,35.72
626230.0,3406130.0,42.6,36.8,19.8,35.72
626330.0,3406130.0,42.6,36.8,19.8,35.72
626430.0,3406130.0,42.6,36.8,19.8,35.72
626530.0,3406130.0,42.6,36.8,19.8,35.72
626630.0,3406130.0,42.6,36.8,19.8,35.72
626730.0,3406130.0,42.6,36.8,19.8,35.72
626830.0,3406130.0,42.6,36.8,19.8,35.72
626930.0,3406130.0,42.6,36.8,19.8,35.72
627030.0,3406130.0,42.6,36.8,19.8,35.72
627130.0,3406130.0,42.6,36.8,19.8,35.72
627230.0,3406130.0,42.6,36.8,19.8,35.72
627330.0,3406130.0,42.6,36.8,19.8,35.72
627430.0,3406130.0,42.6,36.8,19.8,35.72
627530.0,3406130.0,42.6,36.8,19.8,35.72
627630.0,3406130.0,42.6,36.8,19.8,35.72
627730.0,3406130.0,42.6,36.8,19.8,35.72
627830.0,3406130.0,42.6,36.8,19.8,35.72
627930.0,3406130.0,42.6,36.8,19.8,35.72
628030.0,3406130.0,42.6,36.8,19.8,35.72
628130.0,3406130.0,42.6,36.8,19.8,35.72
628230.0,3406130.0,42.6,36.8,19.8,35.72
628330.0,3406130.0,42.6,36.8,19.8,35.72
628430.0,3406130.0,42.6,36.8,19.8,35.72
628530.0,3406130.0,42.6,36.8,19.8,35.72
628630.0,3406130.0,42.6,36.8,19.8,35.72
628730.0,3406130.0,42.6,36.8,19.8,35.72
628830.0,3406130.0,42.6,36.8,19.8,35.72
628930.0,3406130.0,42.6,36.8,19.8,35.72
629030.0,3406130.0,42.6,36.8,19.8,35.72
629130.0,3406130.0,42.6,36.8,19.8,35.72
629230.0,3406130.0,42.6,36.8,19.8,35.72
629330.0,3406130.0,42.6,36.8,19.8,35.72
629430.0,3406130.0,42.6,36.8,19.8,35.72
629530.0,3406130.0,42.6,36.8,19.8,35.72
629630.0,3406130.0,42.6,36.8,19.8,35.72
629730.0,3406130.0,42.6,36.8,19.8,35.72
629830.0,3406130.0,42.6,36.8,19.8,35.72
629930.0,3406130.0,42.6,36.8,19.8,35.72
630030.0,3406130.0,42.6,36.8,19.8,35.72
630130.0,3406130.0,42.6,36.8,19.8,35.72
630230.0,3406130.0,42.6,36.8,19.8,35.72
630330.0,3406130.0,42.6,36.8,19.8,35.72
630430.0,3406130.0,42.6,36.8,19.8,35.72
630530.0,3406130.0,42.6,36.8,19.8,35.72
630630.0,3406130.0,42.6,36.8,19.8,35.72
630730.0,3406130.0,42.6,36.8,19.8,35.72
630830.0,3406130.0,42.6,36.8,19.8,35.72
630930.0,3406130.0,42.6,36.8,19.8,35.72
631030.0,3406130.0,42.6,36.8,19.8,35.72
631130.0,3406130.0,42.6,36.8,19.8,35.72
631230.0,3406130.0,42.6,36.8,19.8,35.72
631330.0,3406130.0,42.6,36.8,19.8,35.72
631430.0,3406130.0,42.6,36.8,19.8,35.72
631530.0,3406130.0,42.6,36.8,19.8,35.72
631630.0,3406130.0,42.6,36.8,19.8,35.72
631730.0,3406130.0,42.6,36.8,19.8,35.72
631830.0,3406130.0,42.6,36.8,19.8,35.72
631930.0,3406130.0,42.6,36.8,19.8,35.72
632030.0,3406130.0,42.6,36.8,19.8,35.72
632130.0,3406130.0,42.6,36.8,19.8,35.72
632230.0,3406130.0,42.6,36.8,19.8,35.72
632330.0,3406130.0,42.6,36.8,19.8,35.72
632430.0,3406130.0,42.6,36.8,19.8,35.72
632530.0,3406130.0,42.6,36.8,19.8,35.72
632630.0,3406130.0,42.6,36.8,19.8,35.72
632730.0,3406130.0,42.6,36.8,19.8,35.72
632830.0,3406130.0,42.6,36.8,19.8,35.72
632930.0,3406130.0,42.6,36.8,19.8,35.72
633030.0,3406130.0,42.6,36.8,19.8,35.72
633130.0,3406130.0,42.6,36.8,19.8,35.72
633230.0,3406130.0,42.6,36.8,19.8,35.72
633330.0,3406130.0,42.6,36.8,19.8,35.72
633430.0,3406130.0,42.6,36.8,19.8,35.72
633530.0,3406130.0,42.6,36.8,19.8,35.72
633630.0,3406130.0,42.6,36.8,19.8,35.72
633730.0,3406130.0,42.6,36.8,19.8,35.72
633830.0,3406130.0,42.6,36.8,19.8,35.72
633930.0,3406130.0,42.6,36.8,19.8,35.72
634030.0,3406130.0,42.6,36.8,19.8,35.72
634130.0,3406130.0,42.6,36.8,19.8,35.72
634230.0,3406130.0,42.6,36.8,19.8,35.72
634330.0,3406130.0,42.6,36.8,19.8,35.72
634430.0,3406130.0,42.6,36.8,19.8,35.72
634530.0,3406130.0,42.6,36.8,19.8,35.72
634630.0,3406130.0,42.6,36.8,19.8,35.72
634730.0,3406130.0,42.6,36.8,19.8,35.72
634830.0,3406130.0,42.6,36.8,19.8,35.72
634930.0,3406130.0,42.6,36.8,19.8,35.72
635030.0,3406130.0,42.6,36.8,19.8,35.72
635130.0,3406130.0,42.6,36.8,19.8,35.72
635230.0,3406130.0,42.6,36.8,19.8,35.72
635330.0,3406130.0,42.6,36.8,19.8,35.72
635430.0,3406130.0,42.6,36.8,19.8,35.72
635530.0,3406130.0,42.6,36.8,19.8,35.72
635630.0,3406130.0,42.6,36.8,19.8,35.72
635730.0,3406130.0,42.6,36.8,19.8,35.72
635830.0,3406130.0,42.6,36.8,19.8,35.72
635930.0,3406130.0,42.6,36.8,19.8,35.72
636030.0,3406130.0,42.6,36.8,19.8,35.72
636130.0,3406130.0,42.6,36.8,19.8,35.72
636230.0,3406130.0,42.6,36.8,19.8,35.72
636330.0,3406130.0,42.6,36.8,19.8,35.72
636430.0,3406130.0,42.6,36.8,19.8,35.72
636530.0,3406130.0,42.6,36.8,19.8,35.72
636630.0,3406130.0,42.6,36.8,19.8,35.72
636730.0,3406130.0,42.6,36.8,19.8,35.72
636830.0,3406130.0,42.6,36.8,19.8,35.72
636930.0,3406130.0,42.6,36.8,19.8,35.72
637030.0,3406130.0,42.6,36.8,19.8,35.72
637130.0,3406130.0,42.6,36.8,19.8,35.72
637230.0,3406130.0,42.6,36.8,19.8,35.72
637330.0,3406130.0,42.6,36.8,19.8,35.72
637430.0,3406130.0,42.6,36.8,19.8,35.72
637530.0,3406130.0,42.6,36.8,19.8,35.72
637630.0,3406130.0,42.6,36.8,19.8,35.72
637730.0,3406130.0,42.6,36.8,19.8,35.72
637830.0,3406130.0,42.6,36.8,19.8,35.72
637930.0,3406130.0,42.6,36.8,19.8,35.72
638030.0,3406130.0,42.6,36.8,19.8,35.72
621330.0,3406030.0,42.6,36.8,19.8,35.72
621430.0,3406030.0,42.6,36.8,19.8,35.72
621530.0,3406030.0,42.6,36.8,19.8,35.72
621630.0,3406030.0,42.6,36.8,19.8,35.72
621730.0,3406030.0,42.6,36.8,19.8,35.72
621830.0,3406030.0,42.6,36.8,19.8,35.72
621930.0,3406030.0,42.6,36.8,19.8,35.72
622030.0,3406030.0,42.6,36.8,19.8,35.72
622130.0,3406030.0,42.6,36.8,19.8,35.72
622230.0,3406030.0,42.6,36.8,19.8,35.72
622330.0,3406030.0,42.6,36.8,19.8,35.72
622430.0,3406030.0,42.6,36.8,19.8,35.72
622530.0,3406030.0,42.6,36.8,19.8,35.72
622630.0,3406030.0,42.6,36.8,19.8,35.72
622730.0,3406030.0,42.6,36.8,19.8,35.72
622830.0,3406030.0,42.6,36.8,19.8,35.72
622930.0,3406030.0,42.6,36.8,19.8,35.72
623630.0,3406030.0,42.6,36.8,19.8,35.72
623730.0,3406030.0,42.6,36.8,19.8,35.72
623830.0,3406030.0,42.6,36.8,19.8,35.72
623930.0,3406030.0,42.6,36.8,19.8,35.72
624030.0,3406030.0,42.6,36.8,19.8,35.72
624130.0,3406030.0,42.6,36.8,19.8,35.72
624230.0,3406030.0,42.6,36.8,19.8,35.72
624330.0,3406030.0,42.6,36.8,19.8,35.72
624430.0,3406030.0,42.6,36.8,19.8,35.72
624530.0,3406030.0,42.6,36.8,19.8,35.72
624630.0,3406030.0,42.6,36.8,19.8,35.72
624730.0,3406030.0,42.6,36.8,19.8,35.72
624830.0,3406030.0,42.6,36.8,19.8,35.72
624930.0,3406030.0,42.6,36.8,19.8,35.72
625030.0,3406030.0,42.6,36.8,19.8,35.72
625130.0,3406030.0,42.6,36.8,19.8,35.72
625230.0,3406030.0,42.6,36.8,19.8,35.72
625330.0,3406030.0,42.6,36.8,19.8,35.72
625430.0,3406030.0,42.6,36.8,19.8,35.72
625530.0,3406030.0,42.6,36.8,19.8,35.72
625630.0,3406030.0,42.6,36.8,19.8,35.72
625730.0,3406030.0,42.6,36.8,19.8,35.72
625830.0,3406030.0,42.6,36.8,19.8,35.72
625930.0,3406030.0,42.6,36.8,19.8,35.72
626030.0,3406030.0,42.6,36.8,19.8,35.72
626130.0,3406030.0,42.6,36.8,19.8,35.72
626230.0,3406030.0,42.6,36.8,19.8,35.72
626330.0,3406030.0,42.6,36.8,19.8,35.72
626430.0,3406030.0,42.6,36.8,19.8,35.72
626530.0,3406030.0,42.6,36.8,19.8,35.72
626630.0,3406030.0,42.6,36.8,19.8,35.72
626730.0,3406030.0,42.6,36.8,19.8,35.72
626830.0,3406030.0,42.6,36.8,19.8,35.72
626930.0,3406030.0,42.6,36.8,19.8,35.72
627030.0,3406030.0,42.6,36.8,19.8,35.72
627130.0,3406030.0,42.6,36.8,19.8,35.72
627230.0,3406030.0,42.6,36.8,19.8,35.72
627330.0,3406030.0,42.6,36.8,19.8,35.72
627430.0,3406030.0,42.6,36.8,19.8,35.72
627530.0,3406030.0,42.6,36.8,19.8,35.72
627630.0,3406030.0,42.6,36.8,19.8,35.72
627730.0,3406030.0,42.6,36.8,19.8,35.72
627830.0,3406030.0,42.6,36.8,19.8,35.72
627930.0,3406030.0,42.6,36.8,19.8,35.72
628030.0,3406030.0,42.6,36.8,19.8,35.72
628130.0,3406030.0,42.6,36.8,19.8,35.72
628230.0,3406030.0,42.6,36.8,19.8,35.72
628330.0,3406030.0,42.6,36.8,19.8,35.72
628430.0,3406030.0,42.6,36.8,19.8,35.72
628530.0,3406030.0,42.6,36.8,19.8,35.72
628630.0,3406030.0,42.6,36.8,19.8,35.72
628730.0,3406030.0,42.6,36.8,19.8,35.72
628830.0,3406030.0,42.6,36.8,19.8,35.72
628930.0,3406030.0,42.6,36.8,19.8,35.72
629030.0,3406030.0,42.6,36.8,19.8,35.72
629130.0,3406030.0,42.6,36.8,19.8,35.72
629230.0,3406030.0,42.6,36.8,19.8,35.72
629330.0,3406030.0,42.6,36.8,19.8,35.72
629430.0,3406030.0,42.6,36.8,19.8,35.72
629530.0,3406030.0,42.6,36.8,19.8,35.72
629630.0,3406030.0,42.6,36.8,19.8,35.72
629730.0,3406030.0,42.6,36.8,19.8,35.72
629830.0,3406030.0,42.6,36.8,19.8,35.72
629930.0,3406030.0,42.6,36.8,19.8,35.72
630030.0,3406030.0,42.6,36.8,19.8,35.72
630130.0,3406030.0,42.6,36.8,19.8,35.72
630230.0,3406030.0,42.6,36.8,19.8,35.72
630330.0,3406030.0,42.6,36.8,19.8,35.72
630430.0,3406030.0,42.6,36.8,19.8,35.72
630530.0,3406030.0,42.6,36.8,19.8,35.72
630630.0,3406030.0,42.6,36.8,19.8,35.72
630730.0,3406030.0,42.6,36.8,19.8,35.72
630830.0,3406030.0,42.6,36.8,19.8,35.72
630930.0,3406030.0,42.6,36.8,19.8,35.72
631030.0,3406030.0,42.6,36.8,19.8,35.72
631130.0,3406030.0,42.6,36.8,19.8,35.72
631230.0,3406030.0,42.6,36.8,19.8,35.72
631330.0,3406030.0,42.6,36.8,19.8,35.72
631430.0,3406030.0,42.6,36.8,19.8,35.72
631530.0,3406030.0,42.6,36.8,19.8,35.72
631630.0,3406030.0,42.6,36.8,19.8,35.72
631730.0,3406030.0,42.6,36.8,19.8,35.72
631830.0,3406030.0,42.6,36.8,19.8,35.72
631930.0,3406030.0,42.6,36.8,19.8,35.72
632030.0,3406030.0,42.6,36.8,19.8,35.72
632130.0,3406030.0,42.6,36.8,19.8,35.72
632230.0,3406030.0,42.6,36.8,19.8,35.72
632330.0,3406030.0,42.6,36.8,19.8,35.72
632430.0,3406030.0,42.6,36.8,19.8,35.72
632530.0,3406030.0,42.6,36.8,19.8,35.72
632630.0,3406030.0,42.6,36.8,19.8,35.72
632730.0,3406030.0,42.6,36.8,19.8,35.72
632830.0,3406030.0,42.6,36.8,19.8,35.72
632930.0,3406030.0,42.6,36.8,19.8,35.72
633030.0,3406030.0,42.6,36.8,19.8,35.72
633130.0,3406030.0,42.6,36.8,19.8,35.72
633230.0,3406030.0,42.6,36.8,19.8,35.72
633330.0,3406030.0,42.6,36.8,19.8,35.72
633430.0,3406030.0,42.6,36.8,19.8,35.72
633530.0,3406030.0,42.6,36.8,19.8,35.72
633630.0,3406030.0,42.6,36.8,19.8,35.72
633730.0,3406030.0,42.6,36.8,19.8,35.72
633830.0,3406030.0,42.6,36.8,19.8,35.72
633930.0,3406030.0,42.6,36.8,19.8,35.72
634030.0,3406030.0,42.6,36.8,19.8,35.72
634130.0,3406030.0,42.6,36.8,19.8,35.72
634230.0,3406030.0,42.6,36.8,19.8,35.72
634330.0,3406030.0,42.6,36.8,19.8,35.72
634430.0,3406030.0,42.6,36.8,19.8,35.72
634530.0,3406030.0,42.6,36.8,19.8,35.72
634630.0,3406030.0,42.6,36.8,19.8,35.72
634730.0,3406030.0,42.6,36.8,19.8,35.72
634830.0,3406030.0,42.6,36.8,19.8,35.72
634930.0,3406030.0,42.6,36.8,19.8,35.72
635030.0,3406030.0,42.6,36.8,19.8,35.72
635130.0,3406030.0,42.6,36.8,19.8,35.72
635230.0,3406030.0,42.6,36.8,19.8,35.72
635330.0,3406030.0,42.6,36.8,19.8,35.72
635430.0,3406030.0,42.6,36.8,19.8,35.72
635530.0,3406030.0,42.6,36.8,19.8,35.72
635630.0,3406030.0,42.6,36.8,19.8,35.72
635730.0,3406030.0,42.6,36.8,19.8,35.72
635830.0,3406030.0,42.6,36.8,19.8,35.72
635930.0,3406030.0,42.6,36.8,19.8,35.72
636030.0,3406030.0,42.6,36.8,19.8,35.72
636130.0,3406030.0,42.6,36.8,19.8,35.72
636230.0,3406030.0,42.6,36.8,19.8,35.72
636330.0,3406030.0,42.6,36.8,19.8,35.72
636430.0,3406030.0,42.6,36.8,19.8,35.72
636530.0,3406030.0,42.6,36.8,19.8,35.72
636630.0,3406030.0,42.6,36.8,19.8,35.72
636730.0,3406030.0,42.6,36.8,19.8,35.72
636830.0,3406030.0,42.6,36.8,19.8,35.72
636930.0,3406030.0,42.6,36.8,19.8,35.72
637030.0,3406030.0,42.6,36.8,19.8,35.72
637130.0,3406030.0,42.6,36.8,19.8,35.72
637230.0,3406030.0,42.6,36.8,19.8,35.72
637330.0,3406030.0,42.6,36.8,19.8,35.72
637430.0,3406030.0,42.6,36.8,19.8,35.72
637530.0,3406030.0,42.6,36.8,19.8,35.72
637630.0,3406030.0,42.6,36.8,19.8,35.72
637730.0,3406030.0,42.6,36.8,19.8,35.72
637830.0,3406030.0,42.6,36.8,19.8,35.72
637930.0,3406030.0,42.6,36.8,19.8,35.72
638030.0,3406030.0,42.6,36.8,19.8,35.72
621430.0,3405930.0,42.6,36.8,19.8,35.72
621530.0,3405930.0,42.6,36.8,19.8,35.72
621630.0,3405930.0,42.6,36.8,19.8,35.72
621730.0,3405930.0,42.6,36.8,19.8,35.72
621830.0,3405930.0,42.6,36.8,19.8,35.72
621930.0,3405930.0,42.6,36.8,19.8,35.72
622030.0,3405930.0,42.6,36.8,19.8,35.72
622130.0,3405930.0,42.6,36.8,19.8,35.72
622230.0,3405930.0,42.6,36.8,19.8,35.72
622330.0,3405930.0,42.6,36.8,19.8,35.72
622430.0,3405930.0,42.6,36.8,19.8,35.72
622530.0,3405930.0,42.6,36.8,19.8,35.72
622630.0,3405930.0,42.6,36.8,19.8,35.72
622730.0,3405930.0,42.6,36.8,19.8,35.72
623730.0,3405930.0,42.6,36.8,19.8,35.72
623830.0,3405930.0,42.6,36.8,19.8,35.72
623930.0,3405930.0,42.6,36.8,19.8,35.72
624030.0,3405930.0,42.6,36.8,19.8,35.72
624130.0,3405930.0,42.6,36.8,19.8,35.72
624230.0,3405930.0,42.6,36.8,19.8,35.72
624330.0,3405930.0,42.6,36.8,19.8,35.72
624430.0,3405930.0,42.6,36.8,19.8,35.72
624530.0,3405930.0,42.6,36.8,19.8,35.72
624630.0,3405930.0,42.6,36.8,19.8,35.72
624730.0,3405930.0,42.6,36.8,19.8,35.72
624830.0,3405930.0,42.6,36.8,19.8,35.72
624930.0,3405930.0,42.6,36.8,19.8,35.72
625030.0,3405930.0,42.6,36.8,19.8,35.72
625130.0,3405930.0,42.6,36.8,19.8,35.72
625230.0,3405930.0,42.6,36.8,19.8,35.72
625330.0,3405930.0,42.6,36.8,19.8,35.72
625430.0,3405930.0,42.6,36.8,19.8,35.72
625530.0,3405930.0,42.6,36.8,19.8,35.72
625630.0,3405930.0,42.6,36.8,19.8,35.72
625730.0,3405930.0,42.6,36.8,19.8,35.72
625830.0,3405930.0,42.6,36.8,19.8,35.72
625930.0,3405930.0,42.6,36.8,19.8,35.72
626030.0,3405930.0,42.6,36.8,19.8,35.72
626130.0,3405930.0,42.6,36.8,19.8,35.72
626230.0,3405930.0,42.6,36.8,19.8,35.72
626330.0,3405930.0,42.6,36.8,19.8,35.72
626430.0,3405930.0,42.6,36.8,19.8,35.72
626530.0,3405930.0,42.6,36.8,19.8,35.72
626630.0,3405930.0,42.6,36.8,19.8,35.72
626730.0,3405930.0,42.6,36.8,19.8,35.72
626830.0,3405930.0,42.6,36.8,19.8,35.72
626930.0,3405930.0,42.6,36.8,19.8,35.72
627030.0,3405930.0,42.6,36.8,19.8,35.72
627130.0,3405930.0,42.6,36.8,19.8,35.72
627230.0,3405930.0,42.6,36.8,19.8,35.72
627330.0,3405930.0,42.6,36.8,19.8,35.72
627430.0,3405930.0,42.6,36.8,19.8,35.72
627530.0,3405930.0,42.6,36.8,19.8,35.72
627630.0,3405930.0,42.6,36.8,19.8,35.72
627730.0,3405930.0,42.6,36.8,19.8,35.72
627830.0,3405930.0,42.6,36.8,19.8,35.72
627930.0,3405930.0,42.6,36.8,19.8,35.72
628030.0,3405930.0,42.6,36.8,19.8,35.72
628130.0,3405930.0,42.6,36.8,19.8,35.72
628230.0,3405930.0,42.6,36.8,19.8,35.72
628330.0,3405930.0,42.6,36.8,19.8,35.72
628430.0,3405930.0,42.6,36.8,19.8,35.72
628530.0,3405930.0,42.6,36.8,19.8,35.72
628630.0,3405930.0,42.6,36.8,19.8,35.72
628730.0,3405930.0,42.6,36.8,19.8,35.72
628830.0,3405930.0,42.6,36.8,19.8,35.72
628930.0,3405930.0,42.6,36.8,19.8,35.72
629030.0,3405930.0,42.6,36.8,19.8,35.72
629130.0,3405930.0,42.6,36.8,19.8,35.72
629230.0,3405930.0,42.6,36.8,19.8,35.72
629330.0,3405930.0,42.6,36.8,19.8,35.72
629430.0,3405930.0,42.6,36.8,19.8,35.72
629530.0,3405930.0,42.6,36.8,19.8,35.72
629630.0,3405930.0,42.6,36.8,19.8,35.72
629730.0,3405930.0,42.6,36.8,19.8,35.72
629830.0,3405930.0,42.6,36.8,19.8,35.72
629930.0,3405930.0,42.6,36.8,19.8,35.72
630030.0,3405930.0,42.6,36.8,19.8,35.72
630130.0,3405930.0,42.6,36.8,19.8,35.72
630230.0,3405930.0,42.6,36.8,19.8,35.72
630330.0,3405930.0,42.6,36.8,19.8,35.72
630430.0,3405930.0,42.6,36.8,19.8,35.72
630530.0,3405930.0,42.6,36.8,19.8,35.72
630630.0,3405930.0,42.6,36.8,19.8,35.72
630730.0,3405930.0,42.6,36.8,19.8,35.72
630830.0,3405930.0,42.6,36.8,19.8,35.72
630930.0,3405930.0,42.6,36.8,19.8,35.72
631030.0,3405930.0,42.6,36.8,19.8,35.72
631130.0,3405930.0,42.6,36.8,19.8,35.72
631230.0,3405930.0,42.6,36.8,19.8,35.72
631330.0,3405930.0,42.6,36.8,19.8,35.72
631430.0,3405930.0,42.6,36.8,19.8,35.72
631530.0,3405930.0,42.6,36.8,19.8,35.72
631630.0,3405930.0,42.6,36.8,19.8,35.72
631730.0,3405930.0,42.6,36.8,19.8,35.72
631830.0,3405930.0,42.6,36.8,19.8,35.72
631930.0,3405930.0,42.6,36.8,19.8,35.72
632030.0,3405930.0,42.6,36.8,19.8,35.72
632130.0,3405930.0,42.6,36.8,19.8,35.72
632230.0,3405930.0,42.6,36.8,19.8,35.72
632330.0,3405930.0,42.6,36.8,19.8,35.72
632430.0,3405930.0,42.6,36.8,19.8,35.72
632530.0,3405930.0,42.6,36.8,19.8,35.72
632630.0,3405930.0,42.6,36.8,19.8,35.72
632730.0,3405930.0,42.6,36.8,19.8,35.72
632830.0,3405930.0,42.6,36.8,19.8,35.72
632930.0,3405930.0,42.6,36.8,19.8,35.72
633030.0,3405930.0,42.6,36.8,19.8,35.72
633130.0,3405930.0,42.6,36.8,19.8,35.72
633230.0,3405930.0,42.6,36.8,19.8,35.72
633330.0,3405930.0,42.6,36.8,19.8,35.72
633430.0,3405930.0,42.6,36.8,19.8,35.72
633530.0,3405930.0,42.6,36.8,19.8,35.72
633630.0,3405930.0,42.6,36.8,19.8,35.72
633730.0,3405930.0,42.6,36.8,19.8,35.72
633830.0,3405930.0,42.6,36.8,19.8,35.72
633930.0,3405930.0,42.6,36.8,19.8,35.72
634030.0,3405930.0,42.6,36.8,19.8,35.72
634130.0,3405930.0,42.6,36.8,19.8,35.72
634230.0,3405930.0,42.6,36.8,19.8,35.72
634330.0,3405930.0,42.6,36.8,19.8,35.72
634430.0,3405930.0,42.6,36.8,19.8,35.72
634530.0,3405930.0,42.6,36.8,19.8,35.72
634630.0,3405930.0,42.6,36.8,19.8,35.72
634730.0,3405930.0,42.6,36.8,19.8,35.72
634830.0,3405930.0,42.6,36.8,19.8,35.72
634930.0,3405930.0,42.6,36.8,19.8,35.72
635030.0,3405930.0,42.6,36.8,19.8,35.72
635130.0,3405930.0,42.6,36.8,19.8,35.72
635230.0,3405930.0,42.6,36.8,19.8,35.72
635330.0,3405930.0,42.6,36.8,19.8,35.72
635430.0,3405930.0,42.6,36.8,19.8,35.72
635530.0,3405930.0,42.6,36.8,19.8,35.72
635630.0,3405930.0,42.6,36.8,19.8,35.72
635730.0,3405930.0,42.6,36.8,19.8,35.72
635830.0,3405930.0,42.6,36.8,19.8,35.72
635930.0,3405930.0,42.6,36.8,19.8,35.72
636030.0,3405930.0,42.6,36.8,19.8,35.72
636130.0,3405930.0,42.6,36.8,19.8,35.72
636230.0,3405930.0,42.6,36.8,19.8,35.72
636330.0,3405930.0,42.6,36.8,19.8,35.72
636430.0,3405930.0,42.6,36.8,19.8,35.72
636530.0,3405930.0,42.6,36.8,19.8,35.72
636630.0,3405930.0,42.6,36.8,19.8,35.72
636730.0,3405930.0,42.6,36.8,19.8,35.72
636830.0,3405930.0,42.6,36.8,19.8,35.72
636930.0,3405930.0,42.6,36.8,19.8,35.72
637030.0,3405930.0,42.6,36.8,19.8,35.72
637130.0,3405930.0,42.6,36.8,19.8,35.72
637230.0,3405930.0,42.6,36.8,19.8,35.72
637330.0,3405930.0,42.6,36.8,19.8,35.72
637430.0,3405930.0,42.6,36.8,19.8,35.72
637530.0,3405930.0,42.6,36.8,19.8,35.72
637630.0,3405930.0,42.6,36.8,19.8,35.72
637730.0,3405930.0,42.6,36.8,19.8,35.72
637830.0,3405930.0,42.6,36.8,19.8,35.72
637930.0,3405930.0,42.6,36.8,19.8,35.72
638030.0,3405930.0,42.6,36.8,19.8,35.72
621430.0,3405830.0,42.6,36.8,19.8,35.72
621530.0,3405830.0,42.6,36.8,19.8,35.72
621630.0,3405830.0,42.6,36.8,19.8,35.72
621730.0,3405830.0,42.6,36.8,19.8,35.72
621830.0,3405830.0,42.6,36.8,19.8,35.72
621930.0,3405830.0,42.6,36.8,19.8,35.72
622030.0,3405830.0,42.6,36.8,19.8,35.72
622130.0,3405830.0,42.6,36.8,19.8,35.72
622230.0,3405830.0,42.6,36.8,19.8,35.72
622330.0,3405830.0,42.6,36.8,19.8,35.72
622430.0,3405830.0,42.6,36.8,19.8,35.72
622530.0,3405830.0,42.6,36.8,19.8,35.72
623730.0,3405830.0,42.6,36.8,19.8,35.72
623830.0,3405830.0,42.6,36.8,19.8,35.72
623930.0,3405830.0,42.6,36.8,19.8,35.72
624030.0,3405830.0,42.6,36.8,19.8,35.72
624130.0,3405830.0,42.6,36.8,19.8,35.72
624230.0,3405830.0,42.6,36.8,19.8,35.72
624330.0,3405830.0,42.6,36.8,19.8,35.72
624430.0,3405830.0,42.6,36.8,19.8,35.72
624530.0,3405830.0,42.6,36.8,19.8,35.72
624630.0,3405830.0,42.6,36.8,19.8,35.72
624730.0,3405830.0,42.6,36.8,19.8,35.72
624830.0,3405830.0,42.6,36.8,19.8,35.72
624930.0,3405830.0,42.6,36.8,19.8,35.72
625030.0,3405830.0,42.6,36.8,19.8,35.72
625130.0,3405830.0,42.6,36.8,19.8,35.72
625230.0,3405830.0,42.6,36.8,19.8,35.72
625330.0,3405830.0,42.6,36.8,19.8,35.72
625430.0,3405830.0,42.6,36.8,19.8,35.72
625530.0,3405830.0,42.6,36.8,19.8,35.72
625630.0,3405830.0,42.6,36.8,19.8,35.72
625730.0,3405830.0,42.6,36.8,19.8,35.72
625830.0,3405830.0,42.6,36.8,19.8,35.72
625930.0,3405830.0,42.6,36.8,19.8,35.72
626030.0,3405830.0,42.6,36.8,19.8,35.72
626130.0,3405830.0,42.6,36.8,19.8,35.72
626230.0,3405830.0,42.6,36.8,19.8,35.72
626330.0,3405830.0,42.6,36.8,19.8,35.72
626430.0,3405830.0,42.6,36.8,19.8,35.72
626530.0,3405830.0,42.6,36.8,19.8,35.72
626630.0,3405830.0,42.6,36.8,19.8,35.72
626730.0,3405830.0,42.6,36.8,19.8,35.72
626830.0,3405830.0,42.6,36.8,19.8,35.72
626930.0,3405830.0,42.6,36.8,19.8,35.72
627030.0,3405830.0,42.6,36.8,19.8,35.72
627130.0,3405830.0,42.6,36.8,19.8,35.72
627230.0,3405830.0,42.6,36.8,19.8,35.72
627330.0,3405830.0,42.6,36.8,19.8,35.72
627430.0,3405830.0,42.6,36.8,19.8,35.72
627530.0,3405830.0,42.6,36.8,19.8,35.72
627630.0,3405830.0,42.6,36.8,19.8,35.72
627730.0,3405830.0,42.6,36.8,19.8,35.72
627830.0,3405830.0,42.6,36.8,19.8,35.72
627930.0,3405830.0,42.6,36.8,19.8,35.72
628030.0,3405830.0,42.6,36.8,19.8,35.72
628130.0,3405830.0,42.6,36.8,19.8,35.72
628230.0,3405830.0,42.6,36.8,19.8,35.72
628330.0,3405830.0,42.6,36.8,19.8,35.72
628430.0,3405830.0,42.6,36.8,19.8,35.72
628530.0,3405830.0,42.6,36.8,19.8,35.72
628630.0,3405830.0,42.6,36.8,19.8,35.72
628730.0,3405830.0,42.6,36.8,19.8,35.72
628830.0,3405830.0,42.6,36.8,19.8,35.72
628930.0,3405830.0,42.6,36.8,19.8,35.72
629030.0,3405830.0,42.6,36.8,19.8,35.72
629130.0,3405830.0,42.6,36.8,19.8,35.72
629230.0,3405830.0,42.6,36.8,19.8,35.72
629330.0,3405830.0,42.6,36.8,19.8,35.72
629430.0,3405830.0,42.6,36.8,19.8,35.72
629530.0,3405830.0,42.6,36.8,19.8,35.72
629630.0,3405830.0,42.6,36.8,19.8,35.72
629730.0,3405830.0,42.6,36.8,19.8,35.72
629830.0,3405830.0,42.6,36.8,19.8,35.72
629930.0,3405830.0,42.6,36.8,19.8,35.72
630030.0,3405830.0,42.6,36.8,19.8,35.72
630130.0,3405830.0,42.6,36.8,19.8,35.72
630230.0,3405830.0,42.6,36.8,19.8,35.72
630330.0,3405830.0,42.6,36.8,19.8,35.72
630430.0,3405830.0,42.6,36.8,19.8,35.72
630530.0,3405830.0,42.6,36.8,19.8,35.72
630630.0,3405830.0,42.6,36.8,19.8,35.72
630730.0,3405830.0,42.6,36.8,19.8,35.72
630830.0,3405830.0,42.6,36.8,19.8,35.72
630930.0,3405830.0,42.6,36.8,19.8,35.72
631030.0,3405830.0,42.6,36.8,19.8,35.72
631130.0,3405830.0,42.6,36.8,19.8,35.72
631230.0,3405830.0,42.6,36.8,19.8,35.72
631330.0,3405830.0,42.6,36.8,19.8,35.72
631430.0,3405830.0,42.6,36.8,19.8,35.72
631530.0,3405830.0,42.6,36.8,19.8,35.72
631630.0,3405830.0,42.6,36.8,19.8,35.72
631730.0,3405830.0,42.6,36.8,19.8,35.72
631830.0,3405830.0,42.6,36.8,19.8,35.72
631930.0,3405830.0,42.6,36.8,19.8,35.72
632030.0,3405830.0,42.6,36.8,19.8,35.72
632130.0,3405830.0,42.6,36.8,19.8,35.72
632230.0,3405830.0,42.6,36.8,19.8,35.72
632330.0,3405830.0,42.6,36.8,19.8,35.72
632430.0,3405830.0,42.6,36.8,19.8,35.72
632530.0,3405830.0,42.6,36.8,19.8,35.72
632630.0,3405830.0,42.6,36.8,19.8,35.72
632730.0,3405830.0,42.6,36.8,19.8,35.72
632830.0,3405830.0,42.6,36.8,19.8,35.72
632930.0,3405830.0,42.6,36.8,19.8,35.72
633030.0,3405830.0,42.6,36.8,19.8,35.72
633130.0,3405830.0,42.6,36.8,19.8,35.72
633230.0,3405830.0,42.6,36.8,19.8,35.72
633330.0,3405830.0,42.6,36.8,19.8,35.72
633430.0,3405830.0,42.6,36.8,19.8,35.72
633530.0,3405830.0,42.6,36.8,19.8,35.72
633630.0,3405830.0,42.6,36.8,19.8,35.72
633730.0,3405830.0,42.6,36.8,19.8,35.72
633830.0,3405830.0,42.6,36.8,19.8,35.72
633930.0,3405830.0,42.6,36.8,19.8,35.72
634030.0,3405830.0,42.6,36.8,19.8,35.72
634130.0,3405830.0,42.6,36.8,19.8,35.72
634230.0,3405830.0,42.6,36.8,19.8,35.72
634330.0,3405830.0,42.6,36.8,19.8,35.72
634430.0,3405830.0,42.6,36.8,19.8,35.72
634530.0,3405830.0,42.6,36.8,19.8,35.72
634630.0,3405830.0,42.6,36.8,19.8,35.72
634730.0,3405830.0,42.6,36.8,19.8,35.72
634830.0,3405830.0,42.6,36.8,19.8,35.72
634930.0,3405830.0,42.6,36.8,19.8,35.72
635030.0,3405830.0,42.6,36.8,19.8,35.72
635130.0,3405830.0,42.6,36.8,19.8,35.72
635230.0,3405830.0,42.6,36.8,19.8,35.72
635330.0,3405830.0,42.6,36.8,19.8,35.72
635430.0,3405830.0,42.6,36.8,19.8,35.72
635530.0,3405830.0,42.6,36.8,19.8,35.72
635630.0,3405830.0,42.6,36.8,19.8,35.72
635730.0,3405830.0,42.6,36.8,19.8,35.72
635830.0,3405830.0,42.6,36.8,19.8,35.72
635930.0,3405830.0,42.6,36.8,19.8,35.72
636030.0,3405830.0,42.6,36.8,19.8,35.72
636130.0,3405830.0,42.6,36.8,19.8,35.72
636230.0,3405830.0,42.6,36.8,19.8,35.72
636330.0,3405830.0,42.6,36.8,19.8,35.72
636430.0,3405830.0,42.6,36.8,19.8,35.72
636530.0,3405830.0,42.6,36.8,19.8,35.72
636630.0,3405830.0,42.6,36.8,19.8,35.72
636730.0,3405830.0,42.6,36.8,19.8,35.72
636830.0,3405830.0,42.6,36.8,19.8,35.72
636930.0,3405830.0,42.6,36.8,19.8,35.72
637030.0,3405830.0,42.6,36.8,19.8,35.72
637130.0,3405830.0,42.6,36.8,19.8,35.72
637230.0,3405830.0,42.6,36.8,19.8,35.72
637330.0,3405830.0,42.6,36.8,19.8,35.72
637430.0,3405830.0,42.6,36.8,19.8,35.72
637530.0,3405830.0,42.6,36.8,19.8,35.72
637630.0,3405830.0,42.6,36.8,19.8,35.72
637730.0,3405830.0,42.6,36.8,19.8,35.72
637830.0,3405830.0,42.6,36.8,19.8,35.72
637930.0,3405830.0,42.6,36.8,19.8,35.72
638030.0,3405830.0,42.6,36.8,19.8,35.72
621530.0,3405730.0,42.6,36.8,19.8,35.72
621630.0,3405730.0,42.6,36.8,19.8,35.72
621730.0,3405730.0,42.6,36.8,19.8,35.72
621830.0,3405730.0,42.6,36.8,19.8,35.72
621930.0,3405730.0,42.6,36.8,19.8,35.72
622030.0,3405730.0,42.6,36.8,19.8,35.72
622130.0,3405730.0,42.6,36.8,19.8,35.72
622230.0,3405730.0,42.6,36.8,19.8,35.72
622330.0,3405730.0,42.6,36.8,19.8,35.72
623730.0,3405730.0,42.6,36.8,19.8,35.72
623830.0,3405730.0,42.6,36.8,19.8,35.72
623930.0,3405730.0,42.6,36.8,19.8,35.72
624030.0,3405730.0,42.6,36.8,19.8,35.72
624130.0,3405730.0,42.6,36.8,19.8,35.72
624230.0,3405730.0,42.6,36.8,19.8,35.72
624330.0,3405730.0,42.6,36.8,19.8,35.72
624430.0,3405730.0,42.6,36.8,19.8,35.72
624530.0,3405730.0,42.6,36.8,19.8,35.72
624630.0,3405730.0,42.6,36.8,19.8,35.72
624730.0,3405730.0,42.6,36.8,19.8,35.72
624830.0,3405730.0,42.6,36.8,19.8,35.72
624930.0,3405730.0,42.6,36.8,19.8,35.72
625030.0,3405730.0,42.6,36.8,19.8,35.72
625130.0,3405730.0,42.6,36.8,19.8,35.72
625230.0,3405730.0,42.6,36.8,19.8,35.72
625330.0,3405730.0,42.6,36.8,19.8,35.72
625430.0,3405730.0,42.6,36.8,19.8,35.72
625530.0,3405730.0,42.6,36.8,19.8,35.72
625630.0,3405730.0,42.6,36.8,19.8,35.72
625730.0,3405730.0,42.6,36.8,19.8,35.72
625830.0,3405730.0,42.6,36.8,19.8,35.72
625930.0,3405730.0,42.6,36.8,19.8,35.72
626030.0,3405730.0,42.6,36.8,19.8,35.72
626130.0,3405730.0,42.6,36.8,19.8,35.72
626230.0,3405730.0,42.6,36.8,19.8,35.72
626330.0,3405730.0,42.6,36.8,19.8,35.72
626430.0,3405730.0,42.6,36.8,19.8,35.72
626530.0,3405730.0,42.6,36.8,19.8,35.72
626630.0,3405730.0,42.6,36.8,19.8,35.72
626730.0,3405730.0,42.6,36.8,19.8,35.72
626830.0,3405730.0,42.6,36.8,19.8,35.72
626930.0,3405730.0,42.6,36.8,19.8,35.72
627030.0,3405730.0,42.6,36.8,19.8,35.72
627130.0,3405730.0,42.6,36.8,19.8,35.72
627230.0,3405730.0,42.6,36.8,19.8,35.72
627330.0,3405730.0,42.6,36.8,19.8,35.72
627430.0,3405730.0,42.6,36.8,19.8,35.72
627530.0,3405730.0,42.6,36.8,19.8,35.72
627630.0,3405730.0,42.6,36.8,19.8,35.72
627730.0,3405730.0,42.6,36.8,19.8,35.72
627830.0,3405730.0,42.6,36.8,19.8,35.72
627930.0,3405730.0,42.6,36.8,19.8,35.72
628030.0,3405730.0,42.6,36.8,19.8,35.72
628130.0,3405730.0,42.6,36.8,19.8,35.72
628230.0,3405730.0,42.6,36.8,19.8,35.72
628330.0,3405730.0,42.6,36.8,19.8,35.72
628430.0,3405730.0,42.6,36.8,19.8,35.72
628530.0,3405730.0,42.6,36.8,19.8,35.72
628630.0,3405730.0,42.6,36.8,19.8,35.72
628730.0,3405730.0,42.6,36.8,19.8,35.72
628830.0,3405730.0,42.6,36.8,19.8,35.72
628930.0,3405730.0,42.6,36.8,19.8,35.72
629030.0,3405730.0,42.6,36.8,19.8,35.72
629130.0,3405730.0,42.6,36.8,19.8,35.72
629230.0,3405730.0,42.6,36.8,19.8,35.72
629330.0,3405730.0,42.6,36.8,19.8,35.72
629430.0,3405730.0,42.6,36.8,19.8,35.72
629530.0,3405730.0,42.6,36.8,19.8,35.72
629630.0,3405730.0,42.6,36.8,19.8,35.72
629730.0,3405730.0,42.6,36.8,19.8,35.72
629830.0,3405730.0,42.6,36.8,19.8,35.72
629930.0,3405730.0,42.6,36.8,19.8,35.72
630030.0,3405730.0,42.6,36.8,19.8,35.72
630130.0,3405730.0,42.6,36.8,19.8,35.72
630230.0,3405730.0,42.6,36.8,19.8,35.72
630330.0,3405730.0,42.6,36.8,19.8,35.72
630430.0,3405730.0,42.6,36.8,19.8,35.72
630530.0,3405730.0,42.6,36.8,19.8,35.72
630630.0,3405730.0,42.6,36.8,19.8,35.72
630730.0,3405730.0,42.6,36.8,19.8,35.72
630830.0,3405730.0,42.6,36.8,19.8,35.72
630930.0,3405730.0,42.6,36.8,19.8,35.72
631030.0,3405730.0,42.6,36.8,19.8,35.72
631130.0,3405730.0,42.6,36.8,19.8,35.72
631230.0,3405730.0,42.6,36.8,19.8,35.72
631330.0,3405730.0,42.6,36.8,19.8,35.72
631430.0,3405730.0,42.6,36.8,19.8,35.72
631530.0,3405730.0,42.6,36.8,19.8,35.72
631630.0,3405730.0,42.6,36.8,19.8,35.72
631730.0,3405730.0,42.6,36.8,19.8,35.72
631830.0,3405730.0,42.6,36.8,19.8,35.72
631930.0,3405730.0,42.6,36.8,19.8,35.72
632030.0,3405730.0,42.6,36.8,19.8,35.72
632130.0,3405730.0,42.6,36.8,19.8,35.72
632230.0,3405730.0,42.6,36.8,19.8,35.72
632330.0,3405730.0,42.6,36.8,19.8,35.72
632430.0,3405730.0,42.6,36.8,19.8,35.72
632530.0,3405730.0,42.6,36.8,19.8,35.72
632630.0,3405730.0,42.6,36.8,19.8,35.72
632730.0,3405730.0,42.6,36.8,19.8,35.72
632830.0,3405730.0,42.6,36.8,19.8,35.72
632930.0,3405730.0,42.6,36.8,19.8,35.72
633030.0,3405730.0,42.6,36.8,19.8,35.72
633130.0,3405730.0,42.6,36.8,19.8,35.72
633230.0,3405730.0,42.6,36.8,19.8,35.72
633330.0,3405730.0,42.6,36.8,19.8,35.72
633430.0,3405730.0,42.6,36.8,19.8,35.72
633530.0,3405730.0,42.6,36.8,19.8,35.72
633630.0,3405730.0,42.6,36.8,19.8,35.72
633730.0,3405730.0,42.6,36.8,19.8,35.72
633830.0,3405730.0,42.6,36.8,19.8,35.72
633930.0,3405730.0,42.6,36.8,19.8,35.72
634030.0,3405730.0,42.6,36.8,19.8,35.72
634130.0,3405730.0,42.6,36.8,19.8,35.72
634230.0,3405730.0,42.6,36.8,19.8,35.72
634330.0,3405730.0,42.6,36.8,19.8,35.72
634430.0,3405730.0,42.6,36.8,19.8,35.72
634530.0,3405730.0,42.6,36.8,19.8,35.72
634630.0,3405730.0,42.6,36.8,19.8,35.72
634730.0,3405730.0,42.6,36.8,19.8,35.72
634830.0,3405730.0,42.6,36.8,19.8,35.72
634930.0,3405730.0,42.6,36.8,19.8,35.72
635030.0,3405730.0,42.6,36.8,19.8,35.72
635130.0,3405730.0,42.6,36.8,19.8,35.72
635230.0,3405730.0,42.6,36.8,19.8,35.72
635330.0,3405730.0,42.6,36.8,19.8,35.72
635430.0,3405730.0,42.6,36.8,19.8,35.72
635530.0,3405730.0,42.6,36.8,19.8,35.72
635630.0,3405730.0,42.6,36.8,19.8,35.72
635730.0,3405730.0,42.6,36.8,19.8,35.72
635830.0,3405730.0,42.6,36.8,19.8,35.72
635930.0,3405730.0,42.6,36.8,19.8,35.72
636030.0,3405730.0,42.6,36.8,19.8,35.72
636130.0,3405730.0,42.6,36.8,19.8,35.72
636230.0,3405730.0,42.6,36.8,19.8,35.72
636330.0,3405730.0,42.6,36.8,19.8,35.72
636430.0,3405730.0,42.6,36.8,19.8,35.72
636530.0,3405730.0,42.6,36.8,19.8,35.72
636630.0,3405730.0,42.6,36.8,19.8,35.72
636730.0,3405730.0,42.6,36.8,19.8,35.72
636830.0,3405730.0,42.6,36.8,19.8,35.72
636930.0,3405730.0,42.6,36.8,19.8,35.72
637030.0,3405730.0,42.6,36.8,19.8,35.72
637130.0,3405730.0,42.6,36.8,19.8,35.72
637230.0,3405730.0,42.6,36.8,19.8,35.72
637330.0,3405730.0,42.6,36.8,19.8,35.72
637430.0,3405730.0,42.6,36.8,19.8,35.72
637530.0,3405730.0,42.6,36.8,19.8,35.72
637630.0,3405730.0,42.6,36.8,19.8,35.72
637730.0,3405730.0,42.6,36.8,19.8,35.72
637830.0,3405730.0,42.6,36.8,19.8,35.72
637930.0,3405730.0,42.6,36.8,19.8,35.72
638030.0,3405730.0,42.6,36.8,19.8,35.72
638130.0,3405730.0,42.6,36.8,19.8,35.72
621630.0,3405630.0,42.6,36.8,19.8,35.72
621730.0,3405630.0,42.6,36.8,19.8,35.72
621830.0,3405630.0,42.6,36.8,19.8,35.72
621930.0,3405630.0,42.6,36.8,19.8,35.72
622030.0,3405630.0,42.6,36.8,19.8,35.72
623830.0,3405630.0,42.6,36.8,19.8,35.72
623930.0,3405630.0,42.6,36.8,19.8,35.72
624030.0,3405630.0,42.6,36.8,19.8,35.72
624130.0,3405630.0,42.6,36.8,19.8,35.72
624230.0,3405630.0,42.6,36.8,19.8,35.72
624330.0,3405630.0,42.6,36.8,19.8,35.72
624430.0,3405630.0,42.6,36.8,19.8,35.72
624530.0,3405630.0,42.6,36.8,19.8,35.72
624630.0,3405630.0,42.6,36.8,19.8,35.72
624730.0,3405630.0,42.6,36.8,19.8,35.72
624830.0,3405630.0,42.6,36.8,19.8,35.72
624930.0,3405630.0,42.6,36.8,19.8,35.72
625030.0,3405630.0,42.6,36.8,19.8,35.72
625130.0,3405630.0,42.6,36.8,19.8,35.72
625230.0,3405630.0,42.6,36.8,19.8,35.72
625330.0,3405630.0,42.6,36.8,19.8,35.72
625430.0,3405630.0,42.6,36.8,19.8,35.72
625530.0,3405630.0,42.6,36.8,19.8,35.72
625630.0,3405630.0,42.6,36.8,19.8,35.72
625730.0,3405630.0,42.6,36.8,19.8,35.72
625830.0,3405630.0,42.6,36.8,19.8,35.72
625930.0,3405630.0,42.6,36.8,19.8,35.72
626030.0,3405630.0,42.6,36.8,19.8,35.72
626130.0,3405630.0,42.6,36.8,19.8,35.72
626230.0,3405630.0,42.6,36.8,19.8,35.72
626330.0,3405630.0,42.6,36.8,19.8,35.72
626430.0,3405630.0,42.6,36.8,19.8,35.72
626530.0,3405630.0,42.6,36.8,19.8,35.72
626630.0,3405630.0,42.6,36.8,19.8,35.72
626730.0,3405630.0,42.6,36.8,19.8,35.72
626830.0,3405630.0,42.6,36.8,19.8,35.72
626930.0,3405630.0,42.6,36.8,19.8,35.72
627030.0,3405630.0,42.6,36.8,19.8,35.72
627130.0,3405630.0,42.6,36.8,19.8,35.72
627230.0,3405630.0,42.6,36.8,19.8,35.72
627330.0,3405630.0,42.6,36.8,19.8,35.72
627430.0,3405630.0,42.6,36.8,19.8,35.72
627530.0,3405630.0,42.6,36.8,19.8,35.72
627630.0,3405630.0,42.6,36.8,19.8,35.72
627730.0,3405630.0,42.6,36.8,19.8,35.72
627830.0,3405630.0,42.6,36.8,19.8,35.72
627930.0,3405630.0,42.6,36.8,19.8,35.72
628030.0,3405630.0,42.6,36.8,19.8,35.72
628130.0,3405630.0,42.6,36.8,19.8,35.72
628230.0,3405630.0,42.6,36.8,19.8,35.72
628330.0,3405630.0,42.6,36.8,19.8,35.72
628430.0,3405630.0,42.6,36.8,19.8,35.72
628530.0,3405630.0,42.6,36.8,19.8,35.72
628630.0,3405630.0,42.6,36.8,19.8,35.72
628730.0,3405630.0,42.6,36.8,19.8,35.72
628830.0,3405630.0,42.6,36.8,19.8,35.72
628930.0,3405630.0,42.6,36.8,19.8,35.72
629030.0,3405630.0,42.6,36.8,19.8,35.72
629130.0,3405630.0,42.6,36.8,19.8,35.72
629230.0,3405630.0,42.6,36.8,19.8,35.72
629330.0,3405630.0,42.6,36.8,19.8,35.72
629430.0,3405630.0,42.6,36.8,19.8,35.72
629530.0,3405630.0,42.6,36.8,19.8,35.72
629630.0,3405630.0,42.6,36.8,19.8,35.72
629730.0,3405630.0,42.6,36.8,19.8,35.72
629830.0,3405630.0,42.6,36.8,19.8,35.72
629930.0,3405630.0,42.6,36.8,19.8,35.72
630030.0,3405630.0,42.6,36.8,19.8,35.72
630130.0,3405630.0,42.6,36.8,19.8,35.72
630230.0,3405630.0,42.6,36.8,19.8,35.72
630330.0,3405630.0,42.6,36.8,19.8,35.72
630430.0,3405630.0,42.6,36.8,19.8,35.72
630530.0,3405630.0,42.6,36.8,19.8,35.72
630630.0,3405630.0,42.6,36.8,19.8,35.72
630730.0,3405630.0,42.6,36.8,19.8,35.72
630830.0,3405630.0,42.6,36.8,19.8,35.72
630930.0,3405630.0,42.6,36.8,19.8,35.72
631030.0,3405630.0,42.6,36.8,19.8,35.72
631130.0,3405630.0,42.6,36.8,19.8,35.72
631230.0,3405630.0,42.6,36.8,19.8,35.72
631330.0,3405630.0,42.6,36.8,19.8,35.72
631430.0,3405630.0,42.6,36.8,19.8,35.72
631530.0,3405630.0,42.6,36.8,19.8,35.72
631630.0,3405630.0,42.6,36.8,19.8,35.72
631730.0,3405630.0,42.6,36.8,19.8,35.72
631830.0,3405630.0,42.6,36.8,19.8,35.72
631930.0,3405630.0,42.6,36.8,19.8,35.72
632030.0,3405630.0,42.6,36.8,19.8,35.72
632130.0,3405630.0,42.6,36.8,19.8,35.72
632230.0,3405630.0,42.6,36.8,19.8,35.72
632330.0,3405630.0,42.6,36.8,19.8,35.72
632430.0,3405630.0,42.6,36.8,19.8,35.72
632530.0,3405630.0,42.6,36.8,19.8,35.72
632630.0,3405630.0,42.6,36.8,19.8,35.72
632730.0,3405630.0,42.6,36.8,19.8,35.72
632830.0,3405630.0,42.6,36.8,19.8,35.72
632930.0,3405630.0,42.6,36.8,19.8,35.72
633030.0,3405630.0,42.6,36.8,19.8,35.72
633130.0,3405630.0,42.6,36.8,19.8,35.72
633230.0,3405630.0,42.6,36.8,19.8,35.72
633330.0,3405630.0,42.6,36.8,19.8,35.72
633430.0,3405630.0,42.6,36.8,19.8,35.72
633530.0,3405630.0,42.6,36.8,19.8,35.72
633630.0,3405630.0,42.6,36.8,19.8,35.72
633730.0,3405630.0,42.6,36.8,19.8,35.72
633830.0,3405630.0,42.6,36.8,19.8,35.72
633930.0,3405630.0,42.6,36.8,19.8,35.72
634030.0,3405630.0,42.6,36.8,19.8,35.72
634130.0,3405630.0,42.6,36.8,19.8,35.72
634230.0,3405630.0,42.6,36.8,19.8,35.72
634330.0,3405630.0,42.6,36.8,19.8,35.72
634430.0,3405630.0,42.6,36.8,19.8,35.72
634530.0,3405630.0,42.6,36.8,19.8,35.72
634630.0,3405630.0,42.6,36.8,19.8,35.72
634730.0,3405630.0,42.6,36.8,19.8,35.72
634830.0,3405630.0,42.6,36.8,19.8,35.72
634930.0,3405630.0,42.6,36.8,19.8,35.72
635030.0,3405630.0,42.6,36.8,19.8,35.72
635130.0,3405630.0,42.6,36.8,19.8,35.72
635230.0,3405630.0,42.6,36.8,19.8,35.72
635330.0,3405630.0,42.6,36.8,19.8,35.72
635430.0,3405630.0,42.6,36.8,19.8,35.72
635530.0,3405630.0,42.6,36.8,19.8,35.72
635630.0,3405630.0,42.6,36.8,19.8,35.72
635730.0,3405630.0,42.6,36.8,19.8,35.72
635830.0,3405630.0,42.6,36.8,19.8,35.72
635930.0,3405630.0,42.6,36.8,19.8,35.72
636030.0,3405630.0,42.6,36.8,19.8,35.72
636130.0,3405630.0,42.6,36.8,19.8,35.72
636230.0,3405630.0,42.6,36.8,19.8,35.72
636330.0,3405630.0,42.6,36.8,19.8,35.72
636430.0,3405630.0,42.6,36.8,19.8,35.72
636530.0,3405630.0,42.6,36.8,19.8,35.72
636630.0,3405630.0,42.6,36.8,19.8,35.72
636730.0,3405630.0,42.6,36.8,19.8,35.72
636830.0,3405630.0,42.6,36.8,19.8,35.72
636930.0,3405630.0,42.6,36.8,19.8,35.72
637030.0,3405630.0,42.6,36.8,19.8,35.72
637130.0,3405630.0,42.6,36.8,19.8,35.72
637230.0,3405630.0,42.6,36.8,19.8,35.72
637330.0,3405630.0,42.6,36.8,19.8,35.72
637430.0,3405630.0,42.6,36.8,19.8,35.72
637530.0,3405630.0,42.6,36.8,19.8,35.72
637630.0,3405630.0,42.6,36.8,19.8,35.72
637730.0,3405630.0,42.6,36.8,19.8,35.72
637830.0,3405630.0,42.6,36.8,19.8,35.72
637930.0,3405630.0,42.6,36.8,19.8,35.72
638030.0,3405630.0,42.6,36.8,19.8,35.72
638130.0,3405630.0,42.6,36.8,19.8,35.72
621730.0,3405530.0,42.6,36.8,19.8,35.72
621830.0,3405530.0,42.6,36.8,19.8,35.72
623930.0,3405530.0,42.6,36.8,19.8,35.72
624030.0,3405530.0,42.6,36.8,19.8,35.72
624130.0,3405530.0,42.6,36.8,19.8,35.72
624230.0,3405530.0,42.6,36.8,19.8,35.72
624330.0,3405530.0,42.6,36.8,19.8,35.72
624430.0,3405530.0,42.6,36.8,19.8,35.72
624530.0,3405530.0,42.6,36.8,19.8,35.72
624630.0,3405530.0,42.6,36.8,19.8,35.72
624730.0,3405530.0,42.6,36.8,19.8,35.72
624830.0,3405530.0,42.6,36.8,19.8,35.72
624930.0,3405530.0,42.6,36.8,19.8,35.72
625030.0,3405530.0,42.6,36.8,19.8,35.72
625130.0,3405530.0,42.6,36.8,19.8,35.72
625230.0,3405530.0,42.6,36.8,19.8,35.72
625330.0,3405530.0,42.6,36.8,19.8,35.72
625430.0,3405530.0,42.6,36.8,19.8,35.72
625530.0,3405530.0,42.6,36.8,19.8,35.72
625630.0,3405530.0,42.6,36.8,19.8,35.72
625730.0,3405530.0,42.6,36.8,19.8,35.72
625830.0,3405530.0,42.6,36.8,19.8,35.72
625930.0,3405530.0,42.6,36.8,19.8,35.72
626030.0,3405530.0,42.6,36.8,19.8,35.72
626130.0,3405530.0,42.6,36.8,19.8,35.72
626230.0,3405530.0,42.6,36.8,19.8,35.72
626330.0,3405530.0,42.6,36.8,19.8,35.72
626430.0,3405530.0,42.6,36.8,19.8,35.72
626530.0,3405530.0,42.6,36.8,19.8,35.72
626630.0,3405530.0,42.6,36.8,19.8,35.72
626730.0,3405530.0,42.6,36.8,19.8,35.72
626830.0,3405530.0,42.6,36.8,19.8,35.72
626930.0,3405530.0,42.6,36.8,19.8,35.72
627030.0,3405530.0,42.6,36.8,19.8,35.72
627130.0,3405530.0,42.6,36.8,19.8,35.72
627230.0,3405530.0,42.6,36.8,19.8,35.72
627330.0,3405530.0,42.6,36.8,19.8,35.72
627430.0,3405530.0,42.6,36.8,19.8,35.72
627530.0,3405530.0,42.6,36.8,19.8,35.72
627630.0,3405530.0,42.6,36.8,19.8,35.72
627730.0,3405530.0,42.6,36.8,19.8,35.72
627830.0,3405530.0,42.6,36.8,19.8,35.72
627930.0,3405530.0,42.6,36.8,19.8,35.72
628030.0,3405530.0,42.6,36.8,19.8,35.72
628130.0,3405530.0,42.6,36.8,19.8,35.72
628230.0,3405530.0,42.6,36.8,19.8,35.72
628330.0,3405530.0,42.6,36.8,19.8,35.72
628430.0,3405530.0,42.6,36.8,19.8,35.72
628530.0,3405530.0,42.6,36.8,19.8,35.72
628630.0,3405530.0,42.6,36.8,19.8,35.72
628730.0,3405530.0,42.6,36.8,19.8,35.72
628830.0,3405530.0,42.6,36.8,19.8,35.72
628930.0,3405530.0,42.6,36.8,19.8,35.72
629030.0,3405530.0,42.6,36.8,19.8,35.72
629130.0,3405530.0,42.6,36.8,19.8,35.72
629230.0,3405530.0,42.6,36.8,19.8,35.72
629330.0,3405530.0,42.6,36.8,19.8,35.72
629430.0,3405530.0,42.6,36.8,19.8,35.72
629530.0,3405530.0,42.6,36.8,19.8,35.72
629630.0,3405530.0,42.6,36.8,19.8,35.72
629730.0,3405530.0,42.6,36.8,19.8,35.72
629830.0,3405530.0,42.6,36.8,19.8,35.72
629930.0,3405530.0,42.6,36.8,19.8,35.72
630030.0,3405530.0,42.6,36.8,19.8,35.72
630130.0,3405530.0,42.6,36.8,19.8,35.72
630230.0,3405530.0,42.6,36.8,19.8,35.72
630330.0,3405530.0,42.6,36.8,19.8,35.72
630430.0,3405530.0,42.6,36.8,19.8,35.72
630530.0,3405530.0,42.6,36.8,19.8,35.72
630630.0,3405530.0,42.6,36.8,19.8,35.72
630730.0,3405530.0,42.6,36.8,19.8,35.72
630830.0,3405530.0,42.6,36.8,19.8,35.72
630930.0,3405530.0,42.6,36.8,19.8,35.72
631030.0,3405530.0,42.6,36.8,19.8,35.72
631130.0,3405530.0,42.6,36.8,19.8,35.72
631230.0,3405530.0,42.6,36.8,19.8,35.72
631330.0,3405530.0,42.6,36.8,19.8,35.72
631430.0,3405530.0,42.6,36.8,19.8,35.72
631530.0,3405530.0,42.6,36.8,19.8,35.72
631630.0,3405530.0,42.6,36.8,19.8,35.72
631730.0,3405530.0,42.6,36.8,19.8,35.72
631830.0,3405530.0,42.6,36.8,19.8,35.72
631930.0,3405530.0,42.6,36.8,19.8,35.72
632030.0,3405530.0,42.6,36.8,19.8,35.72
632130.0,3405530.0,42.6,36.8,19.8,35.72
632230.0,3405530.0,42.6,36.8,19.8,35.72
632330.0,3405530.0,42.6,36.8,19.8,35.72
632430.0,3405530.0,42.6,36.8,19.8,35.72
632530.0,3405530.0,42.6,36.8,19.8,35.72
632630.0,3405530.0,42.6,36.8,19.8,35.72
632730.0,3405530.0,42.6,36.8,19.8,35.72
632830.0,3405530.0,42.6,36.8,19.8,35.72
632930.0,3405530.0,42.6,36.8,19.8,35.72
633030.0,3405530.0,42.6,36.8,19.8,35.72
633130.0,3405530.0,42.6,36.8,19.8,35.72
633230.0,3405530.0,42.6,36.8,19.8,35.72
633330.0,3405530.0,42.6,36.8,19.8,35.72
633430.0,3405530.0,42.6,36.8,19.8,35.72
633530.0,3405530.0,42.6,36.8,19.8,35.72
633630.0,3405530.0,42.6,36.8,19.8,35.72
633730.0,3405530.0,42.6,36.8,19.8,35.72
633830.0,3405530.0,42.6,36.8,19.8,35.72
633930.0,3405530.0,42.6,36.8,19.8,35.72
634030.0,3405530.0,42.6,36.8,19.8,35.72
634130.0,3405530.0,42.6,36.8,19.8,35.72
634230.0,3405530.0,42.6,36.8,19.8,35.72
634330.0,3405530.0,42.6,36.8,19.8,35.72
634430.0,3405530.0,42.6,36.8,19.8,35.72
634530.0,3405530.0,42.6,36.8,19.8,35.72
634630.0,3405530.0,42.6,36.8,19.8,35.72
634730.0,3405530.0,42.6,36.8,19.8,35.72
634830.0,3405530.0,42.6,36.8,19.8,35.72
634930.0,3405530.0,42.6,36.8,19.8,35.72
635030.0,3405530.0,42.6,36.8,19.8,35.72
635130.0,3405530.0,42.6,36.8,19.8,35.72
635230.0,3405530.0,42.6,36.8,19.8,35.72
635330.0,3405530.0,42.6,36.8,19.8,35.72
635430.0,3405530.0,42.6,36.8,19.8,35.72
635530.0,3405530.0,42.6,36.8,19.8,35.72
635630.0,3405530.0,42.6,36.8,19.8,35.72
635730.0,3405530.0,42.6,36.8,19.8,35.72
635830.0,3405530.0,42.6,36.8,19.8,35.72
635930.0,3405530.0,42.6,36.8,19.8,35.72
636030.0,3405530.0,42.6,36.8,19.8,35.72
636130.0,3405530.0,42.6,36.8,19.8,35.72
636230.0,3405530.0,42.6,36.8,19.8,35.72
636330.0,3405530.0,42.6,36.8,19.8,35.72
636430.0,3405530.0,42.6,36.8,19.8,35.72
636530.0,3405530.0,42.6,36.8,19.8,35.72
636630.0,3405530.0,42.6,36.8,19.8,35.72
636730.0,3405530.0,42.6,36.8,19.8,35.72
636830.0,3405530.0,42.6,36.8,19.8,35.72
636930.0,3405530.0,42.6,36.8,19.8,35.72
637030.0,3405530.0,42.6,36.8,19.8,35.72
637130.0,3405530.0,42.6,36.8,19.8,35.72
637230.0,3405530.0,42.6,36.8,19.8,35.72
637330.0,3405530.0,42.6,36.8,19.8,35.72
637430.0,3405530.0,42.6,36.8,19.8,35.72
637530.0,3405530.0,42.6,36.8,19.8,35.72
637630.0,3405530.0,42.6,36.8,19.8,35.72
637730.0,3405530.0,42.6,36.8,19.8,35.72
637830.0,3405530.0,42.6,36.8,19.8,35.72
637930.0,3405530.0,42.6,36.8,19.8,35.72
638030.0,3405530.0,42.6,36.8,19.8,35.72
638130.0,3405530.0,42.6,36.8,19.8,35.72
624030.0,3405430.0,42.6,36.8,19.8,35.72
624130.0,3405430.0,42.6,36.8,19.8,35.72
624230.0,3405430.0,42.6,36.8,19.8,35.72
624330.0,3405430.0,42.6,36.8,19.8,35.72
624430.0,3405430.0,42.6,36.8,19.8,35.72
624530.0,3405430.0,42.6,36.8,19.8,35.72
624630.0,3405430.0,42.6,36.8,19.8,35.72
624730.0,3405430.0,42.6,36.8,19.8,35.72
624830.0,3405430.0,42.6,36.8,19.8,35.72
624930.0,3405430.0,42.6,36.8,19.8,35.72
625030.0,3405430.0,42.6,36.8,19.8,35.72
625130.0,3405430.0,42.6,36.8,19.8,35.72
625230.0,3405430.0,42.6,36.8,19.8,35.72
625330.0,3405430.0,42.6,36.8,19.8,35.72
625430.0,3405430.0,42.6,36.8,19.8,35.72
625530.0,3405430.0,42.6,36.8,19.8,35.72
625630.0,3405430.0,42.6,36.8,19.8,35.72
625730.0,3405430.0,42.6,36.8,19.8,35.72
625830.0,3405430.0,42.6,36.8,19.8,35.72
625930.0,3405430.0,42.6,36.8,19.8,35.72
626030.0,3405430.0,42.6,36.8,19.8,35.72
626130.0,3405430.0,42.6,36.8,19.8,35.72
626230.0,3405430.0,42.6,36.8,19.8,35.72
626330.0,3405430.0,42.6,36.8,19.8,35.72
626430.0,3405430.0,42.6,36.8,19.8,35.72
626530.0,3405430.0,42.6,36.8,19.8,35.72
626630.0,3405430.0,42.6,36.8,19.8,35.72
626730.0,3405430.0,42.6,36.8,19.8,35.72
626830.0,3405430.0,42.6,36.8,19.8,35.72
626930.0,3405430.0,42.6,36.8,19.8,35.72
627030.0,3405430.0,42.6,36.8,19.8,35.72
627130.0,3405430.0,42.6,36.8,19.8,35.72
627230.0,3405430.0,42.6,36.8,19.8,35.72
627330.0,3405430.0,42.6,36.8,19.8,35.72
627430.0,3405430.0,42.6,36.8,19.8,35.72
627530.0,3405430.0,42.6,36.8,19.8,35.72
627630.0,3405430.0,42.6,36.8,19.8,35.72
627730.0,3405430.0,42.6,36.8,19.8,35.72
627830.0,3405430.0,42.6,36.8,19.8,35.72
627930.0,3405430.0,42.6,36.8,19.8,35.72
628030.0,3405430.0,42.6,36.8,19.8,35.72
628130.0,3405430.0,42.6,36.8,19.8,35.72
628230.0,3405430.0,42.6,36.8,19.8,35.72
628330.0,3405430.0,42.6,36.8,19.8,35.72
628430.0,3405430.0,42.6,36.8,19.8,35.72
628530.0,3405430.0,42.6,36.8,19.8,35.72
628630.0,3405430.0,42.6,36.8,19.8,35.72
628730.0,3405430.0,42.6,36.8,19.8,35.72
628830.0,3405430.0,42.6,36.8,19.8,35.72
628930.0,3405430.0,42.6,36.8,19.8,35.72
629030.0,3405430.0,42.6,36.8,19.8,35.72
629130.0,3405430.0,42.6,36.8,19.8,35.72
629230.0,3405430.0,42.6,36.8,19.8,35.72
629330.0,3405430.0,42.6,36.8,19.8,35.72
629430.0,3405430.0,42.6,36.8,19.8,35.72
629530.0,3405430.0,42.6,36.8,19.8,35.72
629630.0,3405430.0,42.6,36.8,19.8,35.72
629730.0,3405430.0,42.6,36.8,19.8,35.72
629830.0,3405430.0,42.6,36.8,19.8,35.72
629930.0,3405430.0,42.6,36.8,19.8,35.72
630030.0,3405430.0,42.6,36.8,19.8,35.72
630130.0,3405430.0,42.6,36.8,19.8,35.72
630230.0,3405430.0,42.6,36.8,19.8,35.72
630330.0,3405430.0,42.6,36.8,19.8,35.72
630430.0,3405430.0,42.6,36.8,19.8,35.72
630530.0,3405430.0,42.6,36.8,19.8,35.72
630630.0,3405430.0,42.6,36.8,19.8,35.72
630730.0,3405430.0,42.6,36.8,19.8,35.72
630830.0,3405430.0,42.6,36.8,19.8,35.72
630930.0,3405430.0,42.6,36.8,19.8,35.72
631030.0,3405430.0,42.6,36.8,19.8,35.72
631130.0,3405430.0,42.6,36.8,19.8,35.72
631230.0,3405430.0,42.6,36.8,19.8,35.72
631330.0,3405430.0,42.6,36.8,19.8,35.72
631430.0,3405430.0,42.6,36.8,19.8,35.72
631530.0,3405430.0,42.6,36.8,19.8,35.72
631630.0,3405430.0,42.6,36.8,19.8,35.72
631730.0,3405430.0,42.6,36.8,19.8,35.72
631830.0,3405430.0,42.6,36.8,19.8,35.72
631930.0,3405430.0,42.6,36.8,19.8,35.72
632030.0,3405430.0,42.6,36.8,19.8,35.72
632130.0,3405430.0,42.6,36.8,19.8,35.72
632230.0,3405430.0,42.6,36.8,19.8,35.72
632330.0,3405430.0,42.6,36.8,19.8,35.72
632430.0,3405430.0,42.6,36.8,19.8,35.72
632530.0,3405430.0,42.6,36.8,19.8,35.72
632630.0,3405430.0,42.6,36.8,19.8,35.72
632730.0,3405430.0,42.6,36.8,19.8,35.72
632830.0,3405430.0,42.6,36.8,19.8,35.72
632930.0,3405430.0,42.6,36.8,19.8,35.72
633030.0,3405430.0,42.6,36.8,19.8,35.72
633130.0,3405430.0,42.6,36.8,19.8,35.72
633230.0,3405430.0,42.6,36.8,19.8,35.72
633330.0,3405430.0,42.6,36.8,19.8,35.72
633430.0,3405430.0,42.6,36.8,19.8,35.72
633530.0,3405430.0,42.6,36.8,19.8,35.72
633630.0,3405430.0,42.6,36.8,19.8,35.72
633730.0,3405430.0,42.6,36.8,19.8,35.72
633830.0,3405430.0,42.6,36.8,19.8,35.72
633930.0,3405430.0,42.6,36.8,19.8,35.72
634030.0,3405430.0,42.6,36.8,19.8,35.72
634130.0,3405430.0,42.6,36.8,19.8,35.72
634230.0,3405430.0,42.6,36.8,19.8,35.72
634330.0,3405430.0,42.6,36.8,19.8,35.72
634430.0,3405430.0,42.6,36.8,19.8,35.72
634530.0,3405430.0,42.6,36.8,19.8,35.72
634630.0,3405430.0,42.6,36.8,19.8,35.72
634730.0,3405430.0,42.6,36.8,19.8,35.72
634830.0,3405430.0,42.6,36.8,19.8,35.72
634930.0,3405430.0,42.6,36.8,19.8,35.72
635030.0,3405430.0,42.6,36.8,19.8,35.72
635130.0,3405430.0,42.6,36.8,19.8,35.72
635230.0,3405430.0,42.6,36.8,19.8,35.72
635330.0,3405430.0,42.6,36.8,19.8,35.72
635430.0,3405430.0,42.6,36.8,19.8,35.72
635530.0,3405430.0,42.6,36.8,19.8,35.72
635630.0,3405430.0,42.6,36.8,19.8,35.72
635730.0,3405430.0,42.6,36.8,19.8,35.72
635830.0,3405430.0,42.6,36.8,19.8,35.72
635930.0,3405430.0,42.6,36.8,19.8,35.72
636030.0,3405430.0,42.6,36.8,19.8,35.72
636130.0,3405430.0,42.6,36.8,19.8,35.72
636230.0,3405430.0,42.6,36.8,19.8,35.72
636330.0,3405430.0,42.6,36.8,19.8,35.72
636430.0,3405430.0,42.6,36.8,19.8,35.72
636530.0,3405430.0,42.6,36.8,19.8,35.72
636630.0,3405430.0,42.6,36.8,19.8,35.72
636730.0,3405430.0,42.6,36.8,19.8,35.72
636830.0,3405430.0,42.6,36.8,19.8,35.72
636930.0,3405430.0,42.6,36.8,19.8,35.72
637030.0,3405430.0,42.6,36.8,19.8,35.72
637130.0,3405430.0,42.6,36.8,19.8,35.72
637230.0,3405430.0,42.6,36.8,19.8,35.72
637330.0,3405430.0,42.6,36.8,19.8,35.72
637430.0,3405430.0,42.6,36.8,19.8,35.72
637530.0,3405430.0,42.6,36.8,19.8,35.72
637630.0,3405430.0,42.6,36.8,19.8,35.72
637730.0,3405430.0,42.6,36.8,19.8,35.72
637830.0,3405430.0,42.6,36.8,19.8,35.72
637930.0,3405430.0,42.6,36.8,19.8,35.72
638030.0,3405430.0,42.6,36.8,19.8,35.72
638130.0,3405430.0,42.6,36.8,19.8,35.72
624130.0,3405330.0,42.6,36.8,19.8,35.72
624230.0,3405330.0,42.6,36.8,19.8,35.72
624330.0,3405330.0,42.6,36.8,19.8,35.72
624430.0,3405330.0,42.6,36.8,19.8,35.72
624530.0,3405330.0,42.6,36.8,19.8,35.72
624630.0,3405330.0,42.6,36.8,19.8,35.72
624730.0,3405330.0,42.6,36.8,19.8,35.72
624830.0,3405330.0,42.6,36.8,19.8,35.72
624930.0,3405330.0,42.6,36.8,19.8,35.72
625030.0,3405330.0,42.6,36.8,19.8,35.72
625130.0,3405330.0,42.6,36.8,19.8,35.72
625230.0,3405330.0,42.6,36.8,19.8,35.72
625330.0,3405330.0,42.6,36.8,19.8,35.72
625430.0,3405330.0,42.6,36.8,19.8,35.72
625530.0,3405330.0,42.6,36.8,19.8,35.72
625630.0,3405330.0,42.6,36.8,19.8,35.72
625730.0,3405330.0,42.6,36.8,19.8,35.72
625830.0,3405330.0,42.6,36.8,19.8,35.72
625930.0,3405330.0,42.6,36.8,19.8,35.72
626030.0,3405330.0,42.6,36.8,19.8,35.72
626130.0,3405330.0,42.6,36.8,19.8,35.72
626230.0,3405330.0,42.6,36.8,19.8,35.72
626330.0,3405330.0,42.6,36.8,19.8,35.72
626430.0,3405330.0,42.6,36.8,19.8,35.72
626530.0,3405330.0,42.6,36.8,19.8,35.72
626630.0,3405330.0,42.6,36.8,19.8,35.72
626730.0,3405330.0,42.6,36.8,19.8,35.72
626830.0,3405330.0,42.6,36.8,19.8,35.72
626930.0,3405330.0,42.6,36.8,19.8,35.72
627030.0,3405330.0,42.6,36.8,19.8,35.72
627130.0,3405330.0,42.6,36.8,19.8,35.72
627230.0,3405330.0,42.6,36.8,19.8,35.72
627330.0,3405330.0,42.6,36.8,19.8,35.72
627430.0,3405330.0,42.6,36.8,19.8,35.72
627530.0,3405330.0,42.6,36.8,19.8,35.72
627630.0,3405330.0,42.6,36.8,19.8,35.72
627730.0,3405330.0,42.6,36.8,19.8,35.72
627830.0,3405330.0,42.6,36.8,19.8,35.72
627930.0,3405330.0,42.6,36.8,19.8,35.72
628030.0,3405330.0,42.6,36.8,19.8,35.72
628130.0,3405330.0,42.6,36.8,19.8,35.72
628230.0,3405330.0,42.6,36.8,19.8,35.72
628330.0,3405330.0,42.6,36.8,19.8,35.72
628430.0,3405330.0,42.6,36.8,19.8,35.72
628530.0,3405330.0,42.6,36.8,19.8,35.72
628630.0,3405330.0,42.6,36.8,19.8,35.72
628730.0,3405330.0,42.6,36.8,19.8,35.72
628830.0,3405330.0,42.6,36.8,19.8,35.72
628930.0,3405330.0,42.6,36.8,19.8,35.72
629030.0,3405330.0,42.6,36.8,19.8,35.72
629130.0,3405330.0,42.6,36.8,19.8,35.72
629230.0,3405330.0,42.6,36.8,19.8,35.72
629330.0,3405330.0,42.6,36.8,19.8,35.72
629430.0,3405330.0,42.6,36.8,19.8,35.72
629530.0,3405330.0,42.6,36.8,19.8,35.72
629630.0,3405330.0,42.6,36.8,19.8,35.72
629730.0,3405330.0,42.6,36.8,19.8,35.72
629830.0,3405330.0,42.6,36.8,19.8,35.72
629930.0,3405330.0,42.6,36.8,19.8,35.72
630030.0,3405330.0,42.6,36.8,19.8,35.72
630130.0,3405330.0,42.6,36.8,19.8,35.72
630230.0,3405330.0,42.6,36.8,19.8,35.72
630330.0,3405330.0,42.6,36.8,19.8,35.72
630430.0,3405330.0,42.6,36.8,19.8,35.72
630530.0,3405330.0,42.6,36.8,19.8,35.72
630630.0,3405330.0,42.6,36.8,19.8,35.72
630730.0,3405330.0,42.6,36.8,19.8,35.72
630830.0,3405330.0,42.6,36.8,19.8,35.72
630930.0,3405330.0,42.6,36.8,19.8,35.72
631030.0,3405330.0,42.6,36.8,19.8,35.72
631130.0,3405330.0,42.6,36.8,19.8,35.72
631230.0,3405330.0,42.6,36.8,19.8,35.72
631330.0,3405330.0,42.6,36.8,19.8,35.72
631430.0,3405330.0,42.6,36.8,19.8,35.72
631530.0,3405330.0,42.6,36.8,19.8,35.72
631630.0,3405330.0,42.6,36.8,19.8,35.72
631730.0,3405330.0,42.6,36.8,19.8,35.72
631830.0,3405330.0,42.6,36.8,19.8,35.72
631930.0,3405330.0,42.6,36.8,19.8,35.72
632030.0,3405330.0,42.6,36.8,19.8,35.72
632130.0,3405330.0,42.6,36.8,19.8,35.72
632230.0,3405330.0,42.6,36.8,19.8,35.72
632330.0,3405330.0,42.6,36.8,19.8,35.72
632430.0,3405330.0,42.6,36.8,19.8,35.72
632530.0,3405330.0,42.6,36.8,19.8,35.72
632630.0,3405330.0,42.6,36.8,19.8,35.72
632730.0,3405330.0,42.6,36.8,19.8,35.72
632830.0,3405330.0,42.6,36.8,19.8,35.72
632930.0,3405330.0,42.6,36.8,19.8,35.72
633030.0,3405330.0,42.6,36.8,19.8,35.72
633130.0,3405330.0,42.6,36.8,19.8,35.72
633230.0,3405330.0,42.6,36.8,19.8,35.72
633330.0,3405330.0,42.6,36.8,19.8,35.72
633430.0,3405330.0,42.6,36.8,19.8,35.72
633530.0,3405330.0,42.6,36.8,19.8,35.72
633630.0,3405330.0,42.6,36.8,19.8,35.72
633730.0,3405330.0,42.6,36.8,19.8,35.72
633830.0,3405330.0,42.6,36.8,19.8,35.72
633930.0,3405330.0,42.6,36.8,19.8,35.72
634030.0,3405330.0,42.6,36.8,19.8,35.72
634130.0,3405330.0,42.6,36.8,19.8,35.72
634230.0,3405330.0,42.6,36.8,19.8,35.72
634330.0,3405330.0,42.6,36.8,19.8,35.72
634430.0,3405330.0,42.6,36.8,19.8,35.72
634530.0,3405330.0,42.6,36.8,19.8,35.72
634630.0,3405330.0,42.6,36.8,19.8,35.72
634730.0,3405330.0,42.6,36.8,19.8,35.72
634830.0,3405330.0,42.6,36.8,19.8,35.72
634930.0,3405330.0,42.6,36.8,19.8,35.72
635030.0,3405330.0,42.6,36.8,19.8,35.72
635130.0,3405330.0,42.6,36.8,19.8,35.72
635230.0,3405330.0,42.6,36.8,19.8,35.72
635330.0,3405330.0,42.6,36.8,19.8,35.72
635430.0,3405330.0,42.6,36.8,19.8,35.72
635530.0,3405330.0,42.6,36.8,19.8,35.72
635630.0,3405330.0,42.6,36.8,19.8,35.72
635730.0,3405330.0,42.6,36.8,19.8,35.72
635830.0,3405330.0,42.6,36.8,19.8,35.72
635930.0,3405330.0,42.6,36.8,19.8,35.72
636030.0,3405330.0,42.6,36.8,19.8,35.72
636130.0,3405330.0,42.6,36.8,19.8,35.72
636230.0,3405330.0,42.6,36.8,19.8,35.72
636330.0,3405330.0,42.6,36.8,19.8,35.72
636430.0,3405330.0,42.6,36.8,19.8,35.72
636530.0,3405330.0,42.6,36.8,19.8,35.72
636630.0,3405330.0,42.6,36.8,19.8,35.72
636730.0,3405330.0,42.6,36.8,19.8,35.72
636830.0,3405330.0,42.6,36.8,19.8,35.72
636930.0,3405330.0,42.6,36.8,19.8,35.72
637030.0,3405330.0,42.6,36.8,19.8,35.72
637130.0,3405330.0,42.6,36.8,19.8,35.72
637230.0,3405330.0,42.6,36.8,19.8,35.72
637330.0,3405330.0,42.6,36.8,19.8,35.72
637430.0,3405330.0,42.6,36.8,19.8,35.72
637530.0,3405330.0,42.6,36.8,19.8,35.72
637630.0,3405330.0,42.6,36.8,19.8,35.72
637730.0,3405330.0,42.6,36.8,19.8,35.72
637830.0,3405330.0,42.6,36.8,19.8,35.72
637930.0,3405330.0,42.6,36.8,19.8,35.72
638030.0,3405330.0,42.6,36.8,19.8,35.72
638130.0,3405330.0,42.6,36.8,19.8,35.72
624130.0,3405230.0,42.6,36.8,19.8,35.72
624230.0,3405230.0,42.6,36.8,19.8,35.72
624330.0,3405230.0,42.6,36.8,19.8,35.72
624430.0,3405230.0,42.6,36.8,19.8,35.72
624530.0,3405230.0,42.6,36.8,19.8,35.72
624630.0,3405230.0,42.6,36.8,19.8,35.72
624730.0,3405230.0,42.6,36.8,19.8,35.72
624830.0,3405230.0,42.6,36.8,19.8,35.72
624930.0,3405230.0,42.6,36.8,19.8,35.72
625030.0,3405230.0,42.6,36.8,19.8,35.72
625130.0,3405230.0,42.6,36.8,19.8,35.72
625230.0,3405230.0,42.6,36.8,19.8,35.72
625330.0,3405230.0,42.6,36.8,19.8,35.72
625430.0,3405230.0,42.6,36.8,19.8,35.72
625530.0,3405230.0,42.6,36.8,19.8,35.72
625630.0,3405230.0,42.6,36.8,19.8,35.72
625730.0,3405230.0,42.6,36.8,19.8,35.72
625830.0,3405230.0,42.6,36.8,19.8,35.72
625930.0,3405230.0,42.6,36.8,19.8,35.72
626030.0,3405230.0,42.6,36.8,19.8,35.72
626130.0,3405230.0,42.6,36.8,19.8,35.72
626230.0,3405230.0,42.6,36.8,19.8,35.72
626330.0,3405230.0,42.6,36.8,19.8,35.72
626430.0,3405230.0,42.6,36.8,19.8,35.72
626530.0,3405230.0,42.6,36.8,19.8,35.72
626630.0,3405230.0,42.6,36.8,19.8,35.72
626730.0,3405230.0,42.6,36.8,19.8,35.72
626830.0,3405230.0,42.6,36.8,19.8,35.72
626930.0,3405230.0,42.6,36.8,19.8,35.72
627030.0,3405230.0,42.6,36.8,19.8,35.72
627130.0,3405230.0,42.6,36.8,19.8,35.72
627230.0,3405230.0,42.6,36.8,19.8,35.72
627330.0,3405230.0,42.6,36.8,19.8,35.72
627430.0,3405230.0,42.6,36.8,19.8,35.72
627530.0,3405230.0,42.6,36.8,19.8,35.72
627630.0,3405230.0,42.6,36.8,19.8,35.72
627730.0,3405230.0,42.6,36.8,19.8,35.72
627830.0,3405230.0,42.6,36.8,19.8,35.72
627930.0,3405230.0,42.6,36.8,19.8,35.72
628030.0,3405230.0,42.6,36.8,19.8,35.72
628130.0,3405230.0,42.6,36.8,19.8,35.72
628230.0,3405230.0,42.6,36.8,19.8,35.72
628330.0,3405230.0,42.6,36.8,19.8,35.72
628430.0,3405230.0,42.6,36.8,19.8,35.72
628530.0,3405230.0,42.6,36.8,19.8,35.72
628630.0,3405230.0,42.6,36.8,19.8,35.72
628730.0,3405230.0,42.6,36.8,19.8,35.72
628830.0,3405230.0,42.6,36.8,19.8,35.72
628930.0,3405230.0,42.6,36.8,19.8,35.72
629030.0,3405230.0,42.6,36.8,19.8,35.72
629130.0,3405230.0,42.6,36.8,19.8,35.72
629230.0,3405230.0,42.6,36.8,19.8,35.72
629330.0,3405230.0,42.6,36.8,19.8,35.72
629430.0,3405230.0,42.6,36.8,19.8,35.72
629530.0,3405230.0,42.6,36.8,19.8,35.72
629630.0,3405230.0,42.6,36.8,19.8,35.72
629730.0,3405230.0,42.6,36.8,19.8,35.72
629830.0,3405230.0,42.6,36.8,19.8,35.72
629930.0,3405230.0,42.6,36.8,19.8,35.72
630030.0,3405230.0,42.6,36.8,19.8,35.72
630130.0,3405230.0,42.6,36.8,19.8,35.72
630230.0,3405230.0,42.6,36.8,19.8,35.72
630330.0,3405230.0,42.6,36.8,19.8,35.72
630430.0,3405230.0,42.6,36.8,19.8,35.72
630530.0,3405230.0,42.6,36.8,19.8,35.72
630630.0,3405230.0,42.6,36.8,19.8,35.72
630730.0,3405230.0,42.6,36.8,19.8,35.72
630830.0,3405230.0,42.6,36.8,19.8,35.72
630930.0,3405230.0,42.6,36.8,19.8,35.72
631030.0,3405230.0,42.6,36.8,19.8,35.72
631130.0,3405230.0,42.6,36.8,19.8,35.72
631230.0,3405230.0,42.6,36.8,19.8,35.72
631330.0,3405230.0,42.6,36.8,19.8,35.72
631430.0,3405230.0,42.6,36.8,19.8,35.72
631530.0,3405230.0,42.6,36.8,19.8,35.72
631630.0,3405230.0,42.6,36.8,19.8,35.72
631730.0,3405230.0,42.6,36.8,19.8,35.72
631830.0,3405230.0,42.6,36.8,19.8,35.72
631930.0,3405230.0,42.6,36.8,19.8,35.72
632030.0,3405230.0,42.6,36.8,19.8,35.72
632130.0,3405230.0,42.6,36.8,19.8,35.72
632230.0,3405230.0,42.6,36.8,19.8,35.72
632330.0,3405230.0,42.6,36.8,19.8,35.72
632430.0,3405230.0,42.6,36.8,19.8,35.72
632530.0,3405230.0,42.6,36.8,19.8,35.72
632630.0,3405230.0,42.6,36.8,19.8,35.72
632730.0,3405230.0,42.6,36.8,19.8,35.72
632830.0,3405230.0,42.6,36.8,19.8,35.72
632930.0,3405230.0,42.6,36.8,19.8,35.72
633030.0,3405230.0,42.6,36.8,19.8,35.72
633130.0,3405230.0,42.6,36.8,19.8,35.72
633230.0,3405230.0,42.6,36.8,19.8,35.72
633330.0,3405230.0,42.6,36.8,19.8,35.72
633430.0,3405230.0,42.6,36.8,19.8,35.72
633530.0,3405230.0,42.6,36.8,19.8,35.72
633630.0,3405230.0,42.6,36.8,19.8,35.72
633730.0,3405230.0,42.6,36.8,19.8,35.72
633830.0,3405230.0,42.6,36.8,19.8,35.72
633930.0,3405230.0,42.6,36.8,19.8,35.72
634030.0,3405230.0,42.6,36.8,19.8,35.72
634130.0,3405230.0,42.6,36.8,19.8,35.72
634230.0,3405230.0,42.6,36.8,19.8,35.72
634330.0,3405230.0,42.6,36.8,19.8,35.72
634430.0,3405230.0,42.6,36.8,19.8,35.72
634530.0,3405230.0,42.6,36.8,19.8,35.72
634630.0,3405230.0,42.6,36.8,19.8,35.72
634730.0,3405230.0,42.6,36.8,19.8,35.72
634830.0,3405230.0,42.6,36.8,19.8,35.72
634930.0,3405230.0,42.6,36.8,19.8,35.72
635030.0,3405230.0,42.6,36.8,19.8,35.72
635130.0,3405230.0,42.6,36.8,19.8,35.72
635230.0,3405230.0,42.6,36.8,19.8,35.72
635330.0,3405230.0,42.6,36.8,19.8,35.72
635430.0,3405230.0,42.6,36.8,19.8,35.72
635530.0,3405230.0,42.6,36.8,19.8,35.72
635630.0,3405230.0,42.6,36.8,19.8,35.72
635730.0,3405230.0,42.6,36.8,19.8,35.72
635830.0,3405230.0,42.6,36.8,19.8,35.72
635930.0,3405230.0,42.6,36.8,19.8,35.72
636030.0,3405230.0,42.6,36.8,19.8,35.72
636130.0,3405230.0,42.6,36.8,19.8,35.72
636230.0,3405230.0,42.6,36.8,19.8,35.72
636330.0,3405230.0,42.6,36.8,19.8,35.72
636430.0,3405230.0,42.6,36.8,19.8,35.72
636530.0,3405230.0,42.6,36.8,19.8,35.72
636630.0,3405230.0,42.6,36.8,19.8,35.72
636730.0,3405230.0,42.6,36.8,19.8,35.72
636830.0,3405230.0,42.6,36.8,19.8,35.72
636930.0,3405230.0,42.6,36.8,19.8,35.72
637030.0,3405230.0,42.6,36.8,19.8,35.72
637130.0,3405230.0,42.6,36.8,19.8,35.72
637230.0,3405230.0,42.6,36.8,19.8,35.72
637330.0,3405230.0,42.6,36.8,19.8,35.72
637430.0,3405230.0,42.6,36.8,19.8,35.72
637530.0,3405230.0,42.6,36.8,19.8,35.72
637630.0,3405230.0,42.6,36.8,19.8,35.72
637730.0,3405230.0,42.6,36.8,19.8,35.72
637830.0,3405230.0,42.6,36.8,19.8,35.72
637930.0,3405230.0,42.6,36.8,19.8,35.72
638030.0,3405230.0,42.6,36.8,19.8,35.72
638130.0,3405230.0,42.6,36.8,19.8,35.72
624230.0,3405130.0,42.6,36.8,19.8,35.72
624330.0,3405130.0,42.6,36.8,19.8,35.72
624430.0,3405130.0,42.6,36.8,19.8,35.72
624530.0,3405130.0,42.6,36.8,19.8,35.72
624630.0,3405130.0,42.6,36.8,19.8,35.72
624730.0,3405130.0,42.6,36.8,19.8,35.72
624830.0,3405130.0,42.6,36.8,19.8,35.72
624930.0,3405130.0,42.6,36.8,19.8,35.72
625030.0,3405130.0,42.6,36.8,19.8,35.72
625130.0,3405130.0,42.6,36.8,19.8,35.72
625230.0,3405130.0,42.6,36.8,19.8,35.72
625330.0,3405130.0,42.6,36.8,19.8,35.72
625430.0,3405130.0,42.6,36.8,19.8,35.72
625530.0,3405130.0,42.6,36.8,19.8,35.72
625630.0,3405130.0,42.6,36.8,19.8,35.72
625730.0,3405130.0,42.6,36.8,19.8,35.72
625830.0,3405130.0,42.6,36.8,19.8,35.72
625930.0,3405130.0,42.6,36.8,19.8,35.72
626030.0,3405130.0,42.6,36.8,19.8,35.72
626130.0,3405130.0,42.6,36.8,19.8,35.72
626230.0,3405130.0,42.6,36.8,19.8,35.72
626330.0,3405130.0,42.6,36.8,19.8,35.72
626430.0,3405130.0,42.6,36.8,19.8,35.72
626530.0,3405130.0,42.6,36.8,19.8,35.72
626630.0,3405130.0,42.6,36.8,19.8,35.72
626730.0,3405130.0,42.6,36.8,19.8,35.72
626830.0,3405130.0,42.6,36.8,19.8,35.72
626930.0,3405130.0,42.6,36.8,19.8,35.72
627030.0,3405130.0,42.6,36.8,19.8,35.72
627130.0,3405130.0,42.6,36.8,19.8,35.72
627230.0,3405130.0,42.6,36.8,19.8,35.72
627330.0,3405130.0,42.6,36.8,19.8,35.72
627430.0,3405130.0,42.6,36.8,19.8,35.72
627530.0,3405130.0,42.6,36.8,19.8,35.72
627630.0,3405130.0,42.6,36.8,19.8,35.72
627730.0,3405130.0,42.6,36.8,19.8,35.72
627830.0,3405130.0,42.6,36.8,19.8,35.72
627930.0,3405130.0,42.6,36.8,19.8,35.72
628030.0,3405130.0,42.6,36.8,19.8,35.72
628130.0,3405130.0,42.6,36.8,19.8,35.72
628230.0,3405130.0,42.6,36.8,19.8,35.72
628330.0,3405130.0,42.6,36.8,19.8,35.72
628430.0,3405130.0,42.6,36.8,19.8,35.72
628530.0,3405130.0,42.6,36.8,19.8,35.72
628630.0,3405130.0,42.6,36.8,19.8,35.72
628730.0,3405130.0,42.6,36.8,19.8,35.72
628830.0,3405130.0,42.6,36.8,19.8,35.72
628930.0,3405130.0,42.6,36.8,19.8,35.72
629030.0,3405130.0,42.6,36.8,19.8,35.72
629130.0,3405130.0,42.6,36.8,19.8,35.72
629230.0,3405130.0,42.6,36.8,19.8,35.72
629330.0,3405130.0,42.6,36.8,19.8,35.72
629430.0,3405130.0,42.6,36.8,19.8,35.72
629530.0,3405130.0,42.6,36.8,19.8,35.72
629630.0,3405130.0,42.6,36.8,19.8,35.72
629730.0,3405130.0,42.6,36.8,19.8,35.72
629830.0,3405130.0,42.6,36.8,19.8,35.72
629930.0,3405130.0,42.6,36.8,19.8,35.72
630030.0,3405130.0,42.6,36.8,19.8,35.72
630130.0,3405130.0,42.6,36.8,19.8,35.72
630230.0,3405130.0,42.6,36.8,19.8,35.72
630330.0,3405130.0,42.6,36.8,19.8,35.72
630430.0,3405130.0,42.6,36.8,19.8,35.72
630530.0,3405130.0,42.6,36.8,19.8,35.72
630630.0,3405130.0,42.6,36.8,19.8,35.72
630730.0,3405130.0,42.6,36.8,19.8,35.72
630830.0,3405130.0,42.6,36.8,19.8,35.72
630930.0,3405130.0,42.6,36.8,19.8,35.72
631030.0,3405130.0,42.6,36.8,19.8,35.72
631130.0,3405130.0,42.6,36.8,19.8,35.72
631230.0,3405130.0,42.6,36.8,19.8,35.72
631330.0,3405130.0,42.6,36.8,19.8,35.72
631430.0,3405130.0,42.6,36.8,19.8,35.72
631530.0,3405130.0,42.6,36.8,19.8,35.72
631630.0,3405130.0,42.6,36.8,19.8,35.72
631730.0,3405130.0,42.6,36.8,19.8,35.72
631830.0,3405130.0,42.6,36.8,19.8,35.72
631930.0,3405130.0,42.6,36.8,19.8,35.72
632030.0,3405130.0,42.6,36.8,19.8,35.72
632130.0,3405130.0,42.6,36.8,19.8,35.72
632230.0,3405130.0,42.6,36.8,19.8,35.72
632330.0,3405130.0,42.6,36.8,19.8,35.72
632430.0,3405130.0,42.6,36.8,19.8,35.72
632530.0,3405130.0,42.6,36.8,19.8,35.72
632630.0,3405130.0,42.6,36.8,19.8,35.72
632730.0,3405130.0,42.6,36.8,19.8,35.72
632830.0,3405130.0,42.6,36.8,19.8,35.72
632930.0,3405130.0,42.6,36.8,19.8,35.72
633030.0,3405130.0,42.6,36.8,19.8,35.72
633130.0,3405130.0,42.6,36.8,19.8,35.72
633230.0,3405130.0,42.6,36.8,19.8,35.72
633330.0,3405130.0,42.6,36.8,19.8,35.72
633430.0,3405130.0,42.6,36.8,19.8,35.72
633530.0,3405130.0,42.6,36.8,19.8,35.72
633630.0,3405130.0,42.6,36.8,19.8,35.72
633730.0,3405130.0,42.6,36.8,19.8,35.72
633830.0,3405130.0,42.6,36.8,19.8,35.72
633930.0,3405130.0,42.6,36.8,19.8,35.72
634030.0,3405130.0,42.6,36.8,19.8,35.72
634130.0,3405130.0,42.6,36.8,19.8,35.72
634230.0,3405130.0,42.6,36.8,19.8,35.72
634330.0,3405130.0,42.6,36.8,19.8,35.72
634430.0,3405130.0,42.6,36.8,19.8,35.72
634530.0,3405130.0,42.6,36.8,19.8,35.72
634630.0,3405130.0,42.6,36.8,19.8,35.72
634730.0,3405130.0,42.6,36.8,19.8,35.72
634830.0,3405130.0,42.6,36.8,19.8,35.72
634930.0,3405130.0,42.6,36.8,19.8,35.72
635030.0,3405130.0,42.6,36.8,19.8,35.72
635130.0,3405130.0,42.6,36.8,19.8,35.72
635230.0,3405130.0,42.6,36.8,19.8,35.72
635330.0,3405130.0,42.6,36.8,19.8,35.72
635430.0,3405130.0,42.6,36.8,19.8,35.72
635530.0,3405130.0,42.6,36.8,19.8,35.72
635630.0,3405130.0,42.6,36.8,19.8,35.72
635730.0,3405130.0,42.6,36.8,19.8,35.72
635830.0,3405130.0,42.6,36.8,19.8,35.72
635930.0,3405130.0,42.6,36.8,19.8,35.72
636030.0,3405130.0,42.6,36.8,19.8,35.72
636130.0,3405130.0,42.6,36.8,19.8,35.72
636230.0,3405130.0,42.6,36.8,19.8,35.72
636330.0,3405130.0,42.6,36.8,19.8,35.72
636430.0,3405130.0,42.6,36.8,19.8,35.72
636530.0,3405130.0,42.6,36.8,19.8,35.72
636630.0,3405130.0,42.6,36.8,19.8,35.72
636730.0,3405130.0,42.6,36.8,19.8,35.72
636830.0,3405130.0,42.6,36.8,19.8,35.72
636930.0,3405130.0,42.6,36.8,19.8,35.72
637030.0,3405130.0,42.6,36.8,19.8,35.72
637130.0,3405130.0,42.6,36.8,19.8,35.72
637230.0,3405130.0,42.6,36.8,19.8,35.72
637330.0,3405130.0,42.6,36.8,19.8,35.72
637430.0,3405130.0,42.6,36.8,19.8,35.72
637530.0,3405130.0,42.6,36.8,19.8,35.72
637630.0,3405130.0,42.6,36.8,19.8,35.72
637730.0,3405130.0,42.6,36.8,19.8,35.72
637830.0,3405130.0,42.6,36.8,19.8,35.72
637930.0,3405130.0,42.6,36.8,19.8,35.72
638030.0,3405130.0,42.6,36.8,19.8,35.72
638130.0,3405130.0,42.6,36.8,19.8,35.72
624230.0,3405030.0,42.6,36.8,19.8,35.72
624330.0,3405030.0,42.6,36.8,19.8,35.72
624430.0,3405030.0,42.6,36.8,19.8,35.72
624530.0,3405030.0,42.6,36.8,19.8,35.72
624630.0,3405030.0,42.6,36.8,19.8,35.72
624730.0,3405030.0,42.6,36.8,19.8,35.72
624830.0,3405030.0,42.6,36.8,19.8,35.72
624930.0,3405030.0,42.6,36.8,19.8,35.72
625030.0,3405030.0,42.6,36.8,19.8,35.72
625130.0,3405030.0,42.6,36.8,19.8,35.72
625230.0,3405030.0,42.6,36.8,19.8,35.72
625330.0,3405030.0,42.6,36.8,19.8,35.72
625430.0,3405030.0,42.6,36.8,19.8,35.72
625530.0,3405030.0,42.6,36.8,19.8,35.72
625630.0,3405030.0,42.6,36.8,19.8,35.72
625730.0,3405030.0,42.6,36.8,19.8,35.72
625830.0,3405030.0,42.6,36.8,19.8,35.72
625930.0,3405030.0,42.6,36.8,19.8,35.72
626030.0,3405030.0,42.6,36.8,19.8,35.72
626130.0,3405030.0,42.6,36.8,19.8,35.72
626230.0,3405030.0,42.6,36.8,19.8,35.72
626330.0,3405030.0,42.6,36.8,19.8,35.72
626430.0,3405030.0,42.6,36.8,19.8,35.72
626530.0,3405030.0,42.6,36.8,19.8,35.72
626630.0,3405030.0,42.6,36.8,19.8,35.72
626730.0,3405030.0,42.6,36.8,19.8,35.72
626830.0,3405030.0,42.6,36.8,19.8,35.72
626930.0,3405030.0,42.6,36.8,19.8,35.72
627030.0,3405030.0,42.6,36.8,19.8,35.72
627130.0,3405030.0,42.6,36.8,19.8,35.72
627230.0,3405030.0,42.6,36.8,19.8,35.72
627330.0,3405030.0,42.6,36.8,19.8,35.72
627430.0,3405030.0,42.6,36.8,19.8,35.72
627530.0,3405030.0,42.6,36.8,19.8,35.72
627630.0,3405030.0,42.6,36.8,19.8,35.72
627730.0,3405030.0,42.6,36.8,19.8,35.72
627830.0,3405030.0,42.6,36.8,19.8,35.72
627930.0,3405030.0,42.6,36.8,19.8,35.72
628030.0,3405030.0,42.6,36.8,19.8,35.72
628130.0,3405030.0,42.6,36.8,19.8,35.72
628230.0,3405030.0,42.6,36.8,19.8,35.72
628330.0,3405030.0,42.6,36.8,19.8,35.72
628430.0,3405030.0,42.6,36.8,19.8,35.72
628530.0,3405030.0,42.6,36.8,19.8,35.72
628630.0,3405030.0,42.6,36.8,19.8,35.72
628730.0,3405030.0,42.6,36.8,19.8,35.72
628830.0,3405030.0,42.6,36.8,19.8,35.72
628930.0,3405030.0,42.6,36.8,19.8,35.72
629030.0,3405030.0,42.6,36.8,19.8,35.72
629130.0,3405030.0,42.6,36.8,19.8,35.72
629230.0,3405030.0,42.6,36.8,19.8,35.72
629330.0,3405030.0,42.6,36.8,19.8,35.72
629430.0,3405030.0,42.6,36.8,19.8,35.72
629530.0,3405030.0,42.6,36.8,19.8,35.72
629630.0,3405030.0,42.6,36.8,19.8,35.72
629730.0,3405030.0,42.6,36.8,19.8,35.72
629830.0,3405030.0,42.6,36.8,19.8,35.72
629930.0,3405030.0,42.6,36.8,19.8,35.72
630030.0,3405030.0,42.6,36.8,19.8,35.72
630130.0,3405030.0,42.6,36.8,19.8,35.72
630230.0,3405030.0,42.6,36.8,19.8,35.72
630330.0,3405030.0,42.6,36.8,19.8,35.72
630430.0,3405030.0,42.6,36.8,19.8,35.72
630530.0,3405030.0,42.6,36.8,19.8,35.72
630630.0,3405030.0,42.6,36.8,19.8,35.72
630730.0,3405030.0,42.6,36.8,19.8,35.72
630830.0,3405030.0,42.6,36.8,19.8,35.72
630930.0,3405030.0,42.6,36.8,19.8,35.72
631030.0,3405030.0,42.6,36.8,19.8,35.72
631130.0,3405030.0,42.6,36.8,19.8,35.72
631230.0,3405030.0,42.6,36.8,19.8,35.72
631330.0,3405030.0,42.6,36.8,19.8,35.72
631430.0,3405030.0,42.6,36.8,19.8,35.72
631530.0,3405030.0,42.6,36.8,19.8,35.72
631630.0,3405030.0,42.6,36.8,19.8,35.72
631730.0,3405030.0,42.6,36.8,19.8,35.72
631830.0,3405030.0,42.6,36.8,19.8,35.72
631930.0,3405030.0,42.6,36.8,19.8,35.72
632030.0,3405030.0,42.6,36.8,19.8,35.72
632130.0,3405030.0,42.6,36.8,19.8,35.72
632230.0,3405030.0,42.6,36.8,19.8,35.72
632330.0,3405030.0,42.6,36.8,19.8,35.72
632430.0,3405030.0,42.6,36.8,19.8,35.72
632530.0,3405030.0,42.6,36.8,19.8,35.72
632630.0,3405030.0,42.6,36.8,19.8,35.72
632730.0,3405030.0,42.6,36.8,19.8,35.72
632830.0,3405030.0,42.6,36.8,19.8,35.72
632930.0,3405030.0,42.6,36.8,19.8,35.72
633030.0,3405030.0,42.6,36.8,19.8,35.72
633130.0,3405030.0,42.6,36.8,19.8,35.72
633230.0,3405030.0,42.6,36.8,19.8,35.72
633330.0,3405030.0,42.6,36.8,19.8,35.72
633430.0,3405030.0,42.6,36.8,19.8,35.72
633530.0,3405030.0,42.6,36.8,19.8,35.72
633630.0,3405030.0,42.6,36.8,19.8,35.72
633730.0,3405030.0,42.6,36.8,19.8,35.72
633830.0,3405030.0,42.6,36.8,19.8,35.72
633930.0,3405030.0,42.6,36.8,19.8,35.72
634030.0,3405030.0,42.6,36.8,19.8,35.72
634130.0,3405030.0,42.6,36.8,19.8,35.72
634230.0,3405030.0,42.6,36.8,19.8,35.72
634330.0,3405030.0,42.6,36.8,19.8,35.72
634430.0,3405030.0,42.6,36.8,19.8,35.72
634530.0,3405030.0,42.6,36.8,19.8,35.72
634630.0,3405030.0,42.6,36.8,19.8,35.72
634730.0,3405030.0,42.6,36.8,19.8,35.72
634830.0,3405030.0,42.6,36.8,19.8,35.72
634930.0,3405030.0,42.6,36.8,19.8,35.72
635030.0,3405030.0,42.6,36.8,19.8,35.72
635130.0,3405030.0,42.6,36.8,19.8,35.72
635230.0,3405030.0,42.6,36.8,19.8,35.72
635330.0,3405030.0,42.6,36.8,19.8,35.72
635430.0,3405030.0,42.6,36.8,19.8,35.72
635530.0,3405030.0,42.6,36.8,19.8,35.72
635630.0,3405030.0,42.6,36.8,19.8,35.72
635730.0,3405030.0,42.6,36.8,19.8,35.72
635830.0,3405030.0,42.6,36.8,19.8,35.72
635930.0,3405030.0,42.6,36.8,19.8,35.72
636030.0,3405030.0,42.6,36.8,19.8,35.72
636130.0,3405030.0,42.6,36.8,19.8,35.72
636230.0,3405030.0,42.6,36.8,19.8,35.72
636330.0,3405030.0,42.6,36.8,19.8,35.72
636430.0,3405030.0,42.6,36.8,19.8,35.72
636530.0,3405030.0,42.6,36.8,19.8,35.72
636630.0,3405030.0,42.6,36.8,19.8,35.72
636730.0,3405030.0,42.6,36.8,19.8,35.72
636830.0,3405030.0,42.6,36.8,19.8,35.72
636930.0,3405030.0,42.6,36.8,19.8,35.72
637030.0,3405030.0,42.6,36.8,19.8,35.72
637130.0,3405030.0,42.6,36.8,19.8,35.72
637230.0,3405030.0,42.6,36.8,19.8,35.72
637330.0,3405030.0,42.6,36.8,19.8,35.72
637430.0,3405030.0,42.6,36.8,19.8,35.72
637530.0,3405030.0,42.6,36.8,19.8,35.72
637630.0,3405030.0,42.6,36.8,19.8,35.72
637730.0,3405030.0,42.6,36.8,19.8,35.72
637830.0,3405030.0,42.6,36.8,19.8,35.72
637930.0,3405030.0,42.6,36.8,19.8,35.72
638030.0,3405030.0,42.6,36.8,19.8,35.72
638130.0,3405030.0,42.6,36.8,19.8,35.72
624330.0,3404930.0,42.6,36.8,19.8,35.72
624430.0,3404930.0,42.6,36.8,19.8,35.72
624530.0,3404930.0,42.6,36.8,19.8,35.72
624630.0,3404930.0,42.6,36.8,19.8,35.72
624730.0,3404930.0,42.6,36.8,19.8,35.72
624830.0,3404930.0,42.6,36.8,19.8,35.72
624930.0,3404930.0,42.6,36.8,19.8,35.72
625030.0,3404930.0,42.6,36.8,19.8,35.72
625130.0,3404930.0,42.6,36.8,19.8,35.72
625230.0,3404930.0,42.6,36.8,19.8,35.72
625330.0,3404930.0,42.6,36.8,19.8,35.72
625430.0,3404930.0,42.6,36.8,19.8,35.72
625530.0,3404930.0,42.6,36.8,19.8,35.72
625630.0,3404930.0,42.6,36.8,19.8,35.72
625730.0,3404930.0,42.6,36.8,19.8,35.72
625830.0,3404930.0,42.6,36.8,19.8,35.72
625930.0,3404930.0,42.6,36.8,19.8,35.72
626030.0,3404930.0,42.6,36.8,19.8,35.72
626130.0,3404930.0,42.6,36.8,19.8,35.72
626230.0,3404930.0,42.6,36.8,19.8,35.72
626330.0,3404930.0,42.6,36.8,19.8,35.72
626430.0,3404930.0,42.6,36.8,19.8,35.72
626530.0,3404930.0,42.6,36.8,19.8,35.72
626630.0,3404930.0,42.6,36.8,19.8,35.72
626730.0,3404930.0,42.6,36.8,19.8,35.72
626830.0,3404930.0,42.6,36.8,19.8,35.72
626930.0,3404930.0,42.6,36.8,19.8,35.72
627030.0,3404930.0,42.6,36.8,19.8,35.72
627130.0,3404930.0,42.6,36.8,19.8,35.72
627230.0,3404930.0,42.6,36.8,19.8,35.72
627330.0,3404930.0,42.6,36.8,19.8,35.72
627430.0,3404930.0,42.6,36.8,19.8,35.72
627530.0,3404930.0,42.6,36.8,19.8,35.72
627630.0,3404930.0,42.6,36.8,19.8,35.72
627730.0,3404930.0,42.6,36.8,19.8,35.72
627830.0,3404930.0,42.6,36.8,19.8,35.72
627930.0,3404930.0,42.6,36.8,19.8,35.72
628030.0,3404930.0,42.6,36.8,19.8,35.72
628130.0,3404930.0,42.6,36.8,19.8,35.72
628230.0,3404930.0,42.6,36.8,19.8,35.72
628330.0,3404930.0,42.6,36.8,19.8,35.72
628430.0,3404930.0,42.6,36.8,19.8,35.72
628530.0,3404930.0,42.6,36.8,19.8,35.72
628630.0,3404930.0,42.6,36.8,19.8,35.72
628730.0,3404930.0,42.6,36.8,19.8,35.72
628830.0,3404930.0,42.6,36.8,19.8,35.72
628930.0,3404930.0,42.6,36.8,19.8,35.72
629030.0,3404930.0,42.6,36.8,19.8,35.72
629130.0,3404930.0,42.6,36.8,19.8,35.72
629230.0,3404930.0,42.6,36.8,19.8,35.72
629330.0,3404930.0,42.6,36.8,19.8,35.72
629430.0,3404930.0,42.6,36.8,19.8,35.72
629530.0,3404930.0,42.6,36.8,19.8,35.72
629630.0,3404930.0,42.6,36.8,19.8,35.72
629730.0,3404930.0,42.6,36.8,19.8,35.72
629830.0,3404930.0,42.6,36.8,19.8,35.72
629930.0,3404930.0,42.6,36.8,19.8,35.72
630030.0,3404930.0,42.6,36.8,19.8,35.72
630130.0,3404930.0,42.6,36.8,19.8,35.72
630230.0,3404930.0,42.6,36.8,19.8,35.72
630330.0,3404930.0,42.6,36.8,19.8,35.72
630430.0,3404930.0,42.6,36.8,19.8,35.72
630530.0,3404930.0,42.6,36.8,19.8,35.72
630630.0,3404930.0,42.6,36.8,19.8,35.72
630730.0,3404930.0,42.6,36.8,19.8,35.72
630830.0,3404930.0,42.6,36.8,19.8,35.72
630930.0,3404930.0,42.6,36.8,19.8,35.72
631030.0,3404930.0,42.6,36.8,19.8,35.72
631130.0,3404930.0,42.6,36.8,19.8,35.72
631230.0,3404930.0,42.6,36.8,19.8,35.72
631330.0,3404930.0,42.6,36.8,19.8,35.72
631430.0,3404930.0,42.6,36.8,19.8,35.72
631530.0,3404930.0,42.6,36.8,19.8,35.72
631630.0,3404930.0,42.6,36.8,19.8,35.72
631730.0,3404930.0,42.6,36.8,19.8,35.72
631830.0,3404930.0,42.6,36.8,19.8,35.72
631930.0,3404930.0,42.6,36.8,19.8,35.72
632030.0,3404930.0,42.6,36.8,19.8,35.72
632130.0,3404930.0,42.6,36.8,19.8,35.72
632230.0,3404930.0,42.6,36.8,19.8,35.72
632330.0,3404930.0,42.6,36.8,19.8,35.72
632430.0,3404930.0,42.6,36.8,19.8,35.72
632530.0,3404930.0,42.6,36.8,19.8,35.72
632630.0,3404930.0,42.6,36.8,19.8,35.72
632730.0,3404930.0,42.6,36.8,19.8,35.72
632830.0,3404930.0,42.6,36.8,19.8,35.72
632930.0,3404930.0,42.6,36.8,19.8,35.72
633030.0,3404930.0,42.6,36.8,19.8,35.72
633130.0,3404930.0,42.6,36.8,19.8,35.72
633230.0,3404930.0,42.6,36.8,19.8,35.72
633330.0,3404930.0,42.6,36.8,19.8,35.72
633430.0,3404930.0,42.6,36.8,19.8,35.72
633530.0,3404930.0,42.6,36.8,19.8,35.72
633630.0,3404930.0,42.6,36.8,19.8,35.72
633730.0,3404930.0,42.6,36.8,19.8,35.72
633830.0,3404930.0,42.6,36.8,19.8,35.72
633930.0,3404930.0,42.6,36.8,19.8,35.72
634030.0,3404930.0,42.6,36.8,19.8,35.72
634130.0,3404930.0,42.6,36.8,19.8,35.72
634230.0,3404930.0,42.6,36.8,19.8,35.72
634330.0,3404930.0,42.6,36.8,19.8,35.72
634430.0,3404930.0,42.6,36.8,19.8,35.72
634530.0,3404930.0,42.6,36.8,19.8,35.72
634630.0,3404930.0,42.6,36.8,19.8,35.72
634730.0,3404930.0,42.6,36.8,19.8,35.72
634830.0,3404930.0,42.6,36.8,19.8,35.72
634930.0,3404930.0,42.6,36.8,19.8,35.72
635030.0,3404930.0,42.6,36.8,19.8,35.72
635130.0,3404930.0,42.6,36.8,19.8,35.72
635230.0,3404930.0,42.6,36.8,19.8,35.72
635330.0,3404930.0,42.6,36.8,19.8,35.72
635430.0,3404930.0,42.6,36.8,19.8,35.72
635530.0,3404930.0,42.6,36.8,19.8,35.72
635630.0,3404930.0,42.6,36.8,19.8,35.72
635730.0,3404930.0,42.6,36.8,19.8,35.72
635830.0,3404930.0,42.6,36.8,19.8,35.72
635930.0,3404930.0,42.6,36.8,19.8,35.72
636030.0,3404930.0,42.6,36.8,19.8,35.72
636130.0,3404930.0,42.6,36.8,19.8,35.72
636230.0,3404930.0,42.6,36.8,19.8,35.72
636330.0,3404930.0,42.6,36.8,19.8,35.72
636430.0,3404930.0,42.6,36.8,19.8,35.72
636530.0,3404930.0,42.6,36.8,19.8,35.72
636630.0,3404930.0,42.6,36.8,19.8,35.72
636730.0,3404930.0,42.6,36.8,19.8,35.72
636830.0,3404930.0,42.6,36.8,19.8,35.72
636930.0,3404930.0,42.6,36.8,19.8,35.72
637030.0,3404930.0,42.6,36.8,19.8,35.72
637130.0,3404930.0,42.6,36.8,19.8,35.72
637230.0,3404930.0,42.6,36.8,19.8,35.72
637330.0,3404930.0,42.6,36.8,19.8,35.72
637430.0,3404930.0,42.6,36.8,19.8,35.72
637530.0,3404930.0,42.6,36.8,19.8,35.72
637630.0,3404930.0,42.6,36.8,19.8,35.72
637730.0,3404930.0,42.6,36.8,19.8,35.72
637830.0,3404930.0,42.6,36.8,19.8,35.72
637930.0,3404930.0,42.6,36.8,19.8,35.72
638030.0,3404930.0,42.6,36.8,19.8,35.72
638130.0,3404930.0,42.6,36.8,19.8,35.72
624430.0,3404830.0,42.6,36.8,19.8,35.72
624530.0,3404830.0,42.6,36.8,19.8,35.72
624630.0,3404830.0,42.6,36.8,19.8,35.72
624730.0,3404830.0,42.6,36.8,19.8,35.72
624830.0,3404830.0,42.6,36.8,19.8,35.72
624930.0,3404830.0,42.6,36.8,19.8,35.72
625030.0,3404830.0,42.6,36.8,19.8,35.72
625130.0,3404830.0,42.6,36.8,19.8,35.72
625230.0,3404830.0,42.6,36.8,19.8,35.72
625330.0,3404830.0,42.6,36.8,19.8,35.72
625430.0,3404830.0,42.6,36.8,19.8,35.72
625530.0,3404830.0,42.6,36.8,19.8,35.72
625630.0,3404830.0,42.6,36.8,19.8,35.72
625730.0,3404830.0,42.6,36.8,19.8,35.72
625830.0,3404830.0,42.6,36.8,19.8,35.72
625930.0,3404830.0,42.6,36.8,19.8,35.72
626030.0,3404830.0,42.6,36.8,19.8,35.72
626130.0,3404830.0,42.6,36.8,19.8,35.72
626230.0,3404830.0,42.6,36.8,19.8,35.72
626330.0,3404830.0,42.6,36.8,19.8,35.72
626430.0,3404830.0,42.6,36.8,19.8,35.72
626530.0,3404830.0,42.6,36.8,19.8,35.72
626630.0,3404830.0,42.6,36.8,19.8,35.72
626730.0,3404830.0,42.6,36.8,19.8,35.72
626830.0,3404830.0,42.6,36.8,19.8,35.72
626930.0,3404830.0,42.6,36.8,19.8,35.72
627030.0,3404830.0,42.6,36.8,19.8,35.72
627130.0,3404830.0,42.6,36.8,19.8,35.72
627230.0,3404830.0,42.6,36.8,19.8,35.72
627330.0,3404830.0,42.6,36.8,19.8,35.72
627430.0,3404830.0,42.6,36.8,19.8,35.72
627530.0,3404830.0,42.6,36.8,19.8,35.72
627630.0,3404830.0,42.6,36.8,19.8,35.72
627730.0,3404830.0,42.6,36.8,19.8,35.72
627830.0,3404830.0,42.6,36.8,19.8,35.72
627930.0,3404830.0,42.6,36.8,19.8,35.72
628030.0,3404830.0,42.6,36.8,19.8,35.72
628130.0,3404830.0,42.6,36.8,19.8,35.72
628230.0,3404830.0,42.6,36.8,19.8,35.72
628330.0,3404830.0,42.6,36.8,19.8,35.72
628430.0,3404830.0,42.6,36.8,19.8,35.72
628530.0,3404830.0,42.6,36.8,19.8,35.72
628630.0,3404830.0,42.6,36.8,19.8,35.72
628730.0,3404830.0,42.6,36.8,19.8,35.72
628830.0,3404830.0,42.6,36.8,19.8,35.72
628930.0,3404830.0,42.6,36.8,19.8,35.72
629030.0,3404830.0,42.6,36.8,19.8,35.72
629130.0,3404830.0,42.6,36.8,19.8,35.72
629230.0,3404830.0,42.6,36.8,19.8,35.72
629330.0,3404830.0,42.6,36.8,19.8,35.72
629430.0,3404830.0,42.6,36.8,19.8,35.72
629530.0,3404830.0,42.6,36.8,19.8,35.72
629630.0,3404830.0,42.6,36.8,19.8,35.72
629730.0,3404830.0,42.6,36.8,19.8,35.72
629830.0,3404830.0,42.6,36.8,19.8,35.72
629930.0,3404830.0,42.6,36.8,19.8,35.72
630030.0,3404830.0,42.6,36.8,19.8,35.72
630130.0,3404830.0,42.6,36.8,19.8,35.72
630230.0,3404830.0,42.6,36.8,19.8,35.72
630330.0,3404830.0,42.6,36.8,19.8,35.72
630430.0,3404830.0,42.6,36.8,19.8,35.72
630530.0,3404830.0,42.6,36.8,19.8,35.72
630630.0,3404830.0,42.6,36.8,19.8,35.72
630730.0,3404830.0,42.6,36.8,19.8,35.72
630830.0,3404830.0,42.6,36.8,19.8,35.72
630930.0,3404830.0,42.6,36.8,19.8,35.72
631030.0,3404830.0,42.6,36.8,19.8,35.72
631130.0,3404830.0,42.6,36.8,19.8,35.72
631230.0,3404830.0,42.6,36.8,19.8,35.72
631330.0,3404830.0,42.6,36.8,19.8,35.72
631430.0,3404830.0,42.6,36.8,19.8,35.72
631530.0,3404830.0,42.6,36.8,19.8,35.72
631630.0,3404830.0,42.6,36.8,19.8,35.72
631730.0,3404830.0,42.6,36.8,19.8,35.72
631830.0,3404830.0,42.6,36.8,19.8,35.72
631930.0,3404830.0,42.6,36.8,19.8,35.72
632030.0,3404830.0,42.6,36.8,19.8,35.72
632130.0,3404830.0,42.6,36.8,19.8,35.72
632230.0,3404830.0,42.6,36.8,19.8,35.72
632330.0,3404830.0,42.6,36.8,19.8,35.72
632430.0,3404830.0,42.6,36.8,19.8,35.72
632530.0,3404830.0,42.6,36.8,19.8,35.72
632630.0,3404830.0,42.6,36.8,19.8,35.72
632730.0,3404830.0,42.6,36.8,19.8,35.72
632830.0,3404830.0,42.6,36.8,19.8,35.72
632930.0,3404830.0,42.6,36.8,19.8,35.72
633030.0,3404830.0,42.6,36.8,19.8,35.72
633130.0,3404830.0,42.6,36.8,19.8,35.72
633230.0,3404830.0,42.6,36.8,19.8,35.72
633330.0,3404830.0,42.6,36.8,19.8,35.72
633430.0,3404830.0,42.6,36.8,19.8,35.72
633530.0,3404830.0,42.6,36.8,19.8,35.72
633630.0,3404830.0,42.6,36.8,19.8,35.72
633730.0,3404830.0,42.6,36.8,19.8,35.72
633830.0,3404830.0,42.6,36.8,19.8,35.72
633930.0,3404830.0,42.6,36.8,19.8,35.72
634030.0,3404830.0,42.6,36.8,19.8,35.72
634130.0,3404830.0,42.6,36.8,19.8,35.72
634230.0,3404830.0,42.6,36.8,19.8,35.72
634330.0,3404830.0,42.6,36.8,19.8,35.72
634430.0,3404830.0,42.6,36.8,19.8,35.72
634530.0,3404830.0,42.6,36.8,19.8,35.72
634630.0,3404830.0,42.6,36.8,19.8,35.72
634730.0,3404830.0,42.6,36.8,19.8,35.72
634830.0,3404830.0,42.6,36.8,19.8,35.72
634930.0,3404830.0,42.6,36.8,19.8,35.72
635030.0,3404830.0,42.6,36.8,19.8,35.72
635130.0,3404830.0,42.6,36.8,19.8,35.72
635230.0,3404830.0,42.6,36.8,19.8,35.72
635330.0,3404830.0,42.6,36.8,19.8,35.72
635430.0,3404830.0,42.6,36.8,19.8,35.72
635530.0,3404830.0,42.6,36.8,19.8,35.72
635630.0,3404830.0,42.6,36.8,19.8,35.72
635730.0,3404830.0,42.6,36.8,19.8,35.72
635830.0,3404830.0,42.6,36.8,19.8,35.72
635930.0,3404830.0,42.6,36.8,19.8,35.72
636030.0,3404830.0,42.6,36.8,19.8,35.72
636130.0,3404830.0,42.6,36.8,19.8,35.72
636230.0,3404830.0,42.6,36.8,19.8,35.72
636330.0,3404830.0,42.6,36.8,19.8,35.72
636430.0,3404830.0,42.6,36.8,19.8,35.72
636530.0,3404830.0,42.6,36.8,19.8,35.72
636630.0,3404830.0,42.6,36.8,19.8,35.72
636730.0,3404830.0,42.6,36.8,19.8,35.72
636830.0,3404830.0,42.6,36.8,19.8,35.72
636930.0,3404830.0,42.6,36.8,19.8,35.72
637030.0,3404830.0,42.6,36.8,19.8,35.72
637130.0,3404830.0,42.6,36.8,19.8,35.72
637230.0,3404830.0,42.6,36.8,19.8,35.72
637330.0,3404830.0,42.6,36.8,19.8,35.72
637430.0,3404830.0,42.6,36.8,19.8,35.72
637530.0,3404830.0,42.6,36.8,19.8,35.72
637630.0,3404830.0,42.6,36.8,19.8,35.72
637730.0,3404830.0,42.6,36.8,19.8,35.72
637830.0,3404830.0,42.6,36.8,19.8,35.72
637930.0,3404830.0,42.6,36.8,19.8,35.72
638030.0,3404830.0,42.6,36.8,19.8,35.72
638130.0,3404830.0,42.6,36.8,19.8,35.72
624430.0,3404730.0,42.6,36.8,19.8,35.72
624530.0,3404730.0,42.6,36.8,19.8,35.72
624630.0,3404730.0,42.6,36.8,19.8,35.72
624730.0,3404730.0,42.6,36.8,19.8,35.72
624830.0,3404730.0,42.6,36.8,19.8,35.72
624930.0,3404730.0,42.6,36.8,19.8,35.72
625030.0,3404730.0,42.6,36.8,19.8,35.72
625130.0,3404730.0,42.6,36.8,19.8,35.72
625230.0,3404730.0,42.6,36.8,19.8,35.72
625330.0,3404730.0,42.6,36.8,19.8,35.72
625430.0,3404730.0,42.6,36.8,19.8,35.72
625530.0,3404730.0,42.6,36.8,19.8,35.72
625630.0,3404730.0,42.6,36.8,19.8,35.72
625730.0,3404730.0,42.6,36.8,19.8,35.72
625830.0,3404730.0,42.6,36.8,19.8,35.72
625930.0,3404730.0,42.6,36.8,19.8,35.72
626030.0,3404730.0,42.6,36.8,19.8,35.72
626130.0,3404730.0,42.6,36.8,19.8,35.72
626230.0,3404730.0,42.6,36.8,19.8,35.72
626330.0,3404730.0,42.6,36.8,19.8,35.72
626430.0,3404730.0,42.6,36.8,19.8,35.72
626530.0,3404730.0,42.6,36.8,19.8,35.72
626630.0,3404730.0,42.6,36.8,19.8,35.72
626730.0,3404730.0,42.6,36.8,19.8,35.72
626830.0,3404730.0,42.6,36.8,19.8,35.72
626930.0,3404730.0,42.6,36.8,19.8,35.72
627030.0,3404730.0,42.6,36.8,19.8,35.72
627130.0,3404730.0,42.6,36.8,19.8,35.72
627230.0,3404730.0,42.6,36.8,19.8,35.72
627330.0,3404730.0,42.6,36.8,19.8,35.72
627430.0,3404730.0,42.6,36.8,19.8,35.72
627530.0,3404730.0,42.6,36.8,19.8,35.72
627630.0,3404730.0,42.6,36.8,19.8,35.72
627730.0,3404730.0,42.6,36.8,19.8,35.72
627830.0,3404730.0,42.6,36.8,19.8,35.72
627930.0,3404730.0,42.6,36.8,19.8,35.72
628030.0,3404730.0,42.6,36.8,19.8,35.72
628130.0,3404730.0,42.6,36.8,19.8,35.72
628230.0,3404730.0,42.6,36.8,19.8,35.72
628330.0,3404730.0,42.6,36.8,19.8,35.72
628430.0,3404730.0,42.6,36.8,19.8,35.72
628530.0,3404730.0,42.6,36.8,19.8,35.72
628630.0,3404730.0,42.6,36.8,19.8,35.72
628730.0,3404730.0,42.6,36.8,19.8,35.72
628830.0,3404730.0,42.6,36.8,19.8,35.72
628930.0,3404730.0,42.6,36.8,19.8,35.72
629030.0,3404730.0,42.6,36.8,19.8,35.72
629130.0,3404730.0,42.6,36.8,19.8,35.72
629230.0,3404730.0,42.6,36.8,19.8,35.72
629330.0,3404730.0,42.6,36.8,19.8,35.72
629430.0,3404730.0,42.6,36.8,19.8,35.72
629530.0,3404730.0,42.6,36.8,19.8,35.72
629630.0,3404730.0,42.6,36.8,19.8,35.72
629730.0,3404730.0,42.6,36.8,19.8,35.72
629830.0,3404730.0,42.6,36.8,19.8,35.72
629930.0,3404730.0,42.6,36.8,19.8,35.72
630030.0,3404730.0,42.6,36.8,19.8,35.72
630130.0,3404730.0,42.6,36.8,19.8,35.72
630230.0,3404730.0,42.6,36.8,19.8,35.72
630330.0,3404730.0,42.6,36.8,19.8,35.72
630430.0,3404730.0,42.6,36.8,19.8,35.72
630530.0,3404730.0,42.6,36.8,19.8,35.72
630630.0,3404730.0,42.6,36.8,19.8,35.72
630730.0,3404730.0,42.6,36.8,19.8,35.72
630830.0,3404730.0,42.6,36.8,19.8,35.72
630930.0,3404730.0,42.6,36.8,19.8,35.72
631030.0,3404730.0,42.6,36.8,19.8,35.72
631130.0,3404730.0,42.6,36.8,19.8,35.72
631230.0,3404730.0,42.6,36.8,19.8,35.72
631330.0,3404730.0,42.6,36.8,19.8,35.72
631430.0,3404730.0,42.6,36.8,19.8,35.72
631530.0,3404730.0,42.6,36.8,19.8,35.72
631630.0,3404730.0,42.6,36.8,19.8,35.72
631730.0,3404730.0,42.6,36.8,19.8,35.72
631830.0,3404730.0,42.6,36.8,19.8,35.72
631930.0,3404730.0,42.6,36.8,19.8,35.72
632030.0,3404730.0,42.6,36.8,19.8,35.72
632130.0,3404730.0,42.6,36.8,19.8,35.72
632230.0,3404730.0,42.6,36.8,19.8,35.72
632330.0,3404730.0,42.6,36.8,19.8,35.72
632430.0,3404730.0,42.6,36.8,19.8,35.72
632530.0,3404730.0,42.6,36.8,19.8,35.72
632630.0,3404730.0,42.6,36.8,19.8,35.72
632730.0,3404730.0,42.6,36.8,19.8,35.72
632830.0,3404730.0,42.6,36.8,19.8,35.72
632930.0,3404730.0,42.6,36.8,19.8,35.72
633030.0,3404730.0,42.6,36.8,19.8,35.72
633130.0,3404730.0,42.6,36.8,19.8,35.72
633230.0,3404730.0,42.6,36.8,19.8,35.72
633330.0,3404730.0,42.6,36.8,19.8,35.72
633430.0,3404730.0,42.6,36.8,19.8,35.72
633530.0,3404730.0,42.6,36.8,19.8,35.72
633630.0,3404730.0,42.6,36.8,19.8,35.72
633730.0,3404730.0,42.6,36.8,19.8,35.72
633830.0,3404730.0,42.6,36.8,19.8,35.72
633930.0,3404730.0,42.6,36.8,19.8,35.72
634030.0,3404730.0,42.6,36.8,19.8,35.72
634130.0,3404730.0,42.6,36.8,19.8,35.72
634230.0,3404730.0,42.6,36.8,19.8,35.72
634330.0,3404730.0,42.6,36.8,19.8,35.72
634430.0,3404730.0,42.6,36.8,19.8,35.72
634530.0,3404730.0,42.6,36.8,19.8,35.72
634630.0,3404730.0,42.6,36.8,19.8,35.72
634730.0,3404730.0,42.6,36.8,19.8,35.72
634830.0,3404730.0,42.6,36.8,19.8,35.72
634930.0,3404730.0,42.6,36.8,19.8,35.72
635030.0,3404730.0,42.6,36.8,19.8,35.72
635130.0,3404730.0,42.6,36.8,19.8,35.72
635230.0,3404730.0,42.6,36.8,19.8,35.72
635330.0,3404730.0,42.6,36.8,19.8,35.72
635430.0,3404730.0,42.6,36.8,19.8,35.72
635530.0,3404730.0,42.6,36.8,19.8,35.72
635630.0,3404730.0,42.6,36.8,19.8,35.72
635730.0,3404730.0,42.6,36.8,19.8,35.72
635830.0,3404730.0,42.6,36.8,19.8,35.72
635930.0,3404730.0,42.6,36.8,19.8,35.72
636030.0,3404730.0,42.6,36.8,19.8,35.72
636130.0,3404730.0,42.6,36.8,19.8,35.72
636230.0,3404730.0,42.6,36.8,19.8,35.72
636330.0,3404730.0,42.6,36.8,19.8,35.72
636430.0,3404730.0,42.6,36.8,19.8,35.72
636530.0,3404730.0,42.6,36.8,19.8,35.72
636630.0,3404730.0,42.6,36.8,19.8,35.72
636730.0,3404730.0,42.6,36.8,19.8,35.72
636830.0,3404730.0,42.6,36.8,19.8,35.72
636930.0,3404730.0,42.6,36.8,19.8,35.72
637030.0,3404730.0,42.6,36.8,19.8,35.72
637130.0,3404730.0,42.6,36.8,19.8,35.72
637230.0,3404730.0,42.6,36.8,19.8,35.72
637330.0,3404730.0,42.6,36.8,19.8,35.72
637430.0,3404730.0,42.6,36.8,19.8,35.72
637530.0,3404730.0,42.6,36.8,19.8,35.72
637630.0,3404730.0,42.6,36.8,19.8,35.72
637730.0,3404730.0,42.6,36.8,19.8,35.72
637830.0,3404730.0,42.6,36.8,19.8,35.72
637930.0,3404730.0,42.6,36.8,19.8,35.72
638030.0,3404730.0,42.6,36.8,19.8,35.72
638130.0,3404730.0,42.6,36.8,19.8,35.72
624530.0,3404630.0,42.6,36.8,19.8,35.72
624630.0,3404630.0,42.6,36.8,19.8,35.72
624730.0,3404630.0,42.6,36.8,19.8,35.72
624930.0,3404630.0,42.6,36.8,19.8,35.72
625030.0,3404630.0,42.6,36.8,19.8,35.72
625130.0,3404630.0,42.6,36.8,19.8,35.72
625230.0,3404630.0,42.6,36.8,19.8,35.72
625330.0,3404630.0,42.6,36.8,19.8,35.72
625430.0,3404630.0,42.6,36.8,19.8,35.72
625530.0,3404630.0,42.6,36.8,19.8,35.72
625630.0,3404630.0,42.6,36.8,19.8,35.72
625730.0,3404630.0,42.6,36.8,19.8,35.72
625830.0,3404630.0,42.6,36.8,19.8,35.72
625930.0,3404630.0,42.6,36.8,19.8,35.72
626030.0,3404630.0,42.6,36.8,19.8,35.72
626130.0,3404630.0,42.6,36.8,19.8,35.72
626230.0,3404630.0,42.6,36.8,19.8,35.72
626330.0,3404630.0,42.6,36.8,19.8,35.72
626430.0,3404630.0,42.6,36.8,19.8,35.72
626530.0,3404630.0,42.6,36.8,19.8,35.72
626630.0,3404630.0,42.6,36.8,19.8,35.72
626730.0,3404630.0,42.6,36.8,19.8,35.72
626830.0,3404630.0,42.6,36.8,19.8,35.72
626930.0,3404630.0,42.6,36.8,19.8,35.72
627030.0,3404630.0,42.6,36.8,19.8,35.72
627130.0,3404630.0,42.6,36.8,19.8,35.72
627230.0,3404630.0,42.6,36.8,19.8,35.72
627330.0,3404630.0,42.6,36.8,19.8,35.72
627430.0,3404630.0,42.6,36.8,19.8,35.72
627530.0,3404630.0,42.6,36.8,19.8,35.72
627630.0,3404630.0,42.6,36.8,19.8,35.72
627730.0,3404630.0,42.6,36.8,19.8,35.72
627830.0,3404630.0,42.6,36.8,19.8,35.72
627930.0,3404630.0,42.6,36.8,19.8,35.72
628030.0,3404630.0,42.6,36.8,19.8,35.72
628130.0,3404630.0,42.6,36.8,19.8,35.72
628230.0,3404630.0,42.6,36.8,19.8,35.72
628330.0,3404630.0,42.6,36.8,19.8,35.72
628430.0,3404630.0,42.6,36.8,19.8,35.72
628530.0,3404630.0,42.6,36.8,19.8,35.72
628630.0,3404630.0,42.6,36.8,19.8,35.72
628730.0,3404630.0,42.6,36.8,19.8,35.72
628830.0,3404630.0,42.6,36.8,19.8,35.72
628930.0,3404630.0,42.6,36.8,19.8,35.72
629030.0,3404630.0,42.6,36.8,19.8,35.72
629130.0,3404630.0,42.6,36.8,19.8,35.72
629230.0,3404630.0,42.6,36.8,19.8,35.72
629330.0,3404630.0,42.6,36.8,19.8,35.72
629430.0,3404630.0,42.6,36.8,19.8,35.72
629530.0,3404630.0,42.6,36.8,19.8,35.72
629630.0,3404630.0,42.6,36.8,19.8,35.72
629730.0,3404630.0,42.6,36.8,19.8,35.72
629830.0,3404630.0,42.6,36.8,19.8,35.72
629930.0,3404630.0,42.6,36.8,19.8,35.72
630030.0,3404630.0,42.6,36.8,19.8,35.72
630130.0,3404630.0,42.6,36.8,19.8,35.72
630230.0,3404630.0,42.6,36.8,19.8,35.72
630330.0,3404630.0,42.6,36.8,19.8,35.72
630430.0,3404630.0,42.6,36.8,19.8,35.72
630530.0,3404630.0,42.6,36.8,19.8,35.72
630630.0,3404630.0,42.6,36.8,19.8,35.72
630730.0,3404630.0,42.6,36.8,19.8,35.72
630830.0,3404630.0,42.6,36.8,19.8,35.72
630930.0,3404630.0,42.6,36.8,19.8,35.72
631030.0,3404630.0,42.6,36.8,19.8,35.72
631130.0,3404630.0,42.6,36.8,19.8,35.72
631230.0,3404630.0,42.6,36.8,19.8,35.72
631330.0,3404630.0,42.6,36.8,19.8,35.72
631430.0,3404630.0,42.6,36.8,19.8,35.72
631530.0,3404630.0,42.6,36.8,19.8,35.72
631630.0,3404630.0,42.6,36.8,19.8,35.72
631730.0,3404630.0,42.6,36.8,19.8,35.72
631830.0,3404630.0,42.6,36.8,19.8,35.72
631930.0,3404630.0,42.6,36.8,19.8,35.72
632030.0,3404630.0,42.6,36.8,19.8,35.72
632130.0,3404630.0,42.6,36.8,19.8,35.72
632230.0,3404630.0,42.6,36.8,19.8,35.72
632330.0,3404630.0,42.6,36.8,19.8,35.72
632430.0,3404630.0,42.6,36.8,19.8,35.72
632530.0,3404630.0,42.6,36.8,19.8,35.72
632630.0,3404630.0,42.6,36.8,19.8,35.72
632730.0,3404630.0,42.6,36.8,19.8,35.72
632830.0,3404630.0,42.6,36.8,19.8,35.72
632930.0,3404630.0,42.6,36.8,19.8,35.72
633030.0,3404630.0,42.6,36.8,19.8,35.72
633130.0,3404630.0,42.6,36.8,19.8,35.72
633230.0,3404630.0,42.6,36.8,19.8,35.72
633330.0,3404630.0,42.6,36.8,19.8,35.72
633430.0,3404630.0,42.6,36.8,19.8,35.72
633530.0,3404630.0,42.6,36.8,19.8,35.72
633630.0,3404630.0,42.6,36.8,19.8,35.72
633730.0,3404630.0,42.6,36.8,19.8,35.72
633830.0,3404630.0,42.6,36.8,19.8,35.72
633930.0,3404630.0,42.6,36.8,19.8,35.72
634030.0,3404630.0,42.6,36.8,19.8,35.72
634130.0,3404630.0,42.6,36.8,19.8,35.72
634230.0,3404630.0,42.6,36.8,19.8,35.72
634330.0,3404630.0,42.6,36.8,19.8,35.72
634430.0,3404630.0,42.6,36.8,19.8,35.72
634530.0,3404630.0,42.6,36.8,19.8,35.72
634630.0,3404630.0,42.6,36.8,19.8,35.72
634730.0,3404630.0,42.6,36.8,19.8,35.72
634830.0,3404630.0,42.6,36.8,19.8,35.72
634930.0,3404630.0,42.6,36.8,19.8,35.72
635030.0,3404630.0,42.6,36.8,19.8,35.72
635130.0,3404630.0,42.6,36.8,19.8,35.72
635230.0,3404630.0,42.6,36.8,19.8,35.72
635330.0,3404630.0,42.6,36.8,19.8,35.72
635430.0,3404630.0,42.6,36.8,19.8,35.72
635530.0,3404630.0,42.6,36.8,19.8,35.72
635630.0,3404630.0,42.6,36.8,19.8,35.72
635730.0,3404630.0,42.6,36.8,19.8,35.72
635830.0,3404630.0,42.6,36.8,19.8,35.72
635930.0,3404630.0,42.6,36.8,19.8,35.72
636030.0,3404630.0,42.6,36.8,19.8,35.72
636130.0,3404630.0,42.6,36.8,19.8,35.72
636230.0,3404630.0,42.6,36.8,19.8,35.72
636330.0,3404630.0,42.6,36.8,19.8,35.72
636430.0,3404630.0,42.6,36.8,19.8,35.72
636530.0,3404630.0,42.6,36.8,19.8,35.72
636630.0,3404630.0,42.6,36.8,19.8,35.72
636730.0,3404630.0,42.6,36.8,19.8,35.72
636830.0,3404630.0,42.6,36.8,19.8,35.72
636930.0,3404630.0,42.6,36.8,19.8,35.72
637030.0,3404630.0,42.6,36.8,19.8,35.72
637130.0,3404630.0,42.6,36.8,19.8,35.72
637230.0,3404630.0,42.6,36.8,19.8,35.72
637330.0,3404630.0,42.6,36.8,19.8,35.72
637430.0,3404630.0,42.6,36.8,19.8,35.72
637530.0,3404630.0,42.6,36.8,19.8,35.72
637630.0,3404630.0,42.6,36.8,19.8,35.72
637730.0,3404630.0,42.6,36.8,19.8,35.72
637830.0,3404630.0,42.6,36.8,19.8,35.72
637930.0,3404630.0,42.6,36.8,19.8,35.72
638030.0,3404630.0,42.6,36.8,19.8,35.72
638130.0,3404630.0,42.6,36.8,19.8,35.72
625030.0,3404530.0,42.6,36.8,19.8,35.72
625130.0,3404530.0,42.6,36.8,19.8,35.72
625230.0,3404530.0,42.6,36.8,19.8,35.72
625330.0,3404530.0,42.6,36.8,19.8,35.72
625430.0,3404530.0,42.6,36.8,19.8,35.72
625530.0,3404530.0,42.6,36.8,19.8,35.72
625630.0,3404530.0,42.6,36.8,19.8,35.72
625730.0,3404530.0,42.6,36.8,19.8,35.72
625830.0,3404530.0,42.6,36.8,19.8,35.72
625930.0,3404530.0,42.6,36.8,19.8,35.72
626030.0,3404530.0,42.6,36.8,19.8,35.72
626130.0,3404530.0,42.6,36.8,19.8,35.72
626230.0,3404530.0,42.6,36.8,19.8,35.72
626330.0,3404530.0,42.6,36.8,19.8,35.72
626430.0,3404530.0,42.6,36.8,19.8,35.72
626530.0,3404530.0,42.6,36.8,19.8,35.72
626630.0,3404530.0,42.6,36.8,19.8,35.72
626730.0,3404530.0,42.6,36.8,19.8,35.72
626830.0,3404530.0,42.6,36.8,19.8,35.72
626930.0,3404530.0,42.6,36.8,19.8,35.72
627030.0,3404530.0,42.6,36.8,19.8,35.72
627130.0,3404530.0,42.6,36.8,19.8,35.72
627230.0,3404530.0,42.6,36.8,19.8,35.72
627330.0,3404530.0,42.6,36.8,19.8,35.72
627430.0,3404530.0,42.6,36.8,19.8,35.72
627530.0,3404530.0,42.6,36.8,19.8,35.72
627630.0,3404530.0,42.6,36.8,19.8,35.72
627730.0,3404530.0,42.6,36.8,19.8,35.72
627830.0,3404530.0,42.6,36.8,19.8,35.72
627930.0,3404530.0,42.6,36.8,19.8,35.72
628030.0,3404530.0,42.6,36.8,19.8,35.72
628130.0,3404530.0,42.6,36.8,19.8,35.72
628230.0,3404530.0,42.6,36.8,19.8,35.72
628330.0,3404530.0,42.6,36.8,19.8,35.72
628430.0,3404530.0,42.6,36.8,19.8,35.72
628530.0,3404530.0,42.6,36.8,19.8,35.72
628630.0,3404530.0,42.6,36.8,19.8,35.72
628730.0,3404530.0,42.6,36.8,19.8,35.72
628830.0,3404530.0,42.6,36.8,19.8,35.72
628930.0,3404530.0,42.6,36.8,19.8,35.72
629030.0,3404530.0,42.6,36.8,19.8,35.72
629130.0,3404530.0,42.6,36.8,19.8,35.72
629230.0,3404530.0,42.6,36.8,19.8,35.72
629330.0,3404530.0,42.6,36.8,19.8,35.72
629430.0,3404530.0,42.6,36.8,19.8,35.72
629530.0,3404530.0,42.6,36.8,19.8,35.72
629630.0,3404530.0,42.6,36.8,19.8,35.72
629730.0,3404530.0,42.6,36.8,19.8,35.72
629830.0,3404530.0,42.6,36.8,19.8,35.72
629930.0,3404530.0,42.6,36.8,19.8,35.72
630030.0,3404530.0,42.6,36.8,19.8,35.72
630130.0,3404530.0,42.6,36.8,19.8,35.72
630230.0,3404530.0,42.6,36.8,19.8,35.72
630330.0,3404530.0,42.6,36.8,19.8,35.72
630430.0,3404530.0,42.6,36.8,19.8,35.72
630530.0,3404530.0,42.6,36.8,19.8,35.72
630630.0,3404530.0,42.6,36.8,19.8,35.72
630730.0,3404530.0,42.6,36.8,19.8,35.72
630830.0,3404530.0,42.6,36.8,19.8,35.72
630930.0,3404530.0,42.6,36.8,19.8,35.72
631030.0,3404530.0,42.6,36.8,19.8,35.72
631130.0,3404530.0,42.6,36.8,19.8,35.72
631230.0,3404530.0,42.6,36.8,19.8,35.72
631330.0,3404530.0,42.6,36.8,19.8,35.72
631430.0,3404530.0,42.6,36.8,19.8,35.72
631530.0,3404530.0,42.6,36.8,19.8,35.72
631630.0,3404530.0,42.6,36.8,19.8,35.72
631730.0,3404530.0,42.6,36.8,19.8,35.72
631830.0,3404530.0,42.6,36.8,19.8,35.72
631930.0,3404530.0,42.6,36.8,19.8,35.72
632030.0,3404530.0,42.6,36.8,19.8,35.72
632130.0,3404530.0,42.6,36.8,19.8,35.72
632230.0,3404530.0,42.6,36.8,19.8,35.72
632330.0,3404530.0,42.6,36.8,19.8,35.72
632430.0,3404530.0,42.6,36.8,19.8,35.72
632530.0,3404530.0,42.6,36.8,19.8,35.72
632630.0,3404530.0,42.6,36.8,19.8,35.72
632730.0,3404530.0,42.6,36.8,19.8,35.72
632830.0,3404530.0,42.6,36.8,19.8,35.72
632930.0,3404530.0,42.6,36.8,19.8,35.72
633030.0,3404530.0,42.6,36.8,19.8,35.72
633130.0,3404530.0,42.6,36.8,19.8,35.72
633230.0,3404530.0,42.6,36.8,19.8,35.72
633330.0,3404530.0,42.6,36.8,19.8,35.72
633430.0,3404530.0,42.6,36.8,19.8,35.72
633530.0,3404530.0,42.6,36.8,19.8,35.72
633630.0,3404530.0,42.6,36.8,19.8,35.72
633730.0,3404530.0,42.6,36.8,19.8,35.72
633830.0,3404530.0,42.6,36.8,19.8,35.72
633930.0,3404530.0,42.6,36.8,19.8,35.72
634030.0,3404530.0,42.6,36.8,19.8,35.72
634130.0,3404530.0,42.6,36.8,19.8,35.72
634230.0,3404530.0,42.6,36.8,19.8,35.72
634330.0,3404530.0,42.6,36.8,19.8,35.72
634430.0,3404530.0,42.6,36.8,19.8,35.72
634530.0,3404530.0,42.6,36.8,19.8,35.72
634630.0,3404530.0,42.6,36.8,19.8,35.72
634730.0,3404530.0,42.6,36.8,19.8,35.72
634830.0,3404530.0,42.6,36.8,19.8,35.72
634930.0,3404530.0,42.6,36.8,19.8,35.72
635030.0,3404530.0,42.6,36.8,19.8,35.72
635130.0,3404530.0,42.6,36.8,19.8,35.72
635230.0,3404530.0,42.6,36.8,19.8,35.72
635330.0,3404530.0,42.6,36.8,19.8,35.72
635430.0,3404530.0,42.6,36.8,19.8,35.72
635530.0,3404530.0,42.6,36.8,19.8,35.72
635630.0,3404530.0,42.6,36.8,19.8,35.72
635730.0,3404530.0,42.6,36.8,19.8,35.72
635830.0,3404530.0,42.6,36.8,19.8,35.72
635930.0,3404530.0,42.6,36.8,19.8,35.72
636030.0,3404530.0,42.6,36.8,19.8,35.72
636130.0,3404530.0,42.6,36.8,19.8,35.72
636230.0,3404530.0,42.6,36.8,19.8,35.72
636330.0,3404530.0,42.6,36.8,19.8,35.72
636430.0,3404530.0,42.6,36.8,19.8,35.72
636530.0,3404530.0,42.6,36.8,19.8,35.72
636630.0,3404530.0,42.6,36.8,19.8,35.72
636730.0,3404530.0,42.6,36.8,19.8,35.72
636830.0,3404530.0,42.6,36.8,19.8,35.72
636930.0,3404530.0,42.6,36.8,19.8,35.72
637030.0,3404530.0,42.6,36.8,19.8,35.72
637130.0,3404530.0,42.6,36.8,19.8,35.72
637230.0,3404530.0,42.6,36.8,19.8,35.72
637330.0,3404530.0,42.6,36.8,19.8,35.72
637430.0,3404530.0,42.6,36.8,19.8,35.72
637530.0,3404530.0,42.6,36.8,19.8,35.72
637630.0,3404530.0,42.6,36.8,19.8,35.72
637730.0,3404530.0,42.6,36.8,19.8,35.72
637830.0,3404530.0,42.6,36.8,19.8,35.72
637930.0,3404530.0,42.6,36.8,19.8,35.72
638030.0,3404530.0,42.6,36.8,19.8,35.72
638130.0,3404530.0,42.6,36.8,19.8,35.72
625030.0,3404430.0,42.6,36.8,19.8,35.72
625130.0,3404430.0,42.6,36.8,19.8,35.72
625230.0,3404430.0,42.6,36.8,19.8,35.72
625330.0,3404430.0,42.6,36.8,19.8,35.72
625430.0,3404430.0,42.6,36.8,19.8,35.72
625530.0,3404430.0,42.6,36.8,19.8,35.72
625630.0,3404430.0,42.6,36.8,19.8,35.72
625730.0,3404430.0,42.6,36.8,19.8,35.72
625830.0,3404430.0,42.6,36.8,19.8,35.72
625930.0,3404430.0,42.6,36.8,19.8,35.72
626030.0,3404430.0,42.6,36.8,19.8,35.72
626130.0,3404430.0,42.6,36.8,19.8,35.72
626230.0,3404430.0,42.6,36.8,19.8,35.72
626330.0,3404430.0,42.6,36.8,19.8,35.72
626430.0,3404430.0,42.6,36.8,19.8,35.72
626530.0,3404430.0,42.6,36.8,19.8,35.72
626630.0,3404430.0,42.6,36.8,19.8,35.72
626730.0,3404430.0,42.6,36.8,19.8,35.72
626830.0,3404430.0,42.6,36.8,19.8,35.72
626930.0,3404430.0,42.6,36.8,19.8,35.72
627030.0,3404430.0,42.6,36.8,19.8,35.72
627130.0,3404430.0,42.6,36.8,19.8,35.72
627230.0,3404430.0,42.6,36.8,19.8,35.72
627330.0,3404430.0,42.6,36.8,19.8,35.72
627430.0,3404430.0,42.6,36.8,19.8,35.72
627530.0,3404430.0,42.6,36.8,19.8,35.72
627630.0,3404430.0,42.6,36.8,19.8,35.72
627730.0,3404430.0,42.6,36.8,19.8,35.72
627830.0,3404430.0,42.6,36.8,19.8,35.72
627930.0,3404430.0,42.6,36.8,19.8,35.72
628030.0,3404430.0,42.6,36.8,19.8,35.72
628130.0,3404430.0,42.6,36.8,19.8,35.72
628230.0,3404430.0,42.6,36.8,19.8,35.72
628330.0,3404430.0,42.6,36.8,19.8,35.72
628430.0,3404430.0,42.6,36.8,19.8,35.72
628530.0,3404430.0,42.6,36.8,19.8,35.72
628630.0,3404430.0,42.6,36.8,19.8,35.72
628730.0,3404430.0,42.6,36.8,19.8,35.72
628830.0,3404430.0,42.6,36.8,19.8,35.72
628930.0,3404430.0,42.6,36.8,19.8,35.72
629030.0,3404430.0,42.6,36.8,19.8,35.72
629130.0,3404430.0,42.6,36.8,19.8,35.72
629230.0,3404430.0,42.6,36.8,19.8,35.72
629330.0,3404430.0,42.6,36.8,19.8,35.72
629430.0,3404430.0,42.6,36.8,19.8,35.72
629530.0,3404430.0,42.6,36.8,19.8,35.72
629630.0,3404430.0,42.6,36.8,19.8,35.72
629730.0,3404430.0,42.6,36.8,19.8,35.72
629830.0,3404430.0,42.6,36.8,19.8,35.72
629930.0,3404430.0,42.6,36.8,19.8,35.72
630030.0,3404430.0,42.6,36.8,19.8,35.72
630130.0,3404430.0,42.6,36.8,19.8,35.72
630230.0,3404430.0,42.6,36.8,19.8,35.72
630330.0,3404430.0,42.6,36.8,19.8,35.72
630430.0,3404430.0,42.6,36.8,19.8,35.72
630530.0,3404430.0,42.6,36.8,19.8,35.72
630630.0,3404430.0,42.6,36.8,19.8,35.72
630730.0,3404430.0,42.6,36.8,19.8,35.72
630830.0,3404430.0,42.6,36.8,19.8,35.72
630930.0,3404430.0,42.6,36.8,19.8,35.72
631030.0,3404430.0,42.6,36.8,19.8,35.72
631130.0,3404430.0,42.6,36.8,19.8,35.72
631230.0,3404430.0,42.6,36.8,19.8,35.72
631330.0,3404430.0,42.6,36.8,19.8,35.72
631430.0,3404430.0,42.6,36.8,19.8,35.72
631530.0,3404430.0,42.6,36.8,19.8,35.72
631630.0,3404430.0,42.6,36.8,19.8,35.72
631730.0,3404430.0,42.6,36.8,19.8,35.72
631830.0,3404430.0,42.6,36.8,19.8,35.72
631930.0,3404430.0,42.6,36.8,19.8,35.72
632030.0,3404430.0,42.6,36.8,19.8,35.72
632130.0,3404430.0,42.6,36.8,19.8,35.72
632230.0,3404430.0,42.6,36.8,19.8,35.72
632330.0,3404430.0,42.6,36.8,19.8,35.72
632430.0,3404430.0,42.6,36.8,19.8,35.72
632530.0,3404430.0,42.6,36.8,19.8,35.72
632630.0,3404430.0,42.6,36.8,19.8,35.72
632730.0,3404430.0,42.6,36.8,19.8,35.72
632830.0,3404430.0,42.6,36.8,19.8,35.72
632930.0,3404430.0,42.6,36.8,19.8,35.72
633030.0,3404430.0,42.6,36.8,19.8,35.72
633130.0,3404430.0,42.6,36.8,19.8,35.72
633230.0,3404430.0,42.6,36.8,19.8,35.72
633330.0,3404430.0,42.6,36.8,19.8,35.72
633430.0,3404430.0,42.6,36.8,19.8,35.72
633530.0,3404430.0,42.6,36.8,19.8,35.72
633630.0,3404430.0,42.6,36.8,19.8,35.72
633730.0,3404430.0,42.6,36.8,19.8,35.72
633830.0,3404430.0,42.6,36.8,19.8,35.72
633930.0,3404430.0,42.6,36.8,19.8,35.72
634030.0,3404430.0,42.6,36.8,19.8,35.72
634130.0,3404430.0,42.6,36.8,19.8,35.72
634230.0,3404430.0,42.6,36.8,19.8,35.72
634330.0,3404430.0,42.6,36.8,19.8,35.72
634430.0,3404430.0,42.6,36.8,19.8,35.72
634530.0,3404430.0,42.6,36.8,19.8,35.72
634630.0,3404430.0,42.6,36.8,19.8,35.72
634730.0,3404430.0,42.6,36.8,19.8,35.72
634830.0,3404430.0,42.6,36.8,19.8,35.72
634930.0,3404430.0,42.6,36.8,19.8,35.72
635030.0,3404430.0,42.6,36.8,19.8,35.72
635130.0,3404430.0,42.6,36.8,19.8,35.72
635230.0,3404430.0,42.6,36.8,19.8,35.72
635330.0,3404430.0,42.6,36.8,19.8,35.72
635430.0,3404430.0,42.6,36.8,19.8,35.72
635530.0,3404430.0,42.6,36.8,19.8,35.72
635630.0,3404430.0,42.6,36.8,19.8,35.72
635730.0,3404430.0,42.6,36.8,19.8,35.72
635830.0,3404430.0,42.6,36.8,19.8,35.72
635930.0,3404430.0,42.6,36.8,19.8,35.72
636030.0,3404430.0,42.6,36.8,19.8,35.72
636130.0,3404430.0,42.6,36.8,19.8,35.72
636230.0,3404430.0,42.6,36.8,19.8,35.72
636330.0,3404430.0,42.6,36.8,19.8,35.72
636430.0,3404430.0,42.6,36.8,19.8,35.72
636530.0,3404430.0,42.6,36.8,19.8,35.72
636630.0,3404430.0,42.6,36.8,19.8,35.72
636730.0,3404430.0,42.6,36.8,19.8,35.72
636830.0,3404430.0,42.6,36.8,19.8,35.72
636930.0,3404430.0,42.6,36.8,19.8,35.72
637030.0,3404430.0,42.6,36.8,19.8,35.72
637130.0,3404430.0,42.6,36.8,19.8,35.72
637230.0,3404430.0,42.6,36.8,19.8,35.72
637330.0,3404430.0,42.6,36.8,19.8,35.72
637430.0,3404430.0,42.6,36.8,19.8,35.72
637530.0,3404430.0,42.6,36.8,19.8,35.72
637630.0,3404430.0,42.6,36.8,19.8,35.72
637730.0,3404430.0,42.6,36.8,19.8,35.72
637830.0,3404430.0,42.6,36.8,19.8,35.72
637930.0,3404430.0,42.6,36.8,19.8,35.72
638030.0,3404430.0,42.6,36.8,19.8,35.72
638130.0,3404430.0,42.6,36.8,19.8,35.72
625130.0,3404330.0,42.6,36.8,19.8,35.72
625230.0,3404330.0,42.6,36.8,19.8,35.72
625330.0,3404330.0,42.6,36.8,19.8,35.72
625430.0,3404330.0,42.6,36.8,19.8,35.72
625530.0,3404330.0,42.6,36.8,19.8,35.72
625630.0,3404330.0,42.6,36.8,19.8,35.72
625730.0,3404330.0,42.6,36.8,19.8,35.72
625830.0,3404330.0,42.6,36.8,19.8,35.72
625930.0,3404330.0,42.6,36.8,19.8,35.72
626030.0,3404330.0,42.6,36.8,19.8,35.72
626130.0,3404330.0,42.6,36.8,19.8,35.72
626230.0,3404330.0,42.6,36.8,19.8,35.72
626330.0,3404330.0,42.6,36.8,19.8,35.72
626430.0,3404330.0,42.6,36.8,19.8,35.72
626530.0,3404330.0,42.6,36.8,19.8,35.72
626630.0,3404330.0,42.6,36.8,19.8,35.72
626730.0,3404330.0,42.6,36.8,19.8,35.72
626830.0,3404330.0,42.6,36.8,19.8,35.72
626930.0,3404330.0,42.6,36.8,19.8,35.72
627030.0,3404330.0,42.6,36.8,19.8,35.72
627130.0,3404330.0,42.6,36.8,19.8,35.72
627230.0,3404330.0,42.6,36.8,19.8,35.72
627330.0,3404330.0,42.6,36.8,19.8,35.72
627430.0,3404330.0,42.6,36.8,19.8,35.72
627530.0,3404330.0,42.6,36.8,19.8,35.72
627630.0,3404330.0,42.6,36.8,19.8,35.72
627730.0,3404330.0,42.6,36.8,19.8,35.72
627830.0,3404330.0,42.6,36.8,19.8,35.72
627930.0,3404330.0,42.6,36.8,19.8,35.72
628030.0,3404330.0,42.6,36.8,19.8,35.72
628130.0,3404330.0,42.6,36.8,19.8,35.72
628230.0,3404330.0,42.6,36.8,19.8,35.72
628330.0,3404330.0,42.6,36.8,19.8,35.72
628430.0,3404330.0,42.6,36.8,19.8,35.72
628530.0,3404330.0,42.6,36.8,19.8,35.72
628630.0,3404330.0,42.6,36.8,19.8,35.72
628730.0,3404330.0,42.6,36.8,19.8,35.72
628830.0,3404330.0,42.6,36.8,19.8,35.72
628930.0,3404330.0,42.6,36.8,19.8,35.72
629030.0,3404330.0,42.6,36.8,19.8,35.72
629130.0,3404330.0,42.6,36.8,19.8,35.72
629230.0,3404330.0,42.6,36.8,19.8,35.72
629330.0,3404330.0,42.6,36.8,19.8,35.72
629430.0,3404330.0,42.6,36.8,19.8,35.72
629530.0,3404330.0,42.6,36.8,19.8,35.72
629630.0,3404330.0,42.6,36.8,19.8,35.72
629730.0,3404330.0,42.6,36.8,19.8,35.72
629830.0,3404330.0,42.6,36.8,19.8,35.72
629930.0,3404330.0,42.6,36.8,19.8,35.72
630030.0,3404330.0,42.6,36.8,19.8,35.72
630130.0,3404330.0,42.6,36.8,19.8,35.72
630230.0,3404330.0,42.6,36.8,19.8,35.72
630330.0,3404330.0,42.6,36.8,19.8,35.72
630430.0,3404330.0,42.6,36.8,19.8,35.72
630530.0,3404330.0,42.6,36.8,19.8,35.72
630630.0,3404330.0,42.6,36.8,19.8,35.72
630730.0,3404330.0,42.6,36.8,19.8,35.72
630830.0,3404330.0,42.6,36.8,19.8,35.72
630930.0,3404330.0,42.6,36.8,19.8,35.72
631030.0,3404330.0,42.6,36.8,19.8,35.72
631130.0,3404330.0,42.6,36.8,19.8,35.72
631230.0,3404330.0,42.6,36.8,19.8,35.72
631330.0,3404330.0,42.6,36.8,19.8,35.72
631430.0,3404330.0,42.6,36.8,19.8,35.72
631530.0,3404330.0,42.6,36.8,19.8,35.72
631630.0,3404330.0,42.6,36.8,19.8,35.72
631730.0,3404330.0,42.6,36.8,19.8,35.72
631830.0,3404330.0,42.6,36.8,19.8,35.72
631930.0,3404330.0,42.6,36.8,19.8,35.72
632030.0,3404330.0,42.6,36.8,19.8,35.72
632130.0,3404330.0,42.6,36.8,19.8,35.72
632230.0,3404330.0,42.6,36.8,19.8,35.72
632330.0,3404330.0,42.6,36.8,19.8,35.72
632430.0,3404330.0,42.6,36.8,19.8,35.72
632530.0,3404330.0,42.6,36.8,19.8,35.72
632630.0,3404330.0,42.6,36.8,19.8,35.72
632730.0,3404330.0,42.6,36.8,19.8,35.72
632830.0,3404330.0,42.6,36.8,19.8,35.72
632930.0,3404330.0,42.6,36.8,19.8,35.72
633030.0,3404330.0,42.6,36.8,19.8,35.72
633130.0,3404330.0,42.6,36.8,19.8,35.72
633230.0,3404330.0,42.6,36.8,19.8,35.72
633330.0,3404330.0,42.6,36.8,19.8,35.72
633430.0,3404330.0,42.6,36.8,19.8,35.72
633530.0,3404330.0,42.6,36.8,19.8,35.72
633630.0,3404330.0,42.6,36.8,19.8,35.72
633730.0,3404330.0,42.6,36.8,19.8,35.72
633830.0,3404330.0,42.6,36.8,19.8,35.72
633930.0,3404330.0,42.6,36.8,19.8,35.72
634030.0,3404330.0,42.6,36.8,19.8,35.72
634130.0,3404330.0,42.6,36.8,19.8,35.72
634230.0,3404330.0,42.6,36.8,19.8,35.72
634330.0,3404330.0,42.6,36.8,19.8,35.72
634430.0,3404330.0,42.6,36.8,19.8,35.72
634530.0,3404330.0,42.6,36.8,19.8,35.72
634630.0,3404330.0,42.6,36.8,19.8,35.72
634730.0,3404330.0,42.6,36.8,19.8,35.72
634830.0,3404330.0,42.6,36.8,19.8,35.72
634930.0,3404330.0,42.6,36.8,19.8,35.72
635030.0,3404330.0,42.6,36.8,19.8,35.72
635130.0,3404330.0,42.6,36.8,19.8,35.72
635230.0,3404330.0,42.6,36.8,19.8,35.72
635330.0,3404330.0,42.6,36.8,19.8,35.72
635430.0,3404330.0,42.6,36.8,19.8,35.72
635530.0,3404330.0,42.6,36.8,19.8,35.72
635630.0,3404330.0,42.6,36.8,19.8,35.72
635730.0,3404330.0,42.6,36.8,19.8,35.72
635830.0,3404330.0,42.6,36.8,19.8,35.72
635930.0,3404330.0,42.6,36.8,19.8,35.72
636030.0,3404330.0,42.6,36.8,19.8,35.72
636130.0,3404330.0,42.6,36.8,19.8,35.72
636230.0,3404330.0,42.6,36.8,19.8,35.72
636330.0,3404330.0,42.6,36.8,19.8,35.72
636430.0,3404330.0,42.6,36.8,19.8,35.72
636530.0,3404330.0,42.6,36.8,19.8,35.72
636630.0,3404330.0,42.6,36.8,19.8,35.72
636730.0,3404330.0,42.6,36.8,19.8,35.72
636830.0,3404330.0,42.6,36.8,19.8,35.72
636930.0,3404330.0,42.6,36.8,19.8,35.72
637030.0,3404330.0,42.6,36.8,19.8,35.72
637130.0,3404330.0,42.6,36.8,19.8,35.72
637230.0,3404330.0,42.6,36.8,19.8,35.72
637330.0,3404330.0,42.6,36.8,19.8,35.72
637430.0,3404330.0,42.6,36.8,19.8,35.72
637530.0,3404330.0,42.6,36.8,19.8,35.72
637630.0,3404330.0,42.6,36.8,19.8,35.72
637730.0,3404330.0,42.6,36.8,19.8,35.72
637830.0,3404330.0,42.6,36.8,19.8,35.72
637930.0,3404330.0,42.6,36.8,19.8,35.72
638030.0,3404330.0,42.6,36.8,19.8,35.72
638130.0,3404330.0,42.6,36.8,19.8,35.72
625130.0,3404230.0,42.6,36.8,19.8,35.72
625230.0,3404230.0,42.6,36.8,19.8,35.72
625330.0,3404230.0,42.6,36.8,19.8,35.72
625430.0,3404230.0,42.6,36.8,19.8,35.72
625530.0,3404230.0,42.6,36.8,19.8,35.72
625630.0,3404230.0,42.6,36.8,19.8,35.72
625730.0,3404230.0,42.6,36.8,19.8,35.72
625830.0,3404230.0,42.6,36.8,19.8,35.72
625930.0,3404230.0,42.6,36.8,19.8,35.72
626030.0,3404230.0,42.6,36.8,19.8,35.72
626130.0,3404230.0,42.6,36.8,19.8,35.72
626230.0,3404230.0,42.6,36.8,19.8,35.72
626330.0,3404230.0,42.6,36.8,19.8,35.72
626430.0,3404230.0,42.6,36.8,19.8,35.72
626530.0,3404230.0,42.6,36.8,19.8,35.72
626630.0,3404230.0,42.6,36.8,19.8,35.72
626730.0,3404230.0,42.6,36.8,19.8,35.72
626830.0,3404230.0,42.6,36.8,19.8,35.72
626930.0,3404230.0,42.6,36.8,19.8,35.72
627030.0,3404230.0,42.6,36.8,19.8,35.72
627130.0,3404230.0,42.6,36.8,19.8,35.72
627230.0,3404230.0,42.6,36.8,19.8,35.72
627330.0,3404230.0,42.6,36.8,19.8,35.72
627430.0,3404230.0,42.6,36.8,19.8,35.72
627530.0,3404230.0,42.6,36.8,19.8,35.72
627630.0,3404230.0,42.6,36.8,19.8,35.72
627730.0,3404230.0,42.6,36.8,19.8,35.72
627830.0,3404230.0,42.6,36.8,19.8,35.72
627930.0,3404230.0,42.6,36.8,19.8,35.72
628030.0,3404230.0,42.6,36.8,19.8,35.72
628130.0,3404230.0,42.6,36.8,19.8,35.72
628230.0,3404230.0,42.6,36.8,19.8,35.72
628330.0,3404230.0,42.6,36.8,19.8,35.72
628430.0,3404230.0,42.6,36.8,19.8,35.72
628530.0,3404230.0,42.6,36.8,19.8,35.72
628630.0,3404230.0,42.6,36.8,19.8,35.72
628730.0,3404230.0,42.6,36.8,19.8,35.72
628830.0,3404230.0,42.6,36.8,19.8,35.72
628930.0,3404230.0,42.6,36.8,19.8,35.72
629030.0,3404230.0,42.6,36.8,19.8,35.72
629130.0,3404230.0,42.6,36.8,19.8,35.72
629230.0,3404230.0,42.6,36.8,19.8,35.72
629330.0,3404230.0,42.6,36.8,19.8,35.72
629430.0,3404230.0,42.6,36.8,19.8,35.72
629530.0,3404230.0,42.6,36.8,19.8,35.72
629630.0,3404230.0,42.6,36.8,19.8,35.72
629730.0,3404230.0,42.6,36.8,19.8,35.72
629830.0,3404230.0,42.6,36.8,19.8,35.72
629930.0,3404230.0,42.6,36.8,19.8,35.72
630030.0,3404230.0,42.6,36.8,19.8,35.72
630130.0,3404230.0,42.6,36.8,19.8,35.72
630230.0,3404230.0,42.6,36.8,19.8,35.72
630330.0,3404230.0,42.6,36.8,19.8,35.72
630430.0,3404230.0,42.6,36.8,19.8,35.72
630530.0,3404230.0,42.6,36.8,19.8,35.72
630630.0,3404230.0,42.6,36.8,19.8,35.72
630730.0,3404230.0,42.6,36.8,19.8,35.72
630830.0,3404230.0,42.6,36.8,19.8,35.72
630930.0,3404230.0,42.6,36.8,19.8,35.72
631030.0,3404230.0,42.6,36.8,19.8,35.72
631130.0,3404230.0,42.6,36.8,19.8,35.72
631230.0,3404230.0,42.6,36.8,19.8,35.72
631330.0,3404230.0,42.6,36.8,19.8,35.72
631430.0,3404230.0,42.6,36.8,19.8,35.72
631530.0,3404230.0,42.6,36.8,19.8,35.72
631630.0,3404230.0,42.6,36.8,19.8,35.72
631730.0,3404230.0,42.6,36.8,19.8,35.72
631830.0,3404230.0,42.6,36.8,19.8,35.72
631930.0,3404230.0,42.6,36.8,19.8,35.72
632030.0,3404230.0,42.6,36.8,19.8,35.72
632130.0,3404230.0,42.6,36.8,19.8,35.72
632230.0,3404230.0,42.6,36.8,19.8,35.72
632330.0,3404230.0,42.6,36.8,19.8,35.72
632430.0,3404230.0,42.6,36.8,19.8,35.72
632530.0,3404230.0,42.6,36.8,19.8,35.72
632630.0,3404230.0,42.6,36.8,19.8,35.72
632730.0,3404230.0,42.6,36.8,19.8,35.72
632830.0,3404230.0,42.6,36.8,19.8,35.72
632930.0,3404230.0,42.6,36.8,19.8,35.72
633030.0,3404230.0,42.6,36.8,19.8,35.72
633130.0,3404230.0,42.6,36.8,19.8,35.72
633230.0,3404230.0,42.6,36.8,19.8,35.72
633330.0,3404230.0,42.6,36.8,19.8,35.72
633430.0,3404230.0,42.6,36.8,19.8,35.72
633530.0,3404230.0,42.6,36.8,19.8,35.72
633630.0,3404230.0,42.6,36.8,19.8,35.72
633730.0,3404230.0,42.6,36.8,19.8,35.72
633830.0,3404230.0,42.6,36.8,19.8,35.72
633930.0,3404230.0,42.6,36.8,19.8,35.72
634030.0,3404230.0,42.6,36.8,19.8,35.72
634130.0,3404230.0,42.6,36.8,19.8,35.72
634230.0,3404230.0,42.6,36.8,19.8,35.72
634330.0,3404230.0,42.6,36.8,19.8,35.72
634430.0,3404230.0,42.6,36.8,19.8,35.72
634530.0,3404230.0,42.6,36.8,19.8,35.72
634630.0,3404230.0,42.6,36.8,19.8,35.72
634730.0,3404230.0,42.6,36.8,19.8,35.72
634830.0,3404230.0,42.6,36.8,19.8,35.72
634930.0,3404230.0,42.6,36.8,19.8,35.72
635030.0,3404230.0,42.6,36.8,19.8,35.72
635130.0,3404230.0,42.6,36.8,19.8,35.72
635230.0,3404230.0,42.6,36.8,19.8,35.72
635330.0,3404230.0,42.6,36.8,19.8,35.72
635430.0,3404230.0,42.6,36.8,19.8,35.72
635530.0,3404230.0,42.6,36.8,19.8,35.72
635630.0,3404230.0,42.6,36.8,19.8,35.72
635730.0,3404230.0,42.6,36.8,19.8,35.72
635830.0,3404230.0,42.6,36.8,19.8,35.72
635930.0,3404230.0,42.6,36.8,19.8,35.72
636030.0,3404230.0,42.6,36.8,19.8,35.72
636130.0,3404230.0,42.6,36.8,19.8,35.72
636230.0,3404230.0,42.6,36.8,19.8,35.72
636330.0,3404230.0,42.6,36.8,19.8,35.72
636430.0,3404230.0,42.6,36.8,19.8,35.72
636530.0,3404230.0,42.6,36.8,19.8,35.72
636630.0,3404230.0,42.6,36.8,19.8,35.72
636730.0,3404230.0,42.6,36.8,19.8,35.72
636830.0,3404230.0,42.6,36.8,19.8,35.72
636930.0,3404230.0,42.6,36.8,19.8,35.72
637030.0,3404230.0,42.6,36.8,19.8,35.72
637130.0,3404230.0,42.6,36.8,19.8,35.72
637230.0,3404230.0,42.6,36.8,19.8,35.72
637330.0,3404230.0,42.6,36.8,19.8,35.72
637430.0,3404230.0,42.6,36.8,19.8,35.72
637530.0,3404230.0,42.6,36.8,19.8,35.72
637630.0,3404230.0,42.6,36.8,19.8,35.72
637730.0,3404230.0,42.6,36.8,19.8,35.72
637830.0,3404230.0,42.6,36.8,19.8,35.72
637930.0,3404230.0,42.6,36.8,19.8,35.72
638030.0,3404230.0,42.6,36.8,19.8,35.72
638130.0,3404230.0,42.6,36.8,19.8,35.72
625130.0,3404130.0,42.6,36.8,19.8,35.72
625230.0,3404130.0,42.6,36.8,19.8,35.72
625330.0,3404130.0,42.6,36.8,19.8,35.72
625430.0,3404130.0,42.6,36.8,19.8,35.72
625530.0,3404130.0,42.6,36.8,19.8,35.72
625630.0,3404130.0,42.6,36.8,19.8,35.72
625730.0,3404130.0,42.6,36.8,19.8,35.72
625830.0,3404130.0,42.6,36.8,19.8,35.72
625930.0,3404130.0,42.6,36.8,19.8,35.72
626030.0,3404130.0,42.6,36.8,19.8,35.72
626130.0,3404130.0,42.6,36.8,19.8,35.72
626230.0,3404130.0,42.6,36.8,19.8,35.72
626330.0,3404130.0,42.6,36.8,19.8,35.72
626430.0,3404130.0,42.6,36.8,19.8,35.72
626530.0,3404130.0,42.6,36.8,19.8,35.72
626630.0,3404130.0,42.6,36.8,19.8,35.72
626730.0,3404130.0,42.6,36.8,19.8,35.72
626830.0,3404130.0,42.6,36.8,19.8,35.72
626930.0,3404130.0,42.6,36.8,19.8,35.72
627030.0,3404130.0,42.6,36.8,19.8,35.72
627130.0,3404130.0,42.6,36.8,19.8,35.72
627230.0,3404130.0,42.6,36.8,19.8,35.72
627330.0,3404130.0,42.6,36.8,19.8,35.72
627430.0,3404130.0,42.6,36.8,19.8,35.72
627530.0,3404130.0,42.6,36.8,19.8,35.72
627630.0,3404130.0,42.6,36.8,19.8,35.72
627730.0,3404130.0,42.6,36.8,19.8,35.72
627830.0,3404130.0,42.6,36.8,19.8,35.72
627930.0,3404130.0,42.6,36.8,19.8,35.72
628030.0,3404130.0,42.6,36.8,19.8,35.72
628130.0,3404130.0,42.6,36.8,19.8,35.72
628230.0,3404130.0,42.6,36.8,19.8,35.72
628330.0,3404130.0,42.6,36.8,19.8,35.72
628430.0,3404130.0,42.6,36.8,19.8,35.72
628530.0,3404130.0,42.6,36.8,19.8,35.72
628630.0,3404130.0,42.6,36.8,19.8,35.72
628730.0,3404130.0,42.6,36.8,19.8,35.72
628830.0,3404130.0,42.6,36.8,19.8,35.72
628930.0,3404130.0,42.6,36.8,19.8,35.72
629030.0,3404130.0,42.6,36.8,19.8,35.72
629130.0,3404130.0,42.6,36.8,19.8,35.72
629230.0,3404130.0,42.6,36.8,19.8,35.72
629330.0,3404130.0,42.6,36.8,19.8,35.72
629430.0,3404130.0,42.6,36.8,19.8,35.72
629530.0,3404130.0,42.6,36.8,19.8,35.72
629630.0,3404130.0,42.6,36.8,19.8,35.72
629730.0,3404130.0,42.6,36.8,19.8,35.72
629830.0,3404130.0,42.6,36.8,19.8,35.72
629930.0,3404130.0,42.6,36.8,19.8,35.72
630030.0,3404130.0,42.6,36.8,19.8,35.72
630130.0,3404130.0,42.6,36.8,19.8,35.72
630230.0,3404130.0,42.6,36.8,19.8,35.72
630330.0,3404130.0,42.6,36.8,19.8,35.72
630430.0,3404130.0,42.6,36.8,19.8,35.72
630530.0,3404130.0,42.6,36.8,19.8,35.72
630630.0,3404130.0,42.6,36.8,19.8,35.72
630730.0,3404130.0,42.6,36.8,19.8,35.72
630830.0,3404130.0,42.6,36.8,19.8,35.72
630930.0,3404130.0,42.6,36.8,19.8,35.72
631030.0,3404130.0,42.6,36.8,19.8,35.72
631130.0,3404130.0,42.6,36.8,19.8,35.72
631230.0,3404130.0,42.6,36.8,19.8,35.72
631330.0,3404130.0,42.6,36.8,19.8,35.72
631430.0,3404130.0,42.6,36.8,19.8,35.72
631530.0,3404130.0,42.6,36.8,19.8,35.72
631630.0,3404130.0,42.6,36.8,19.8,35.72
631730.0,3404130.0,42.6,36.8,19.8,35.72
631830.0,3404130.0,42.6,36.8,19.8,35.72
631930.0,3404130.0,42.6,36.8,19.8,35.72
632030.0,3404130.0,42.6,36.8,19.8,35.72
632130.0,3404130.0,42.6,36.8,19.8,35.72
632230.0,3404130.0,42.6,36.8,19.8,35.72
632330.0,3404130.0,42.6,36.8,19.8,35.72
632430.0,3404130.0,42.6,36.8,19.8,35.72
632530.0,3404130.0,42.6,36.8,19.8,35.72
632630.0,3404130.0,42.6,36.8,19.8,35.72
632730.0,3404130.0,42.6,36.8,19.8,35.72
632830.0,3404130.0,42.6,36.8,19.8,35.72
632930.0,3404130.0,42.6,36.8,19.8,35.72
633030.0,3404130.0,42.6,36.8,19.8,35.72
633130.0,3404130.0,42.6,36.8,19.8,35.72
633230.0,3404130.0,42.6,36.8,19.8,35.72
633330.0,3404130.0,42.6,36.8,19.8,35.72
633430.0,3404130.0,42.6,36.8,19.8,35.72
633530.0,3404130.0,42.6,36.8,19.8,35.72
633630.0,3404130.0,42.6,36.8,19.8,35.72
633730.0,3404130.0,42.6,36.8,19.8,35.72
633830.0,3404130.0,42.6,36.8,19.8,35.72
633930.0,3404130.0,42.6,36.8,19.8,35.72
634030.0,3404130.0,42.6,36.8,19.8,35.72
634130.0,3404130.0,42.6,36.8,19.8,35.72
634230.0,3404130.0,42.6,36.8,19.8,35.72
634330.0,3404130.0,42.6,36.8,19.8,35.72
634430.0,3404130.0,42.6,36.8,19.8,35.72
634530.0,3404130.0,42.6,36.8,19.8,35.72
634630.0,3404130.0,42.6,36.8,19.8,35.72
634730.0,3404130.0,42.6,36.8,19.8,35.72
634830.0,3404130.0,42.6,36.8,19.8,35.72
634930.0,3404130.0,42.6,36.8,19.8,35.72
635030.0,3404130.0,42.6,36.8,19.8,35.72
635130.0,3404130.0,42.6,36.8,19.8,35.72
635230.0,3404130.0,42.6,36.8,19.8,35.72
635330.0,3404130.0,42.6,36.8,19.8,35.72
635430.0,3404130.0,42.6,36.8,19.8,35.72
635530.0,3404130.0,42.6,36.8,19.8,35.72
635630.0,3404130.0,42.6,36.8,19.8,35.72
635730.0,3404130.0,42.6,36.8,19.8,35.72
635830.0,3404130.0,42.6,36.8,19.8,35.72
635930.0,3404130.0,42.6,36.8,19.8,35.72
636030.0,3404130.0,42.6,36.8,19.8,35.72
636130.0,3404130.0,42.6,36.8,19.8,35.72
636230.0,3404130.0,42.6,36.8,19.8,35.72
636330.0,3404130.0,42.6,36.8,19.8,35.72
636430.0,3404130.0,42.6,36.8,19.8,35.72
636530.0,3404130.0,42.6,36.8,19.8,35.72
636630.0,3404130.0,42.6,36.8,19.8,35.72
636730.0,3404130.0,42.6,36.8,19.8,35.72
636830.0,3404130.0,42.6,36.8,19.8,35.72
636930.0,3404130.0,42.6,36.8,19.8,35.72
637030.0,3404130.0,42.6,36.8,19.8,35.72
637130.0,3404130.0,42.6,36.8,19.8,35.72
637230.0,3404130.0,42.6,36.8,19.8,35.72
637330.0,3404130.0,42.6,36.8,19.8,35.72
637430.0,3404130.0,42.6,36.8,19.8,35.72
637530.0,3404130.0,42.6,36.8,19.8,35.72
637630.0,3404130.0,42.6,36.8,19.8,35.72
637730.0,3404130.0,42.6,36.8,19.8,35.72
637830.0,3404130.0,42.6,36.8,19.8,35.72
637930.0,3404130.0,42.6,36.8,19.8,35.72
638030.0,3404130.0,42.6,36.8,19.8,35.72
638130.0,3404130.0,42.6,36.8,19.8,35.72
625230.0,3404030.0,42.6,36.8,19.8,35.72
625330.0,3404030.0,42.6,36.8,19.8,35.72
625430.0,3404030.0,42.6,36.8,19.8,35.72
625530.0,3404030.0,42.6,36.8,19.8,35.72
625630.0,3404030.0,42.6,36.8,19.8,35.72
625730.0,3404030.0,42.6,36.8,19.8,35.72
625830.0,3404030.0,42.6,36.8,19.8,35.72
625930.0,3404030.0,42.6,36.8,19.8,35.72
626030.0,3404030.0,42.6,36.8,19.8,35.72
626130.0,3404030.0,42.6,36.8,19.8,35.72
626230.0,3404030.0,42.6,36.8,19.8,35.72
626330.0,3404030.0,42.6,36.8,19.8,35.72
626430.0,3404030.0,42.6,36.8,19.8,35.72
626530.0,3404030.0,42.6,36.8,19.8,35.72
626630.0,3404030.0,42.6,36.8,19.8,35.72
626730.0,3404030.0,42.6,36.8,19.8,35.72
626830.0,3404030.0,42.6,36.8,19.8,35.72
626930.0,3404030.0,42.6,36.8,19.8,35.72
627030.0,3404030.0,42.6,36.8,19.8,35.72
627130.0,3404030.0,42.6,36.8,19.8,35.72
627230.0,3404030.0,42.6,36.8,19.8,35.72
627330.0,3404030.0,42.6,36.8,19.8,35.72
627430.0,3404030.0,42.6,36.8,19.8,35.72
627530.0,3404030.0,42.6,36.8,19.8,35.72
627630.0,3404030.0,42.6,36.8,19.8,35.72
627730.0,3404030.0,42.6,36.8,19.8,35.72
627830.0,3404030.0,42.6,36.8,19.8,35.72
627930.0,3404030.0,42.6,36.8,19.8,35.72
628030.0,3404030.0,42.6,36.8,19.8,35.72
628130.0,3404030.0,42.6,36.8,19.8,35.72
628230.0,3404030.0,42.6,36.8,19.8,35.72
628330.0,3404030.0,42.6,36.8,19.8,35.72
628430.0,3404030.0,42.6,36.8,19.8,35.72
628530.0,3404030.0,42.6,36.8,19.8,35.72
628630.0,3404030.0,42.6,36.8,19.8,35.72
628730.0,3404030.0,42.6,36.8,19.8,35.72
628830.0,3404030.0,42.6,36.8,19.8,35.72
628930.0,3404030.0,42.6,36.8,19.8,35.72
629030.0,3404030.0,42.6,36.8,19.8,35.72
629130.0,3404030.0,42.6,36.8,19.8,35.72
629230.0,3404030.0,42.6,36.8,19.8,35.72
629330.0,3404030.0,42.6,36.8,19.8,35.72
629430.0,3404030.0,42.6,36.8,19.8,35.72
629530.0,3404030.0,42.6,36.8,19.8,35.72
629630.0,3404030.0,42.6,36.8,19.8,35.72
629730.0,3404030.0,42.6,36.8,19.8,35.72
629830.0,3404030.0,42.6,36.8,19.8,35.72
629930.0,3404030.0,42.6,36.8,19.8,35.72
630030.0,3404030.0,42.6,36.8,19.8,35.72
630130.0,3404030.0,42.6,36.8,19.8,35.72
630230.0,3404030.0,42.6,36.8,19.8,35.72
630330.0,3404030.0,42.6,36.8,19.8,35.72
630430.0,3404030.0,42.6,36.8,19.8,35.72
630530.0,3404030.0,42.6,36.8,19.8,35.72
630630.0,3404030.0,42.6,36.8,19.8,35.72
630730.0,3404030.0,42.6,36.8,19.8,35.72
630830.0,3404030.0,42.6,36.8,19.8,35.72
630930.0,3404030.0,42.6,36.8,19.8,35.72
631030.0,3404030.0,42.6,36.8,19.8,35.72
631130.0,3404030.0,42.6,36.8,19.8,35.72
631230.0,3404030.0,42.6,36.8,19.8,35.72
631330.0,3404030.0,42.6,36.8,19.8,35.72
631430.0,3404030.0,42.6,36.8,19.8,35.72
631530.0,3404030.0,42.6,36.8,19.8,35.72
631630.0,3404030.0,42.6,36.8,19.8,35.72
631730.0,3404030.0,42.6,36.8,19.8,35.72
631830.0,3404030.0,42.6,36.8,19.8,35.72
631930.0,3404030.0,42.6,36.8,19.8,35.72
632030.0,3404030.0,42.6,36.8,19.8,35.72
632130.0,3404030.0,42.6,36.8,19.8,35.72
632230.0,3404030.0,42.6,36.8,19.8,35.72
632330.0,3404030.0,42.6,36.8,19.8,35.72
632430.0,3404030.0,42.6,36.8,19.8,35.72
632530.0,3404030.0,42.6,36.8,19.8,35.72
632630.0,3404030.0,42.6,36.8,19.8,35.72
632730.0,3404030.0,42.6,36.8,19.8,35.72
632830.0,3404030.0,42.6,36.8,19.8,35.72
632930.0,3404030.0,42.6,36.8,19.8,35.72
633030.0,3404030.0,42.6,36.8,19.8,35.72
633130.0,3404030.0,42.6,36.8,19.8,35.72
633230.0,3404030.0,42.6,36.8,19.8,35.72
633330.0,3404030.0,42.6,36.8,19.8,35.72
633430.0,3404030.0,42.6,36.8,19.8,35.72
633530.0,3404030.0,42.6,36.8,19.8,35.72
633630.0,3404030.0,42.6,36.8,19.8,35.72
633730.0,3404030.0,42.6,36.8,19.8,35.72
633830.0,3404030.0,42.6,36.8,19.8,35.72
633930.0,3404030.0,42.6,36.8,19.8,35.72
634030.0,3404030.0,42.6,36.8,19.8,35.72
634130.0,3404030.0,42.6,36.8,19.8,35.72
634230.0,3404030.0,42.6,36.8,19.8,35.72
634330.0,3404030.0,42.6,36.8,19.8,35.72
634430.0,3404030.0,42.6,36.8,19.8,35.72
634530.0,3404030.0,42.6,36.8,19.8,35.72
634630.0,3404030.0,42.6,36.8,19.8,35.72
634730.0,3404030.0,42.6,36.8,19.8,35.72
634830.0,3404030.0,42.6,36.8,19.8,35.72
634930.0,3404030.0,42.6,36.8,19.8,35.72
635030.0,3404030.0,42.6,36.8,19.8,35.72
635130.0,3404030.0,42.6,36.8,19.8,35.72
635230.0,3404030.0,42.6,36.8,19.8,35.72
635330.0,3404030.0,42.6,36.8,19.8,35.72
635430.0,3404030.0,42.6,36.8,19.8,35.72
635530.0,3404030.0,42.6,36.8,19.8,35.72
635630.0,3404030.0,42.6,36.8,19.8,35.72
635730.0,3404030.0,42.6,36.8,19.8,35.72
635830.0,3404030.0,42.6,36.8,19.8,35.72
635930.0,3404030.0,42.6,36.8,19.8,35.72
636030.0,3404030.0,42.6,36.8,19.8,35.72
636130.0,3404030.0,42.6,36.8,19.8,35.72
636230.0,3404030.0,42.6,36.8,19.8,35.72
636330.0,3404030.0,42.6,36.8,19.8,35.72
636430.0,3404030.0,42.6,36.8,19.8,35.72
636530.0,3404030.0,42.6,36.8,19.8,35.72
636630.0,3404030.0,42.6,36.8,19.8,35.72
636730.0,3404030.0,42.6,36.8,19.8,35.72
636830.0,3404030.0,42.6,36.8,19.8,35.72
636930.0,3404030.0,42.6,36.8,19.8,35.72
637030.0,3404030.0,42.6,36.8,19.8,35.72
637130.0,3404030.0,42.6,36.8,19.8,35.72
637230.0,3404030.0,42.6,36.8,19.8,35.72
637330.0,3404030.0,42.6,36.8,19.8,35.72
637430.0,3404030.0,42.6,36.8,19.8,35.72
637530.0,3404030.0,42.6,36.8,19.8,35.72
637630.0,3404030.0,42.6,36.8,19.8,35.72
637730.0,3404030.0,42.6,36.8,19.8,35.72
637830.0,3404030.0,42.6,36.8,19.8,35.72
637930.0,3404030.0,42.6,36.8,19.8,35.72
638030.0,3404030.0,42.6,36.8,19.8,35.72
638130.0,3404030.0,42.6,36.8,19.8,35.72
625230.0,3403930.0,42.6,36.8,19.8,35.72
625330.0,3403930.0,42.6,36.8,19.8,35.72
625430.0,3403930.0,42.6,36.8,19.8,35.72
625530.0,3403930.0,42.6,36.8,19.8,35.72
625630.0,3403930.0,42.6,36.8,19.8,35.72
625730.0,3403930.0,42.6,36.8,19.8,35.72
625830.0,3403930.0,42.6,36.8,19.8,35.72
625930.0,3403930.0,42.6,36.8,19.8,35.72
626030.0,3403930.0,42.6,36.8,19.8,35.72
626130.0,3403930.0,42.6,36.8,19.8,35.72
626230.0,3403930.0,42.6,36.8,19.8,35.72
626330.0,3403930.0,42.6,36.8,19.8,35.72
626430.0,3403930.0,42.6,36.8,19.8,35.72
626530.0,3403930.0,42.6,36.8,19.8,35.72
626630.0,3403930.0,42.6,36.8,19.8,35.72
626730.0,3403930.0,42.6,36.8,19.8,35.72
626830.0,3403930.0,42.6,36.8,19.8,35.72
626930.0,3403930.0,42.6,36.8,19.8,35.72
627030.0,3403930.0,42.6,36.8,19.8,35.72
627130.0,3403930.0,42.6,36.8,19.8,35.72
627230.0,3403930.0,42.6,36.8,19.8,35.72
627330.0,3403930.0,42.6,36.8,19.8,35.72
627430.0,3403930.0,42.6,36.8,19.8,35.72
627530.0,3403930.0,42.6,36.8,19.8,35.72
627630.0,3403930.0,42.6,36.8,19.8,35.72
627730.0,3403930.0,42.6,36.8,19.8,35.72
627830.0,3403930.0,42.6,36.8,19.8,35.72
627930.0,3403930.0,42.6,36.8,19.8,35.72
628030.0,3403930.0,42.6,36.8,19.8,35.72
628130.0,3403930.0,42.6,36.8,19.8,35.72
628230.0,3403930.0,42.6,36.8,19.8,35.72
628330.0,3403930.0,42.6,36.8,19.8,35.72
628430.0,3403930.0,42.6,36.8,19.8,35.72
628530.0,3403930.0,42.6,36.8,19.8,35.72
628630.0,3403930.0,42.6,36.8,19.8,35.72
628730.0,3403930.0,42.6,36.8,19.8,35.72
628830.0,3403930.0,42.6,36.8,19.8,35.72
628930.0,3403930.0,42.6,36.8,19.8,35.72
629030.0,3403930.0,42.6,36.8,19.8,35.72
629130.0,3403930.0,42.6,36.8,19.8,35.72
629230.0,3403930.0,42.6,36.8,19.8,35.72
629330.0,3403930.0,42.6,36.8,19.8,35.72
629430.0,3403930.0,42.6,36.8,19.8,35.72
629530.0,3403930.0,42.6,36.8,19.8,35.72
629630.0,3403930.0,42.6,36.8,19.8,35.72
629730.0,3403930.0,42.6,36.8,19.8,35.72
629830.0,3403930.0,42.6,36.8,19.8,35.72
629930.0,3403930.0,42.6,36.8,19.8,35.72
630030.0,3403930.0,42.6,36.8,19.8,35.72
630130.0,3403930.0,42.6,36.8,19.8,35.72
630230.0,3403930.0,42.6,36.8,19.8,35.72
630330.0,3403930.0,42.6,36.8,19.8,35.72
630430.0,3403930.0,42.6,36.8,19.8,35.72
630530.0,3403930.0,42.6,36.8,19.8,35.72
630630.0,3403930.0,42.6,36.8,19.8,35.72
630730.0,3403930.0,42.6,36.8,19.8,35.72
630830.0,3403930.0,42.6,36.8,19.8,35.72
630930.0,3403930.0,42.6,36.8,19.8,35.72
631030.0,3403930.0,42.6,36.8,19.8,35.72
631130.0,3403930.0,42.6,36.8,19.8,35.72
631230.0,3403930.0,42.6,36.8,19.8,35.72
631330.0,3403930.0,42.6,36.8,19.8,35.72
631430.0,3403930.0,42.6,36.8,19.8,35.72
631530.0,3403930.0,42.6,36.8,19.8,35.72
631630.0,3403930.0,42.6,36.8,19.8,35.72
631730.0,3403930.0,42.6,36.8,19.8,35.72
631830.0,3403930.0,42.6,36.8,19.8,35.72
631930.0,3403930.0,42.6,36.8,19.8,35.72
632030.0,3403930.0,42.6,36.8,19.8,35.72
632130.0,3403930.0,42.6,36.8,19.8,35.72
632230.0,3403930.0,42.6,36.8,19.8,35.72
632330.0,3403930.0,42.6,36.8,19.8,35.72
632430.0,3403930.0,42.6,36.8,19.8,35.72
632530.0,3403930.0,42.6,36.8,19.8,35.72
632630.0,3403930.0,42.6,36.8,19.8,35.72
632730.0,3403930.0,42.6,36.8,19.8,35.72
632830.0,3403930.0,42.6,36.8,19.8,35.72
632930.0,3403930.0,42.6,36.8,19.8,35.72
633030.0,3403930.0,42.6,36.8,19.8,35.72
633130.0,3403930.0,42.6,36.8,19.8,35.72
633230.0,3403930.0,42.6,36.8,19.8,35.72
633330.0,3403930.0,42.6,36.8,19.8,35.72
633430.0,3403930.0,42.6,36.8,19.8,35.72
633530.0,3403930.0,42.6,36.8,19.8,35.72
633630.0,3403930.0,42.6,36.8,19.8,35.72
633730.0,3403930.0,42.6,36.8,19.8,35.72
633830.0,3403930.0,42.6,36.8,19.8,35.72
633930.0,3403930.0,42.6,36.8,19.8,35.72
634030.0,3403930.0,42.6,36.8,19.8,35.72
634130.0,3403930.0,42.6,36.8,19.8,35.72
634230.0,3403930.0,42.6,36.8,19.8,35.72
634330.0,3403930.0,42.6,36.8,19.8,35.72
634430.0,3403930.0,42.6,36.8,19.8,35.72
634530.0,3403930.0,42.6,36.8,19.8,35.72
634630.0,3403930.0,42.6,36.8,19.8,35.72
634730.0,3403930.0,42.6,36.8,19.8,35.72
634830.0,3403930.0,42.6,36.8,19.8,35.72
634930.0,3403930.0,42.6,36.8,19.8,35.72
635030.0,3403930.0,42.6,36.8,19.8,35.72
635130.0,3403930.0,42.6,36.8,19.8,35.72
635230.0,3403930.0,42.6,36.8,19.8,35.72
635330.0,3403930.0,42.6,36.8,19.8,35.72
635430.0,3403930.0,42.6,36.8,19.8,35.72
635530.0,3403930.0,42.6,36.8,19.8,35.72
635630.0,3403930.0,42.6,36.8,19.8,35.72
636030.0,3403930.0,42.6,36.8,19.8,35.72
636130.0,3403930.0,42.6,36.8,19.8,35.72
636230.0,3403930.0,42.6,36.8,19.8,35.72
636330.0,3403930.0,42.6,36.8,19.8,35.72
636430.0,3403930.0,42.6,36.8,19.8,35.72
636530.0,3403930.0,42.6,36.8,19.8,35.72
636630.0,3403930.0,42.6,36.8,19.8,35.72
636730.0,3403930.0,42.6,36.8,19.8,35.72
636830.0,3403930.0,42.6,36.8,19.8,35.72
636930.0,3403930.0,42.6,36.8,19.8,35.72
637030.0,3403930.0,42.6,36.8,19.8,35.72
637130.0,3403930.0,42.6,36.8,19.8,35.72
637230.0,3403930.0,42.6,36.8,19.8,35.72
637330.0,3403930.0,42.6,36.8,19.8,35.72
637430.0,3403930.0,42.6,36.8,19.8,35.72
637530.0,3403930.0,42.6,36.8,19.8,35.72
637630.0,3403930.0,42.6,36.8,19.8,35.72
637730.0,3403930.0,42.6,36.8,19.8,35.72
637830.0,3403930.0,42.6,36.8,19.8,35.72
637930.0,3403930.0,42.6,36.8,19.8,35.72
638030.0,3403930.0,42.6,36.8,19.8,35.72
638130.0,3403930.0,42.6,36.8,19.8,35.72
625330.0,3403830.0,42.6,36.8,19.8,35.72
625430.0,3403830.0,42.6,36.8,19.8,35.72
625530.0,3403830.0,42.6,36.8,19.8,35.72
625630.0,3403830.0,42.6,36.8,19.8,35.72
625730.0,3403830.0,42.6,36.8,19.8,35.72
625830.0,3403830.0,42.6,36.8,19.8,35.72
625930.0,3403830.0,42.6,36.8,19.8,35.72
626030.0,3403830.0,42.6,36.8,19.8,35.72
626130.0,3403830.0,42.6,36.8,19.8,35.72
626230.0,3403830.0,42.6,36.8,19.8,35.72
626330.0,3403830.0,42.6,36.8,19.8,35.72
626430.0,3403830.0,42.6,36.8,19.8,35.72
626530.0,3403830.0,42.6,36.8,19.8,35.72
626630.0,3403830.0,42.6,36.8,19.8,35.72
626730.0,3403830.0,42.6,36.8,19.8,35.72
626830.0,3403830.0,42.6,36.8,19.8,35.72
626930.0,3403830.0,42.6,36.8,19.8,35.72
627030.0,3403830.0,42.6,36.8,19.8,35.72
627130.0,3403830.0,42.6,36.8,19.8,35.72
627230.0,3403830.0,42.6,36.8,19.8,35.72
627330.0,3403830.0,42.6,36.8,19.8,35.72
627430.0,3403830.0,42.6,36.8,19.8,35.72
627530.0,3403830.0,42.6,36.8,19.8,35.72
627630.0,3403830.0,42.6,36.8,19.8,35.72
627730.0,3403830.0,42.6,36.8,19.8,35.72
627830.0,3403830.0,42.6,36.8,19.8,35.72
627930.0,3403830.0,42.6,36.8,19.8,35.72
628030.0,3403830.0,42.6,36.8,19.8,35.72
628130.0,3403830.0,42.6,36.8,19.8,35.72
628230.0,3403830.0,42.6,36.8,19.8,35.72
628330.0,3403830.0,42.6,36.8,19.8,35.72
628430.0,3403830.0,42.6,36.8,19.8,35.72
628530.0,3403830.0,42.6,36.8,19.8,35.72
628630.0,3403830.0,42.6,36.8,19.8,35.72
628730.0,3403830.0,42.6,36.8,19.8,35.72
628830.0,3403830.0,42.6,36.8,19.8,35.72
628930.0,3403830.0,42.6,36.8,19.8,35.72
629030.0,3403830.0,42.6,36.8,19.8,35.72
629130.0,3403830.0,42.6,36.8,19.8,35.72
629230.0,3403830.0,42.6,36.8,19.8,35.72
629330.0,3403830.0,42.6,36.8,19.8,35.72
629430.0,3403830.0,42.6,36.8,19.8,35.72
629530.0,3403830.0,42.6,36.8,19.8,35.72
629630.0,3403830.0,42.6,36.8,19.8,35.72
629730.0,3403830.0,42.6,36.8,19.8,35.72
629830.0,3403830.0,42.6,36.8,19.8,35.72
629930.0,3403830.0,42.6,36.8,19.8,35.72
630030.0,3403830.0,42.6,36.8,19.8,35.72
630130.0,3403830.0,42.6,36.8,19.8,35.72
630230.0,3403830.0,42.6,36.8,19.8,35.72
630330.0,3403830.0,42.6,36.8,19.8,35.72
630430.0,3403830.0,42.6,36.8,19.8,35.72
630530.0,3403830.0,42.6,36.8,19.8,35.72
630630.0,3403830.0,42.6,36.8,19.8,35.72
630730.0,3403830.0,42.6,36.8,19.8,35.72
630830.0,3403830.0,42.6,36.8,19.8,35.72
630930.0,3403830.0,42.6,36.8,19.8,35.72
631030.0,3403830.0,42.6,36.8,19.8,35.72
631130.0,3403830.0,42.6,36.8,19.8,35.72
631230.0,3403830.0,42.6,36.8,19.8,35.72
631330.0,3403830.0,42.6,36.8,19.8,35.72
631430.0,3403830.0,42.6,36.8,19.8,35.72
631530.0,3403830.0,42.6,36.8,19.8,35.72
631630.0,3403830.0,42.6,36.8,19.8,35.72
631730.0,3403830.0,42.6,36.8,19.8,35.72
631830.0,3403830.0,42.6,36.8,19.8,35.72
631930.0,3403830.0,42.6,36.8,19.8,35.72
632030.0,3403830.0,42.6,36.8,19.8,35.72
632130.0,3403830.0,42.6,36.8,19.8,35.72
632230.0,3403830.0,42.6,36.8,19.8,35.72
632330.0,3403830.0,42.6,36.8,19.8,35.72
632430.0,3403830.0,42.6,36.8,19.8,35.72
632530.0,3403830.0,42.6,36.8,19.8,35.72
632630.0,3403830.0,42.6,36.8,19.8,35.72
632730.0,3403830.0,42.6,36.8,19.8,35.72
632830.0,3403830.0,42.6,36.8,19.8,35.72
632930.0,3403830.0,42.6,36.8,19.8,35.72
633030.0,3403830.0,42.6,36.8,19.8,35.72
633130.0,3403830.0,42.6,36.8,19.8,35.72
633230.0,3403830.0,42.6,36.8,19.8,35.72
633330.0,3403830.0,42.6,36.8,19.8,35.72
633430.0,3403830.0,42.6,36.8,19.8,35.72
633530.0,3403830.0,42.6,36.8,19.8,35.72
633630.0,3403830.0,42.6,36.8,19.8,35.72
633730.0,3403830.0,42.6,36.8,19.8,35.72
633830.0,3403830.0,42.6,36.8,19.8,35.72
633930.0,3403830.0,42.6,36.8,19.8,35.72
634030.0,3403830.0,42.6,36.8,19.8,35.72
634130.0,3403830.0,42.6,36.8,19.8,35.72
634230.0,3403830.0,42.6,36.8,19.8,35.72
634330.0,3403830.0,42.6,36.8,19.8,35.72
634430.0,3403830.0,42.6,36.8,19.8,35.72
634530.0,3403830.0,42.6,36.8,19.8,35.72
634630.0,3403830.0,42.6,36.8,19.8,35.72
634730.0,3403830.0,42.6,36.8,19.8,35.72
634830.0,3403830.0,42.6,36.8,19.8,35.72
634930.0,3403830.0,42.6,36.8,19.8,35.72
635030.0,3403830.0,42.6,36.8,19.8,35.72
635130.0,3403830.0,42.6,36.8,19.8,35.72
635230.0,3403830.0,42.6,36.8,19.8,35.72
635330.0,3403830.0,42.6,36.8,19.8,35.72
635430.0,3403830.0,42.6,36.8,19.8,35.72
636230.0,3403830.0,42.6,36.8,19.8,35.72
636330.0,3403830.0,42.6,36.8,19.8,35.72
636430.0,3403830.0,42.6,36.8,19.8,35.72
636530.0,3403830.0,42.6,36.8,19.8,35.72
636630.0,3403830.0,42.6,36.8,19.8,35.72
636730.0,3403830.0,42.6,36.8,19.8,35.72
636830.0,3403830.0,42.6,36.8,19.8,35.72
636930.0,3403830.0,42.6,36.8,19.8,35.72
637030.0,3403830.0,42.6,36.8,19.8,35.72
637130.0,3403830.0,42.6,36.8,19.8,35.72
637230.0,3403830.0,42.6,36.8,19.8,35.72
637330.0,3403830.0,42.6,36.8,19.8,35.72
637430.0,3403830.0,42.6,36.8,19.8,35.72
637530.0,3403830.0,42.6,36.8,19.8,35.72
637630.0,3403830.0,42.6,36.8,19.8,35.72
637730.0,3403830.0,42.6,36.8,19.8,35.72
637830.0,3403830.0,42.6,36.8,19.8,35.72
637930.0,3403830.0,42.6,36.8,19.8,35.72
625330.0,3403730.0,42.6,36.8,19.8,35.72
625430.0,3403730.0,42.6,36.8,19.8,35.72
625530.0,3403730.0,42.6,36.8,19.8,35.72
625630.0,3403730.0,42.6,36.8,19.8,35.72
625730.0,3403730.0,42.6,36.8,19.8,35.72
625830.0,3403730.0,42.6,36.8,19.8,35.72
625930.0,3403730.0,42.6,36.8,19.8,35.72
626030.0,3403730.0,42.6,36.8,19.8,35.72
626130.0,3403730.0,42.6,36.8,19.8,35.72
626230.0,3403730.0,42.6,36.8,19.8,35.72
626330.0,3403730.0,42.6,36.8,19.8,35.72
626430.0,3403730.0,42.6,36.8,19.8,35.72
626530.0,3403730.0,42.6,36.8,19.8,35.72
626630.0,3403730.0,42.6,36.8,19.8,35.72
626730.0,3403730.0,42.6,36.8,19.8,35.72
626830.0,3403730.0,42.6,36.8,19.8,35.72
626930.0,3403730.0,42.6,36.8,19.8,35.72
627030.0,3403730.0,42.6,36.8,19.8,35.72
627130.0,3403730.0,42.6,36.8,19.8,35.72
627230.0,3403730.0,42.6,36.8,19.8,35.72
627330.0,3403730.0,42.6,36.8,19.8,35.72
627430.0,3403730.0,42.6,36.8,19.8,35.72
627530.0,3403730.0,42.6,36.8,19.8,35.72
627630.0,3403730.0,42.6,36.8,19.8,35.72
627730.0,3403730.0,42.6,36.8,19.8,35.72
627830.0,3403730.0,42.6,36.8,19.8,35.72
627930.0,3403730.0,42.6,36.8,19.8,35.72
628030.0,3403730.0,42.6,36.8,19.8,35.72
628130.0,3403730.0,42.6,36.8,19.8,35.72
628230.0,3403730.0,42.6,36.8,19.8,35.72
628330.0,3403730.0,42.6,36.8,19.8,35.72
628430.0,3403730.0,42.6,36.8,19.8,35.72
628530.0,3403730.0,42.6,36.8,19.8,35.72
628630.0,3403730.0,42.6,36.8,19.8,35.72
628730.0,3403730.0,42.6,36.8,19.8,35.72
628830.0,3403730.0,42.6,36.8,19.8,35.72
628930.0,3403730.0,42.6,36.8,19.8,35.72
629030.0,3403730.0,42.6,36.8,19.8,35.72
629130.0,3403730.0,42.6,36.8,19.8,35.72
629230.0,3403730.0,42.6,36.8,19.8,35.72
629330.0,3403730.0,42.6,36.8,19.8,35.72
629430.0,3403730.0,42.6,36.8,19.8,35.72
629530.0,3403730.0,42.6,36.8,19.8,35.72
629630.0,3403730.0,42.6,36.8,19.8,35.72
629730.0,3403730.0,42.6,36.8,19.8,35.72
629830.0,3403730.0,42.6,36.8,19.8,35.72
629930.0,3403730.0,42.6,36.8,19.8,35.72
630030.0,3403730.0,42.6,36.8,19.8,35.72
630130.0,3403730.0,42.6,36.8,19.8,35.72
630230.0,3403730.0,42.6,36.8,19.8,35.72
630330.0,3403730.0,42.6,36.8,19.8,35.72
630430.0,3403730.0,42.6,36.8,19.8,35.72
630530.0,3403730.0,42.6,36.8,19.8,35.72
630630.0,3403730.0,42.6,36.8,19.8,35.72
630730.0,3403730.0,42.6,36.8,19.8,35.72
630830.0,3403730.0,42.6,36.8,19.8,35.72
630930.0,3403730.0,42.6,36.8,19.8,35.72
631030.0,3403730.0,42.6,36.8,19.8,35.72
631130.0,3403730.0,42.6,36.8,19.8,35.72
631230.0,3403730.0,42.6,36.8,19.8,35.72
631330.0,3403730.0,42.6,36.8,19.8,35.72
631430.0,3403730.0,42.6,36.8,19.8,35.72
631530.0,3403730.0,42.6,36.8,19.8,35.72
631630.0,3403730.0,42.6,36.8,19.8,35.72
631730.0,3403730.0,42.6,36.8,19.8,35.72
631830.0,3403730.0,42.6,36.8,19.8,35.72
631930.0,3403730.0,42.6,36.8,19.8,35.72
632030.0,3403730.0,42.6,36.8,19.8,35.72
632130.0,3403730.0,42.6,36.8,19.8,35.72
632230.0,3403730.0,42.6,36.8,19.8,35.72
632330.0,3403730.0,42.6,36.8,19.8,35.72
632430.0,3403730.0,42.6,36.8,19.8,35.72
632530.0,3403730.0,42.6,36.8,19.8,35.72
632630.0,3403730.0,42.6,36.8,19.8,35.72
632730.0,3403730.0,42.6,36.8,19.8,35.72
632830.0,3403730.0,42.6,36.8,19.8,35.72
632930.0,3403730.0,42.6,36.8,19.8,35.72
633030.0,3403730.0,42.6,36.8,19.8,35.72
633130.0,3403730.0,42.6,36.8,19.8,35.72
633230.0,3403730.0,42.6,36.8,19.8,35.72
633330.0,3403730.0,42.6,36.8,19.8,35.72
633430.0,3403730.0,42.6,36.8,19.8,35.72
633530.0,3403730.0,42.6,36.8,19.8,35.72
633630.0,3403730.0,42.6,36.8,19.8,35.72
633730.0,3403730.0,42.6,36.8,19.8,35.72
633830.0,3403730.0,42.6,36.8,19.8,35.72
633930.0,3403730.0,42.6,36.8,19.8,35.72
634030.0,3403730.0,42.6,36.8,19.8,35.72
634130.0,3403730.0,42.6,36.8,19.8,35.72
634230.0,3403730.0,42.6,36.8,19.8,35.72
634330.0,3403730.0,42.6,36.8,19.8,35.72
634430.0,3403730.0,42.6,36.8,19.8,35.72
634530.0,3403730.0,42.6,36.8,19.8,35.72
634630.0,3403730.0,42.6,36.8,19.8,35.72
634730.0,3403730.0,42.6,36.8,19.8,35.72
634830.0,3403730.0,42.6,36.8,19.8,35.72
634930.0,3403730.0,42.6,36.8,19.8,35.72
635030.0,3403730.0,42.6,36.8,19.8,35.72
635130.0,3403730.0,42.6,36.8,19.8,35.72
635230.0,3403730.0,42.6,36.8,19.8,35.72
635330.0,3403730.0,42.6,36.8,19.8,35.72
636630.0,3403730.0,42.6,36.8,19.8,35.72
636730.0,3403730.0,42.6,36.8,19.8,35.72
636830.0,3403730.0,42.6,36.8,19.8,35.72
636930.0,3403730.0,42.6,36.8,19.8,35.72
637030.0,3403730.0,42.6,36.8,19.8,35.72
637130.0,3403730.0,42.6,36.8,19.8,35.72
637230.0,3403730.0,42.6,36.8,19.8,35.72
637330.0,3403730.0,42.6,36.8,19.8,35.72
637430.0,3403730.0,42.6,36.8,19.8,35.72
637530.0,3403730.0,42.6,36.8,19.8,35.72
625430.0,3403630.0,42.6,36.8,19.8,35.72
625530.0,3403630.0,42.6,36.8,19.8,35.72
625630.0,3403630.0,42.6,36.8,19.8,35.72
625730.0,3403630.0,42.6,36.8,19.8,35.72
625830.0,3403630.0,42.6,36.8,19.8,35.72
625930.0,3403630.0,42.6,36.8,19.8,35.72
626030.0,3403630.0,42.6,36.8,19.8,35.72
626130.0,3403630.0,42.6,36.8,19.8,35.72
626230.0,3403630.0,42.6,36.8,19.8,35.72
626330.0,3403630.0,42.6,36.8,19.8,35.72
626430.0,3403630.0,42.6,36.8,19.8,35.72
626530.0,3403630.0,42.6,36.8,19.8,35.72
626630.0,3403630.0,42.6,36.8,19.8,35.72
626730.0,3403630.0,42.6,36.8,19.8,35.72
626830.0,3403630.0,42.6,36.8,19.8,35.72
626930.0,3403630.0,42.6,36.8,19.8,35.72
627030.0,3403630.0,42.6,36.8,19.8,35.72
627130.0,3403630.0,42.6,36.8,19.8,35.72
627230.0,3403630.0,42.6,36.8,19.8,35.72
627330.0,3403630.0,42.6,36.8,19.8,35.72
627430.0,3403630.0,42.6,36.8,19.8,35.72
627530.0,3403630.0,42.6,36.8,19.8,35.72
627630.0,3403630.0,42.6,36.8,19.8,35.72
627730.0,3403630.0,42.6,36.8,19.8,35.72
627830.0,3403630.0,42.6,36.8,19.8,35.72
627930.0,3403630.0,42.6,36.8,19.8,35.72
628030.0,3403630.0,42.6,36.8,19.8,35.72
628130.0,3403630.0,42.6,36.8,19.8,35.72
628230.0,3403630.0,42.6,36.8,19.8,35.72
628330.0,3403630.0,42.6,36.8,19.8,35.72
628430.0,3403630.0,42.6,36.8,19.8,35.72
628530.0,3403630.0,42.6,36.8,19.8,35.72
628630.0,3403630.0,42.6,36.8,19.8,35.72
628730.0,3403630.0,42.6,36.8,19.8,35.72
628830.0,3403630.0,42.6,36.8,19.8,35.72
628930.0,3403630.0,42.6,36.8,19.8,35.72
629030.0,3403630.0,42.6,36.8,19.8,35.72
629130.0,3403630.0,42.6,36.8,19.8,35.72
629230.0,3403630.0,42.6,36.8,19.8,35.72
629330.0,3403630.0,42.6,36.8,19.8,35.72
629430.0,3403630.0,42.6,36.8,19.8,35.72
629530.0,3403630.0,42.6,36.8,19.8,35.72
629630.0,3403630.0,42.6,36.8,19.8,35.72
629730.0,3403630.0,42.6,36.8,19.8,35.72
629830.0,3403630.0,42.6,36.8,19.8,35.72
629930.0,3403630.0,42.6,36.8,19.8,35.72
630030.0,3403630.0,42.6,36.8,19.8,35.72
630130.0,3403630.0,42.6,36.8,19.8,35.72
630230.0,3403630.0,42.6,36.8,19.8,35.72
630330.0,3403630.0,42.6,36.8,19.8,35.72
630430.0,3403630.0,42.6,36.8,19.8,35.72
630530.0,3403630.0,42.6,36.8,19.8,35.72
630630.0,3403630.0,42.6,36.8,19.8,35.72
630730.0,3403630.0,42.6,36.8,19.8,35.72
630830.0,3403630.0,42.6,36.8,19.8,35.72
630930.0,3403630.0,42.6,36.8,19.8,35.72
631030.0,3403630.0,42.6,36.8,19.8,35.72
631130.0,3403630.0,42.6,36.8,19.8,35.72
631230.0,3403630.0,42.6,36.8,19.8,35.72
631330.0,3403630.0,42.6,36.8,19.8,35.72
631430.0,3403630.0,42.6,36.8,19.8,35.72
631530.0,3403630.0,42.6,36.8,19.8,35.72
631630.0,3403630.0,42.6,36.8,19.8,35.72
631730.0,3403630.0,42.6,36.8,19.8,35.72
631830.0,3403630.0,42.6,36.8,19.8,35.72
631930.0,3403630.0,42.6,36.8,19.8,35.72
632030.0,3403630.0,42.6,36.8,19.8,35.72
632130.0,3403630.0,42.6,36.8,19.8,35.72
632230.0,3403630.0,42.6,36.8,19.8,35.72
632330.0,3403630.0,42.6,36.8,19.8,35.72
632430.0,3403630.0,42.6,36.8,19.8,35.72
632530.0,3403630.0,42.6,36.8,19.8,35.72
632630.0,3403630.0,42.6,36.8,19.8,35.72
632730.0,3403630.0,42.6,36.8,19.8,35.72
632830.0,3403630.0,42.6,36.8,19.8,35.72
632930.0,3403630.0,42.6,36.8,19.8,35.72
633030.0,3403630.0,42.6,36.8,19.8,35.72
633130.0,3403630.0,42.6,36.8,19.8,35.72
633230.0,3403630.0,42.6,36.8,19.8,35.72
633330.0,3403630.0,42.6,36.8,19.8,35.72
633430.0,3403630.0,42.6,36.8,19.8,35.72
633530.0,3403630.0,42.6,36.8,19.8,35.72
633630.0,3403630.0,42.6,36.8,19.8,35.72
633730.0,3403630.0,42.6,36.8,19.8,35.72
633830.0,3403630.0,42.6,36.8,19.8,35.72
633930.0,3403630.0,42.6,36.8,19.8,35.72
634030.0,3403630.0,42.6,36.8,19.8,35.72
634130.0,3403630.0,42.6,36.8,19.8,35.72
634230.0,3403630.0,42.6,36.8,19.8,35.72
634330.0,3403630.0,42.6,36.8,19.8,35.72
634430.0,3403630.0,42.6,36.8,19.8,35.72
634530.0,3403630.0,42.6,36.8,19.8,35.72
634630.0,3403630.0,42.6,36.8,19.8,35.72
635030.0,3403630.0,42.6,36.8,19.8,35.72
635130.0,3403630.0,42.6,36.8,19.8,35.72
635230.0,3403630.0,42.6,36.8,19.8,35.72
636730.0,3403630.0,42.6,36.8,19.8,35.72
636830.0,3403630.0,42.6,36.8,19.8,35.72
636930.0,3403630.0,42.6,36.8,19.8,35.72
625430.0,3403530.0,42.6,36.8,19.8,35.72
625530.0,3403530.0,42.6,36.8,19.8,35.72
625630.0,3403530.0,42.6,36.8,19.8,35.72
625730.0,3403530.0,42.6,36.8,19.8,35.72
625830.0,3403530.0,42.6,36.8,19.8,35.72
625930.0,3403530.0,42.6,36.8,19.8,35.72
626030.0,3403530.0,42.6,36.8,19.8,35.72
626130.0,3403530.0,42.6,36.8,19.8,35.72
626230.0,3403530.0,42.6,36.8,19.8,35.72
626330.0,3403530.0,42.6,36.8,19.8,35.72
626430.0,3403530.0,42.6,36.8,19.8,35.72
626530.0,3403530.0,42.6,36.8,19.8,35.72
626630.0,3403530.0,42.6,36.8,19.8,35.72
626730.0,3403530.0,42.6,36.8,19.8,35.72
626830.0,3403530.0,42.6,36.8,19.8,35.72
626930.0,3403530.0,42.6,36.8,19.8,35.72
627030.0,3403530.0,42.6,36.8,19.8,35.72
627130.0,3403530.0,42.6,36.8,19.8,35.72
627230.0,3403530.0,42.6,36.8,19.8,35.72
627330.0,3403530.0,42.6,36.8,19.8,35.72
627430.0,3403530.0,42.6,36.8,19.8,35.72
627530.0,3403530.0,42.6,36.8,19.8,35.72
627630.0,3403530.0,42.6,36.8,19.8,35.72
627730.0,3403530.0,42.6,36.8,19.8,35.72
627830.0,3403530.0,42.6,36.8,19.8,35.72
627930.0,3403530.0,42.6,36.8,19.8,35.72
628030.0,3403530.0,42.6,36.8,19.8,35.72
628130.0,3403530.0,42.6,36.8,19.8,35.72
628230.0,3403530.0,42.6,36.8,19.8,35.72
628330.0,3403530.0,42.6,36.8,19.8,35.72
628430.0,3403530.0,42.6,36.8,19.8,35.72
628530.0,3403530.0,42.6,36.8,19.8,35.72
628630.0,3403530.0,42.6,36.8,19.8,35.72
628730.0,3403530.0,42.6,36.8,19.8,35.72
628830.0,3403530.0,42.6,36.8,19.8,35.72
628930.0,3403530.0,42.6,36.8,19.8,35.72
629030.0,3403530.0,42.6,36.8,19.8,35.72
629130.0,3403530.0,42.6,36.8,19.8,35.72
629230.0,3403530.0,42.6,36.8,19.8,35.72
629330.0,3403530.0,42.6,36.8,19.8,35.72
629430.0,3403530.0,42.6,36.8,19.8,35.72
629530.0,3403530.0,42.6,36.8,19.8,35.72
629630.0,3403530.0,42.6,36.8,19.8,35.72
629730.0,3403530.0,42.6,36.8,19.8,35.72
629830.0,3403530.0,42.6,36.8,19.8,35.72
629930.0,3403530.0,42.6,36.8,19.8,35.72
630030.0,3403530.0,42.6,36.8,19.8,35.72
630130.0,3403530.0,42.6,36.8,19.8,35.72
630230.0,3403530.0,42.6,36.8,19.8,35.72
630330.0,3403530.0,42.6,36.8,19.8,35.72
630430.0,3403530.0,42.6,36.8,19.8,35.72
630530.0,3403530.0,42.6,36.8,19.8,35.72
630630.0,3403530.0,42.6,36.8,19.8,35.72
630730.0,3403530.0,42.6,36.8,19.8,35.72
630830.0,3403530.0,42.6,36.8,19.8,35.72
630930.0,3403530.0,42.6,36.8,19.8,35.72
631030.0,3403530.0,42.6,36.8,19.8,35.72
631130.0,3403530.0,42.6,36.8,19.8,35.72
631230.0,3403530.0,42.6,36.8,19.8,35.72
631330.0,3403530.0,42.6,36.8,19.8,35.72
631430.0,3403530.0,42.6,36.8,19.8,35.72
631530.0,3403530.0,42.6,36.8,19.8,35.72
631630.0,3403530.0,42.6,36.8,19.8,35.72
631730.0,3403530.0,42.6,36.8,19.8,35.72
631830.0,3403530.0,42.6,36.8,19.8,35.72
631930.0,3403530.0,42.6,36.8,19.8,35.72
632030.0,3403530.0,42.6,36.8,19.8,35.72
632130.0,3403530.0,42.6,36.8,19.8,35.72
632230.0,3403530.0,42.6,36.8,19.8,35.72
632330.0,3403530.0,42.6,36.8,19.8,35.72
632430.0,3403530.0,42.6,36.8,19.8,35.72
632530.0,3403530.0,42.6,36.8,19.8,35.72
632630.0,3403530.0,42.6,36.8,19.8,35.72
632730.0,3403530.0,42.6,36.8,19.8,35.72
632830.0,3403530.0,42.6,36.8,19.8,35.72
632930.0,3403530.0,42.6,36.8,19.8,35.72
633030.0,3403530.0,42.6,36.8,19.8,35.72
633130.0,3403530.0,42.6,36.8,19.8,35.72
633230.0,3403530.0,42.6,36.8,19.8,35.72
633330.0,3403530.0,42.6,36.8,19.8,35.72
633430.0,3403530.0,42.6,36.8,19.8,35.72
633530.0,3403530.0,42.6,36.8,19.8,35.72
633630.0,3403530.0,42.6,36.8,19.8,35.72
633730.0,3403530.0,42.6,36.8,19.8,35.72
633830.0,3403530.0,42.6,36.8,19.8,35.72
633930.0,3403530.0,42.6,36.8,19.8,35.72
634030.0,3403530.0,42.6,36.8,19.8,35.72
634130.0,3403530.0,42.6,36.8,19.8,35.72
634230.0,3403530.0,42.6,36.8,19.8,35.72
634330.0,3403530.0,42.6,36.8,19.8,35.72
625530.0,3403430.0,42.6,36.8,19.8,35.72
625630.0,3403430.0,42.6,36.8,19.8,35.72
625730.0,3403430.0,42.6,36.8,19.8,35.72
625830.0,3403430.0,42.6,36.8,19.8,35.72
625930.0,3403430.0,42.6,36.8,19.8,35.72
626030.0,3403430.0,42.6,36.8,19.8,35.72
626130.0,3403430.0,42.6,36.8,19.8,35.72
626230.0,3403430.0,42.6,36.8,19.8,35.72
626330.0,3403430.0,42.6,36.8,19.8,35.72
626430.0,3403430.0,42.6,36.8,19.8,35.72
626530.0,3403430.0,42.6,36.8,19.8,35.72
626630.0,3403430.0,42.6,36.8,19.8,35.72
626730.0,3403430.0,42.6,36.8,19.8,35.72
626830.0,3403430.0,42.6,36.8,19.8,35.72
626930.0,3403430.0,42.6,36.8,19.8,35.72
627030.0,3403430.0,42.6,36.8,19.8,35.72
627130.0,3403430.0,42.6,36.8,19.8,35.72
627230.0,3403430.0,42.6,36.8,19.8,35.72
627330.0,3403430.0,42.6,36.8,19.8,35.72
627430.0,3403430.0,42.6,36.8,19.8,35.72
627530.0,3403430.0,42.6,36.8,19.8,35.72
627630.0,3403430.0,42.6,36.8,19.8,35.72
627730.0,3403430.0,42.6,36.8,19.8,35.72
627830.0,3403430.0,42.6,36.8,19.8,35.72
627930.0,3403430.0,42.6,36.8,19.8,35.72
628030.0,3403430.0,42.6,36.8,19.8,35.72
628130.0,3403430.0,42.6,36.8,19.8,35.72
628230.0,3403430.0,42.6,36.8,19.8,35.72
628330.0,3403430.0,42.6,36.8,19.8,35.72
628430.0,3403430.0,42.6,36.8,19.8,35.72
628530.0,3403430.0,42.6,36.8,19.8,35.72
628630.0,3403430.0,42.6,36.8,19.8,35.72
628730.0,3403430.0,42.6,36.8,19.8,35.72
628830.0,3403430.0,42.6,36.8,19.8,35.72
628930.0,3403430.0,42.6,36.8,19.8,35.72
629030.0,3403430.0,42.6,36.8,19.8,35.72
629130.0,3403430.0,42.6,36.8,19.8,35.72
629230.0,3403430.0,42.6,36.8,19.8,35.72
629330.0,3403430.0,42.6,36.8,19.8,35.72
629430.0,3403430.0,42.6,36.8,19.8,35.72
629530.0,3403430.0,42.6,36.8,19.8,35.72
629630.0,3403430.0,42.6,36.8,19.8,35.72
629730.0,3403430.0,42.6,36.8,19.8,35.72
629830.0,3403430.0,42.6,36.8,19.8,35.72
629930.0,3403430.0,42.6,36.8,19.8,35.72
630030.0,3403430.0,42.6,36.8,19.8,35.72
630130.0,3403430.0,42.6,36.8,19.8,35.72
630230.0,3403430.0,42.6,36.8,19.8,35.72
630330.0,3403430.0,42.6,36.8,19.8,35.72
630430.0,3403430.0,42.6,36.8,19.8,35.72
630530.0,3403430.0,42.6,36.8,19.8,35.72
630630.0,3403430.0,42.6,36.8,19.8,35.72
630730.0,3403430.0,42.6,36.8,19.8,35.72
630830.0,3403430.0,42.6,36.8,19.8,35.72
630930.0,3403430.0,42.6,36.8,19.8,35.72
631030.0,3403430.0,42.6,36.8,19.8,35.72
631130.0,3403430.0,42.6,36.8,19.8,35.72
631230.0,3403430.0,42.6,36.8,19.8,35.72
631330.0,3403430.0,42.6,36.8,19.8,35.72
631430.0,3403430.0,42.6,36.8,19.8,35.72
631530.0,3403430.0,42.6,36.8,19.8,35.72
631630.0,3403430.0,42.6,36.8,19.8,35.72
631730.0,3403430.0,42.6,36.8,19.8,35.72
631830.0,3403430.0,42.6,36.8,19.8,35.72
631930.0,3403430.0,42.6,36.8,19.8,35.72
632030.0,3403430.0,42.6,36.8,19.8,35.72
632130.0,3403430.0,42.6,36.8,19.8,35.72
632230.0,3403430.0,42.6,36.8,19.8,35.72
632330.0,3403430.0,42.6,36.8,19.8,35.72
632430.0,3403430.0,42.6,36.8,19.8,35.72
632530.0,3403430.0,42.6,36.8,19.8,35.72
632630.0,3403430.0,42.6,36.8,19.8,35.72
632730.0,3403430.0,42.6,36.8,19.8,35.72
632830.0,3403430.0,42.6,36.8,19.8,35.72
632930.0,3403430.0,42.6,36.8,19.8,35.72
633030.0,3403430.0,42.6,36.8,19.8,35.72
633130.0,3403430.0,42.6,36.8,19.8,35.72
633230.0,3403430.0,42.6,36.8,19.8,35.72
633330.0,3403430.0,42.6,36.8,19.8,35.72
633430.0,3403430.0,42.6,36.8,19.8,35.72
633530.0,3403430.0,42.6,36.8,19.8,35.72
633630.0,3403430.0,42.6,36.8,19.8,35.72
633730.0,3403430.0,42.6,36.8,19.8,35.72
633830.0,3403430.0,42.6,36.8,19.8,35.72
633930.0,3403430.0,42.6,36.8,19.8,35.72
634030.0,3403430.0,42.6,36.8,19.8,35.72
625530.0,3403330.0,42.6,36.8,19.8,35.72
625630.0,3403330.0,42.6,36.8,19.8,35.72
625730.0,3403330.0,42.6,36.8,19.8,35.72
625830.0,3403330.0,42.6,36.8,19.8,35.72
625930.0,3403330.0,42.6,36.8,19.8,35.72
626030.0,3403330.0,42.6,36.8,19.8,35.72
626130.0,3403330.0,42.6,36.8,19.8,35.72
626230.0,3403330.0,42.6,36.8,19.8,35.72
626330.0,3403330.0,42.6,36.8,19.8,35.72
626430.0,3403330.0,42.6,36.8,19.8,35.72
626530.0,3403330.0,42.6,36.8,19.8,35.72
626630.0,3403330.0,42.6,36.8,19.8,35.72
626730.0,3403330.0,42.6,36.8,19.8,35.72
626830.0,3403330.0,42.6,36.8,19.8,35.72
626930.0,3403330.0,42.6,36.8,19.8,35.72
627030.0,3403330.0,42.6,36.8,19.8,35.72
627130.0,3403330.0,42.6,36.8,19.8,35.72
627230.0,3403330.0,42.6,36.8,19.8,35.72
627330.0,3403330.0,42.6,36.8,19.8,35.72
627430.0,3403330.0,42.6,36.8,19.8,35.72
627530.0,3403330.0,42.6,36.8,19.8,35.72
627630.0,3403330.0,42.6,36.8,19.8,35.72
627730.0,3403330.0,42.6,36.8,19.8,35.72
627830.0,3403330.0,42.6,36.8,19.8,35.72
627930.0,3403330.0,42.6,36.8,19.8,35.72
628030.0,3403330.0,42.6,36.8,19.8,35.72
628130.0,3403330.0,42.6,36.8,19.8,35.72
628230.0,3403330.0,42.6,36.8,19.8,35.72
628330.0,3403330.0,42.6,36.8,19.8,35.72
628430.0,3403330.0,42.6,36.8,19.8,35.72
628530.0,3403330.0,42.6,36.8,19.8,35.72
628630.0,3403330.0,42.6,36.8,19.8,35.72
628730.0,3403330.0,42.6,36.8,19.8,35.72
628830.0,3403330.0,42.6,36.8,19.8,35.72
628930.0,3403330.0,42.6,36.8,19.8,35.72
629030.0,3403330.0,42.6,36.8,19.8,35.72
629130.0,3403330.0,42.6,36.8,19.8,35.72
629230.0,3403330.0,42.6,36.8,19.8,35.72
629330.0,3403330.0,42.6,36.8,19.8,35.72
629430.0,3403330.0,42.6,36.8,19.8,35.72
629530.0,3403330.0,42.6,36.8,19.8,35.72
629630.0,3403330.0,42.6,36.8,19.8,35.72
629730.0,3403330.0,42.6,36.8,19.8,35.72
629830.0,3403330.0,42.6,36.8,19.8,35.72
629930.0,3403330.0,42.6,36.8,19.8,35.72
630030.0,3403330.0,42.6,36.8,19.8,35.72
630130.0,3403330.0,42.6,36.8,19.8,35.72
630230.0,3403330.0,42.6,36.8,19.8,35.72
630330.0,3403330.0,42.6,36.8,19.8,35.72
630430.0,3403330.0,42.6,36.8,19.8,35.72
630530.0,3403330.0,42.6,36.8,19.8,35.72
630630.0,3403330.0,42.6,36.8,19.8,35.72
630730.0,3403330.0,42.6,36.8,19.8,35.72
630830.0,3403330.0,42.6,36.8,19.8,35.72
630930.0,3403330.0,42.6,36.8,19.8,35.72
631030.0,3403330.0,42.6,36.8,19.8,35.72
631130.0,3403330.0,42.6,36.8,19.8,35.72
631230.0,3403330.0,42.6,36.8,19.8,35.72
631330.0,3403330.0,42.6,36.8,19.8,35.72
631430.0,3403330.0,42.6,36.8,19.8,35.72
631530.0,3403330.0,42.6,36.8,19.8,35.72
631630.0,3403330.0,42.6,36.8,19.8,35.72
631730.0,3403330.0,42.6,36.8,19.8,35.72
631830.0,3403330.0,42.6,36.8,19.8,35.72
631930.0,3403330.0,42.6,36.8,19.8,35.72
632030.0,3403330.0,42.6,36.8,19.8,35.72
632130.0,3403330.0,42.6,36.8,19.8,35.72
632230.0,3403330.0,42.6,36.8,19.8,35.72
632330.0,3403330.0,42.6,36.8,19.8,35.72
632430.0,3403330.0,42.6,36.8,19.8,35.72
632530.0,3403330.0,42.6,36.8,19.8,35.72
632630.0,3403330.0,42.6,36.8,19.8,35.72
632730.0,3403330.0,42.6,36.8,19.8,35.72
632830.0,3403330.0,42.6,36.8,19.8,35.72
632930.0,3403330.0,42.6,36.8,19.8,35.72
633030.0,3403330.0,42.6,36.8,19.8,35.72
633130.0,3403330.0,42.6,36.8,19.8,35.72
625330.0,3403230.0,42.6,36.8,19.8,35.72
625430.0,3403230.0,42.6,36.8,19.8,35.72
625530.0,3403230.0,42.6,36.8,19.8,35.72
625630.0,3403230.0,42.6,36.8,19.8,35.72
625730.0,3403230.0,42.6,36.8,19.8,35.72
625830.0,3403230.0,42.6,36.8,19.8,35.72
625930.0,3403230.0,42.6,36.8,19.8,35.72
626030.0,3403230.0,42.6,36.8,19.8,35.72
626130.0,3403230.0,42.6,36.8,19.8,35.72
626230.0,3403230.0,42.6,36.8,19.8,35.72
626330.0,3403230.0,42.6,36.8,19.8,35.72
626430.0,3403230.0,42.6,36.8,19.8,35.72
626530.0,3403230.0,42.6,36.8,19.8,35.72
626630.0,3403230.0,42.6,36.8,19.8,35.72
626730.0,3403230.0,42.6,36.8,19.8,35.72
626830.0,3403230.0,42.6,36.8,19.8,35.72
626930.0,3403230.0,42.6,36.8,19.8,35.72
627030.0,3403230.0,42.6,36.8,19.8,35.72
627130.0,3403230.0,42.6,36.8,19.8,35.72
627230.0,3403230.0,42.6,36.8,19.8,35.72
627330.0,3403230.0,42.6,36.8,19.8,35.72
627430.0,3403230.0,42.6,36.8,19.8,35.72
627530.0,3403230.0,42.6,36.8,19.8,35.72
627630.0,3403230.0,42.6,36.8,19.8,35.72
627730.0,3403230.0,42.6,36.8,19.8,35.72
627830.0,3403230.0,42.6,36.8,19.8,35.72
627930.0,3403230.0,42.6,36.8,19.8,35.72
628030.0,3403230.0,42.6,36.8,19.8,35.72
628130.0,3403230.0,42.6,36.8,19.8,35.72
628230.0,3403230.0,42.6,36.8,19.8,35.72
628330.0,3403230.0,42.6,36.8,19.8,35.72
628430.0,3403230.0,42.6,36.8,19.8,35.72
628530.0,3403230.0,42.6,36.8,19.8,35.72
628630.0,3403230.0,42.6,36.8,19.8,35.72
628730.0,3403230.0,42.6,36.8,19.8,35.72
628830.0,3403230.0,42.6,36.8,19.8,35.72
628930.0,3403230.0,42.6,36.8,19.8,35.72
629030.0,3403230.0,42.6,36.8,19.8,35.72
629130.0,3403230.0,42.6,36.8,19.8,35.72
629230.0,3403230.0,42.6,36.8,19.8,35.72
629330.0,3403230.0,42.6,36.8,19.8,35.72
629430.0,3403230.0,42.6,36.8,19.8,35.72
629530.0,3403230.0,42.6,36.8,19.8,35.72
629630.0,3403230.0,42.6,36.8,19.8,35.72
629730.0,3403230.0,42.6,36.8,19.8,35.72
629830.0,3403230.0,42.6,36.8,19.8,35.72
629930.0,3403230.0,42.6,36.8,19.8,35.72
630030.0,3403230.0,42.6,36.8,19.8,35.72
630130.0,3403230.0,42.6,36.8,19.8,35.72
630230.0,3403230.0,42.6,36.8,19.8,35.72
630330.0,3403230.0,42.6,36.8,19.8,35.72
630430.0,3403230.0,42.6,36.8,19.8,35.72
630530.0,3403230.0,42.6,36.8,19.8,35.72
630630.0,3403230.0,42.6,36.8,19.8,35.72
630730.0,3403230.0,42.6,36.8,19.8,35.72
630830.0,3403230.0,42.6,36.8,19.8,35.72
630930.0,3403230.0,42.6,36.8,19.8,35.72
631030.0,3403230.0,42.6,36.8,19.8,35.72
631130.0,3403230.0,42.6,36.8,19.8,35.72
631230.0,3403230.0,42.6,36.8,19.8,35.72
631330.0,3403230.0,42.6,36.8,19.8,35.72
631430.0,3403230.0,42.6,36.8,19.8,35.72
631530.0,3403230.0,42.6,36.8,19.8,35.72
631630.0,3403230.0,42.6,36.8,19.8,35.72
631730.0,3403230.0,42.6,36.8,19.8,35.72
631830.0,3403230.0,42.6,36.8,19.8,35.72
631930.0,3403230.0,42.6,36.8,19.8,35.72
632030.0,3403230.0,42.6,36.8,19.8,35.72
632130.0,3403230.0,42.6,36.8,19.8,35.72
632230.0,3403230.0,42.6,36.8,19.8,35.72
632330.0,3403230.0,42.6,36.8,19.8,35.72
632430.0,3403230.0,42.6,36.8,19.8,35.72
632530.0,3403230.0,42.6,36.8,19.8,35.72
632630.0,3403230.0,42.6,36.8,19.8,35.72
632730.0,3403230.0,42.6,36.8,19.8,35.72
632830.0,3403230.0,42.6,36.8,19.8,35.72
632930.0,3403230.0,42.6,36.8,19.8,35.72
624930.0,3403130.0,42.6,36.8,19.8,35.72
625030.0,3403130.0,42.6,36.8,19.8,35.72
625130.0,3403130.0,42.6,36.8,19.8,35.72
625230.0,3403130.0,42.6,36.8,19.8,35.72
625330.0,3403130.0,42.6,36.8,19.8,35.72
625430.0,3403130.0,42.6,36.8,19.8,35.72
625530.0,3403130.0,42.6,36.8,19.8,35.72
625630.0,3403130.0,42.6,36.8,19.8,35.72
625730.0,3403130.0,42.6,36.8,19.8,35.72
625830.0,3403130.0,42.6,36.8,19.8,35.72
625930.0,3403130.0,42.6,36.8,19.8,35.72
626030.0,3403130.0,42.6,36.8,19.8,35.72
626130.0,3403130.0,42.6,36.8,19.8,35.72
626230.0,3403130.0,42.6,36.8,19.8,35.72
626330.0,3403130.0,42.6,36.8,19.8,35.72
626430.0,3403130.0,42.6,36.8,19.8,35.72
626530.0,3403130.0,42.6,36.8,19.8,35.72
626630.0,3403130.0,42.6,36.8,19.8,35.72
626730.0,3403130.0,42.6,36.8,19.8,35.72
626830.0,3403130.0,42.6,36.8,19.8,35.72
626930.0,3403130.0,42.6,36.8,19.8,35.72
627030.0,3403130.0,42.6,36.8,19.8,35.72
627130.0,3403130.0,42.6,36.8,19.8,35.72
627230.0,3403130.0,42.6,36.8,19.8,35.72
627330.0,3403130.0,42.6,36.8,19.8,35.72
627430.0,3403130.0,42.6,36.8,19.8,35.72
627530.0,3403130.0,42.6,36.8,19.8,35.72
627630.0,3403130.0,42.6,36.8,19.8,35.72
627730.0,3403130.0,42.6,36.8,19.8,35.72
627830.0,3403130.0,42.6,36.8,19.8,35.72
627930.0,3403130.0,42.6,36.8,19.8,35.72
628030.0,3403130.0,42.6,36.8,19.8,35.72
628130.0,3403130.0,42.6,36.8,19.8,35.72
628230.0,3403130.0,42.6,36.8,19.8,35.72
628330.0,3403130.0,42.6,36.8,19.8,35.72
628430.0,3403130.0,42.6,36.8,19.8,35.72
628530.0,3403130.0,42.6,36.8,19.8,35.72
628630.0,3403130.0,42.6,36.8,19.8,35.72
628730.0,3403130.0,42.6,36.8,19.8,35.72
628830.0,3403130.0,42.6,36.8,19.8,35.72
628930.0,3403130.0,42.6,36.8,19.8,35.72
629030.0,3403130.0,42.6,36.8,19.8,35.72
629130.0,3403130.0,42.6,36.8,19.8,35.72
629230.0,3403130.0,42.6,36.8,19.8,35.72
629330.0,3403130.0,42.6,36.8,19.8,35.72
629430.0,3403130.0,42.6,36.8,19.8,35.72
629530.0,3403130.0,42.6,36.8,19.8,35.72
629630.0,3403130.0,42.6,36.8,19.8,35.72
629730.0,3403130.0,42.6,36.8,19.8,35.72
629830.0,3403130.0,42.6,36.8,19.8,35.72
629930.0,3403130.0,42.6,36.8,19.8,35.72
630030.0,3403130.0,42.6,36.8,19.8,35.72
630130.0,3403130.0,42.6,36.8,19.8,35.72
630230.0,3403130.0,42.6,36.8,19.8,35.72
630330.0,3403130.0,42.6,36.8,19.8,35.72
630430.0,3403130.0,42.6,36.8,19.8,35.72
630530.0,3403130.0,42.6,36.8,19.8,35.72
630630.0,3403130.0,42.6,36.8,19.8,35.72
630730.0,3403130.0,42.6,36.8,19.8,35.72
630830.0,3403130.0,42.6,36.8,19.8,35.72
630930.0,3403130.0,42.6,36.8,19.8,35.72
631030.0,3403130.0,42.6,36.8,19.8,35.72
631130.0,3403130.0,42.6,36.8,19.8,35.72
631230.0,3403130.0,42.6,36.8,19.8,35.72
631330.0,3403130.0,42.6,36.8,19.8,35.72
631430.0,3403130.0,42.6,36.8,19.8,35.72
631530.0,3403130.0,42.6,36.8,19.8,35.72
631630.0,3403130.0,42.6,36.8,19.8,35.72
631730.0,3403130.0,42.6,36.8,19.8,35.72
631830.0,3403130.0,42.6,36.8,19.8,35.72
631930.0,3403130.0,42.6,36.8,19.8,35.72
632030.0,3403130.0,42.6,36.8,19.8,35.72
632130.0,3403130.0,42.6,36.8,19.8,35.72
632230.0,3403130.0,42.6,36.8,19.8,35.72
632330.0,3403130.0,42.6,36.8,19.8,35.72
632430.0,3403130.0,42.6,36.8,19.8,35.72
632530.0,3403130.0,42.6,36.8,19.8,35.72
632630.0,3403130.0,42.6,36.8,19.8,35.72
632730.0,3403130.0,42.6,36.8,19.8,35.72
632830.0,3403130.0,42.6,36.8,19.8,35.72
632930.0,3403130.0,42.6,36.8,19.8,35.72
624630.0,3403030.0,42.6,36.8,19.8,35.72
624730.0,3403030.0,42.6,36.8,19.8,35.72
624830.0,3403030.0,42.6,36.8,19.8,35.72
624930.0,3403030.0,42.6,36.8,19.8,35.72
625030.0,3403030.0,42.6,36.8,19.8,35.72
625130.0,3403030.0,42.6,36.8,19.8,35.72
625230.0,3403030.0,42.6,36.8,19.8,35.72
625330.0,3403030.0,42.6,36.8,19.8,35.72
625430.0,3403030.0,42.6,36.8,19.8,35.72
625530.0,3403030.0,42.6,36.8,19.8,35.72
625630.0,3403030.0,42.6,36.8,19.8,35.72
625730.0,3403030.0,42.6,36.8,19.8,35.72
625830.0,3403030.0,42.6,36.8,19.8,35.72
625930.0,3403030.0,42.6,36.8,19.8,35.72
626030.0,3403030.0,42.6,36.8,19.8,35.72
626130.0,3403030.0,42.6,36.8,19.8,35.72
626230.0,3403030.0,42.6,36.8,19.8,35.72
626330.0,3403030.0,42.6,36.8,19.8,35.72
626430.0,3403030.0,42.6,36.8,19.8,35.72
626530.0,3403030.0,42.6,36.8,19.8,35.72
626630.0,3403030.0,42.6,36.8,19.8,35.72
626730.0,3403030.0,42.6,36.8,19.8,35.72
626830.0,3403030.0,42.6,36.8,19.8,35.72
626930.0,3403030.0,42.6,36.8,19.8,35.72
627030.0,3403030.0,42.6,36.8,19.8,35.72
627130.0,3403030.0,42.6,36.8,19.8,35.72
627230.0,3403030.0,42.6,36.8,19.8,35.72
627330.0,3403030.0,42.6,36.8,19.8,35.72
627430.0,3403030.0,42.6,36.8,19.8,35.72
627530.0,3403030.0,42.6,36.8,19.8,35.72
627630.0,3403030.0,42.6,36.8,19.8,35.72
627730.0,3403030.0,42.6,36.8,19.8,35.72
627830.0,3403030.0,42.6,36.8,19.8,35.72
627930.0,3403030.0,42.6,36.8,19.8,35.72
628030.0,3403030.0,42.6,36.8,19.8,35.72
628130.0,3403030.0,42.6,36.8,19.8,35.72
628230.0,3403030.0,42.6,36.8,19.8,35.72
628330.0,3403030.0,42.6,36.8,19.8,35.72
628430.0,3403030.0,42.6,36.8,19.8,35.72
628530.0,3403030.0,42.6,36.8,19.8,35.72
628630.0,3403030.0,42.6,36.8,19.8,35.72
628730.0,3403030.0,42.6,36.8,19.8,35.72
628830.0,3403030.0,42.6,36.8,19.8,35.72
628930.0,3403030.0,42.6,36.8,19.8,35.72
629030.0,3403030.0,42.6,36.8,19.8,35.72
629130.0,3403030.0,42.6,36.8,19.8,35.72
629230.0,3403030.0,42.6,36.8,19.8,35.72
629330.0,3403030.0,42.6,36.8,19.8,35.72
629430.0,3403030.0,42.6,36.8,19.8,35.72
629530.0,3403030.0,42.6,36.8,19.8,35.72
629630.0,3403030.0,42.6,36.8,19.8,35.72
629730.0,3403030.0,42.6,36.8,19.8,35.72
629830.0,3403030.0,42.6,36.8,19.8,35.72
629930.0,3403030.0,42.6,36.8,19.8,35.72
630030.0,3403030.0,42.6,36.8,19.8,35.72
630130.0,3403030.0,42.6,36.8,19.8,35.72
630230.0,3403030.0,42.6,36.8,19.8,35.72
630330.0,3403030.0,42.6,36.8,19.8,35.72
630430.0,3403030.0,42.6,36.8,19.8,35.72
630530.0,3403030.0,42.6,36.8,19.8,35.72
630630.0,3403030.0,42.6,36.8,19.8,35.72
630730.0,3403030.0,42.6,36.8,19.8,35.72
630830.0,3403030.0,42.6,36.8,19.8,35.72
630930.0,3403030.0,42.6,36.8,19.8,35.72
631030.0,3403030.0,42.6,36.8,19.8,35.72
631130.0,3403030.0,42.6,36.8,19.8,35.72
631230.0,3403030.0,42.6,36.8,19.8,35.72
631330.0,3403030.0,42.6,36.8,19.8,35.72
631430.0,3403030.0,42.6,36.8,19.8,35.72
631530.0,3403030.0,42.6,36.8,19.8,35.72
631630.0,3403030.0,42.6,36.8,19.8,35.72
631730.0,3403030.0,42.6,36.8,19.8,35.72
631830.0,3403030.0,42.6,36.8,19.8,35.72
631930.0,3403030.0,42.6,36.8,19.8,35.72
632030.0,3403030.0,42.6,36.8,19.8,35.72
632130.0,3403030.0,42.6,36.8,19.8,35.72
632230.0,3403030.0,42.6,36.8,19.8,35.72
632330.0,3403030.0,42.6,36.8,19.8,35.72
632430.0,3403030.0,42.6,36.8,19.8,35.72
632530.0,3403030.0,42.6,36.8,19.8,35.72
632630.0,3403030.0,42.6,36.8,19.8,35.72
632730.0,3403030.0,42.6,36.8,19.8,35.72
632830.0,3403030.0,42.6,36.8,19.8,35.72
624530.0,3402930.0,42.6,36.8,19.8,35.72
624630.0,3402930.0,42.6,36.8,19.8,35.72
624730.0,3402930.0,42.6,36.8,19.8,35.72
624830.0,3402930.0,42.6,36.8,19.8,35.72
624930.0,3402930.0,42.6,36.8,19.8,35.72
625030.0,3402930.0,42.6,36.8,19.8,35.72
625130.0,3402930.0,42.6,36.8,19.8,35.72
625230.0,3402930.0,42.6,36.8,19.8,35.72
625330.0,3402930.0,42.6,36.8,19.8,35.72
625430.0,3402930.0,42.6,36.8,19.8,35.72
625530.0,3402930.0,42.6,36.8,19.8,35.72
625630.0,3402930.0,42.6,36.8,19.8,35.72
625730.0,3402930.0,42.6,36.8,19.8,35.72
625830.0,3402930.0,42.6,36.8,19.8,35.72
625930.0,3402930.0,42.6,36.8,19.8,35.72
626030.0,3402930.0,42.6,36.8,19.8,35.72
626130.0,3402930.0,42.6,36.8,19.8,35.72
626230.0,3402930.0,42.6,36.8,19.8,35.72
626330.0,3402930.0,42.6,36.8,19.8,35.72
626430.0,3402930.0,42.6,36.8,19.8,35.72
626530.0,3402930.0,42.6,36.8,19.8,35.72
626630.0,3402930.0,42.6,36.8,19.8,35.72
626730.0,3402930.0,42.6,36.8,19.8,35.72
626830.0,3402930.0,42.6,36.8,19.8,35.72
626930.0,3402930.0,42.6,36.8,19.8,35.72
627030.0,3402930.0,42.6,36.8,19.8,35.72
627130.0,3402930.0,42.6,36.8,19.8,35.72
627230.0,3402930.0,42.6,36.8,19.8,35.72
627330.0,3402930.0,42.6,36.8,19.8,35.72
627430.0,3402930.0,42.6,36.8,19.8,35.72
627530.0,3402930.0,42.6,36.8,19.8,35.72
627630.0,3402930.0,42.6,36.8,19.8,35.72
627730.0,3402930.0,42.6,36.8,19.8,35.72
627830.0,3402930.0,42.6,36.8,19.8,35.72
627930.0,3402930.0,42.6,36.8,19.8,35.72
628030.0,3402930.0,42.6,36.8,19.8,35.72
628130.0,3402930.0,42.6,36.8,19.8,35.72
628230.0,3402930.0,42.6,36.8,19.8,35.72
628330.0,3402930.0,42.6,36.8,19.8,35.72
628430.0,3402930.0,42.6,36.8,19.8,35.72
628530.0,3402930.0,42.6,36.8,19.8,35.72
628630.0,3402930.0,42.6,36.8,19.8,35.72
628730.0,3402930.0,42.6,36.8,19.8,35.72
628830.0,3402930.0,42.6,36.8,19.8,35.72
628930.0,3402930.0,42.6,36.8,19.8,35.72
629030.0,3402930.0,42.6,36.8,19.8,35.72
629130.0,3402930.0,42.6,36.8,19.8,35.72
629230.0,3402930.0,42.6,36.8,19.8,35.72
629330.0,3402930.0,42.6,36.8,19.8,35.72
629430.0,3402930.0,42.6,36.8,19.8,35.72
629530.0,3402930.0,42.6,36.8,19.8,35.72
629630.0,3402930.0,42.6,36.8,19.8,35.72
629730.0,3402930.0,42.6,36.8,19.8,35.72
629830.0,3402930.0,42.6,36.8,19.8,35.72
629930.0,3402930.0,42.6,36.8,19.8,35.72
630030.0,3402930.0,42.6,36.8,19.8,35.72
630130.0,3402930.0,42.6,36.8,19.8,35.72
630230.0,3402930.0,42.6,36.8,19.8,35.72
630330.0,3402930.0,42.6,36.8,19.8,35.72
630430.0,3402930.0,42.6,36.8,19.8,35.72
630530.0,3402930.0,42.6,36.8,19.8,35.72
630630.0,3402930.0,42.6,36.8,19.8,35.72
630730.0,3402930.0,42.6,36.8,19.8,35.72
630830.0,3402930.0,42.6,36.8,19.8,35.72
630930.0,3402930.0,42.6,36.8,19.8,35.72
631030.0,3402930.0,42.6,36.8,19.8,35.72
631130.0,3402930.0,42.6,36.8,19.8,35.72
631230.0,3402930.0,42.6,36.8,19.8,35.72
631330.0,3402930.0,42.6,36.8,19.8,35.72
631430.0,3402930.0,42.6,36.8,19.8,35.72
631530.0,3402930.0,42.6,36.8,19.8,35.72
631630.0,3402930.0,42.6,36.8,19.8,35.72
631730.0,3402930.0,42.6,36.8,19.8,35.72
631830.0,3402930.0,42.6,36.8,19.8,35.72
631930.0,3402930.0,42.6,36.8,19.8,35.72
632030.0,3402930.0,42.6,36.8,19.8,35.72
632130.0,3402930.0,42.6,36.8,19.8,35.72
632230.0,3402930.0,42.6,36.8,19.8,35.72
632330.0,3402930.0,42.6,36.8,19.8,35.72
632430.0,3402930.0,42.6,36.8,19.8,35.72
632530.0,3402930.0,42.6,36.8,19.8,35.72
632630.0,3402930.0,42.6,36.8,19.8,35.72
632730.0,3402930.0,42.6,36.8,19.8,35.72
632830.0,3402930.0,42.6,36.8,19.8,35.72
624430.0,3402830.0,42.6,36.8,19.8,35.72
624530.0,3402830.0,42.6,36.8,19.8,35.72
624630.0,3402830.0,42.6,36.8,19.8,35.72
624730.0,3402830.0,42.6,36.8,19.8,35.72
624830.0,3402830.0,42.6,36.8,19.8,35.72
624930.0,3402830.0,42.6,36.8,19.8,35.72
625030.0,3402830.0,42.6,36.8,19.8,35.72
625130.0,3402830.0,42.6,36.8,19.8,35.72
625230.0,3402830.0,42.6,36.8,19.8,35.72
625330.0,3402830.0,42.6,36.8,19.8,35.72
625430.0,3402830.0,42.6,36.8,19.8,35.72
625530.0,3402830.0,42.6,36.8,19.8,35.72
625630.0,3402830.0,42.6,36.8,19.8,35.72
625730.0,3402830.0,42.6,36.8,19.8,35.72
625830.0,3402830.0,42.6,36.8,19.8,35.72
625930.0,3402830.0,42.6,36.8,19.8,35.72
626030.0,3402830.0,42.6,36.8,19.8,35.72
626130.0,3402830.0,42.6,36.8,19.8,35.72
626230.0,3402830.0,42.6,36.8,19.8,35.72
626330.0,3402830.0,42.6,36.8,19.8,35.72
626430.0,3402830.0,42.6,36.8,19.8,35.72
626530.0,3402830.0,42.6,36.8,19.8,35.72
626630.0,3402830.0,42.6,36.8,19.8,35.72
626730.0,3402830.0,42.6,36.8,19.8,35.72
626830.0,3402830.0,42.6,36.8,19.8,35.72
626930.0,3402830.0,42.6,36.8,19.8,35.72
627030.0,3402830.0,42.6,36.8,19.8,35.72
627130.0,3402830.0,42.6,36.8,19.8,35.72
627230.0,3402830.0,42.6,36.8,19.8,35.72
627330.0,3402830.0,42.6,36.8,19.8,35.72
627430.0,3402830.0,42.6,36.8,19.8,35.72
627530.0,3402830.0,42.6,36.8,19.8,35.72
627630.0,3402830.0,42.6,36.8,19.8,35.72
627730.0,3402830.0,42.6,36.8,19.8,35.72
627830.0,3402830.0,42.6,36.8,19.8,35.72
627930.0,3402830.0,42.6,36.8,19.8,35.72
628030.0,3402830.0,42.6,36.8,19.8,35.72
628130.0,3402830.0,42.6,36.8,19.8,35.72
628230.0,3402830.0,42.6,36.8,19.8,35.72
628330.0,3402830.0,42.6,36.8,19.8,35.72
628430.0,3402830.0,42.6,36.8,19.8,35.72
628530.0,3402830.0,42.6,36.8,19.8,35.72
628630.0,3402830.0,42.6,36.8,19.8,35.72
628730.0,3402830.0,42.6,36.8,19.8,35.72
628830.0,3402830.0,42.6,36.8,19.8,35.72
628930.0,3402830.0,42.6,36.8,19.8,35.72
629030.0,3402830.0,42.6,36.8,19.8,35.72
629130.0,3402830.0,42.6,36.8,19.8,35.72
629230.0,3402830.0,42.6,36.8,19.8,35.72
629330.0,3402830.0,42.6,36.8,19.8,35.72
629430.0,3402830.0,42.6,36.8,19.8,35.72
629530.0,3402830.0,42.6,36.8,19.8,35.72
629630.0,3402830.0,42.6,36.8,19.8,35.72
629730.0,3402830.0,42.6,36.8,19.8,35.72
629830.0,3402830.0,42.6,36.8,19.8,35.72
629930.0,3402830.0,42.6,36.8,19.8,35.72
630030.0,3402830.0,42.6,36.8,19.8,35.72
630130.0,3402830.0,42.6,36.8,19.8,35.72
630230.0,3402830.0,42.6,36.8,19.8,35.72
630330.0,3402830.0,42.6,36.8,19.8,35.72
630430.0,3402830.0,42.6,36.8,19.8,35.72
630530.0,3402830.0,42.6,36.8,19.8,35.72
630630.0,3402830.0,42.6,36.8,19.8,35.72
630730.0,3402830.0,42.6,36.8,19.8,35.72
630830.0,3402830.0,42.6,36.8,19.8,35.72
630930.0,3402830.0,42.6,36.8,19.8,35.72
631030.0,3402830.0,42.6,36.8,19.8,35.72
631130.0,3402830.0,42.6,36.8,19.8,35.72
631230.0,3402830.0,42.6,36.8,19.8,35.72
631330.0,3402830.0,42.6,36.8,19.8,35.72
631430.0,3402830.0,42.6,36.8,19.8,35.72
631530.0,3402830.0,42.6,36.8,19.8,35.72
631630.0,3402830.0,42.6,36.8,19.8,35.72
631730.0,3402830.0,42.6,36.8,19.8,35.72
631830.0,3402830.0,42.6,36.8,19.8,35.72
631930.0,3402830.0,42.6,36.8,19.8,35.72
632030.0,3402830.0,42.6,36.8,19.8,35.72
632130.0,3402830.0,42.6,36.8,19.8,35.72
632230.0,3402830.0,42.6,36.8,19.8,35.72
632330.0,3402830.0,42.6,36.8,19.8,35.72
632430.0,3402830.0,42.6,36.8,19.8,35.72
632530.0,3402830.0,42.6,36.8,19.8,35.72
632630.0,3402830.0,42.6,36.8,19.8,35.72
632730.0,3402830.0,42.6,36.8,19.8,35.72
632830.0,3402830.0,42.6,36.8,19.8,35.72
624230.0,3402730.0,42.6,36.8,19.8,35.72
624330.0,3402730.0,42.6,36.8,19.8,35.72
624430.0,3402730.0,42.6,36.8,19.8,35.72
624530.0,3402730.0,42.6,36.8,19.8,35.72
624630.0,3402730.0,42.6,36.8,19.8,35.72
624730.0,3402730.0,42.6,36.8,19.8,35.72
624830.0,3402730.0,42.6,36.8,19.8,35.72
624930.0,3402730.0,42.6,36.8,19.8,35.72
625030.0,3402730.0,42.6,36.8,19.8,35.72
625130.0,3402730.0,42.6,36.8,19.8,35.72
625230.0,3402730.0,42.6,36.8,19.8,35.72
625330.0,3402730.0,42.6,36.8,19.8,35.72
625430.0,3402730.0,42.6,36.8,19.8,35.72
625530.0,3402730.0,42.6,36.8,19.8,35.72
625630.0,3402730.0,42.6,36.8,19.8,35.72
625730.0,3402730.0,42.6,36.8,19.8,35.72
625830.0,3402730.0,42.6,36.8,19.8,35.72
625930.0,3402730.0,42.6,36.8,19.8,35.72
626030.0,3402730.0,42.6,36.8,19.8,35.72
626130.0,3402730.0,42.6,36.8,19.8,35.72
626230.0,3402730.0,42.6,36.8,19.8,35.72
626330.0,3402730.0,42.6,36.8,19.8,35.72
626430.0,3402730.0,42.6,36.8,19.8,35.72
626530.0,3402730.0,42.6,36.8,19.8,35.72
626630.0,3402730.0,42.6,36.8,19.8,35.72
626730.0,3402730.0,42.6,36.8,19.8,35.72
626830.0,3402730.0,42.6,36.8,19.8,35.72
626930.0,3402730.0,42.6,36.8,19.8,35.72
627030.0,3402730.0,42.6,36.8,19.8,35.72
627130.0,3402730.0,42.6,36.8,19.8,35.72
627230.0,3402730.0,42.6,36.8,19.8,35.72
627330.0,3402730.0,42.6,36.8,19.8,35.72
627430.0,3402730.0,42.6,36.8,19.8,35.72
627530.0,3402730.0,42.6,36.8,19.8,35.72
627630.0,3402730.0,42.6,36.8,19.8,35.72
627730.0,3402730.0,42.6,36.8,19.8,35.72
627830.0,3402730.0,42.6,36.8,19.8,35.72
627930.0,3402730.0,42.6,36.8,19.8,35.72
628030.0,3402730.0,42.6,36.8,19.8,35.72
628130.0,3402730.0,42.6,36.8,19.8,35.72
628230.0,3402730.0,42.6,36.8,19.8,35.72
628330.0,3402730.0,42.6,36.8,19.8,35.72
628430.0,3402730.0,42.6,36.8,19.8,35.72
628530.0,3402730.0,42.6,36.8,19.8,35.72
628630.0,3402730.0,42.6,36.8,19.8,35.72
628730.0,3402730.0,42.6,36.8,19.8,35.72
628830.0,3402730.0,42.6,36.8,19.8,35.72
628930.0,3402730.0,42.6,36.8,19.8,35.72
629030.0,3402730.0,42.6,36.8,19.8,35.72
629130.0,3402730.0,42.6,36.8,19.8,35.72
629230.0,3402730.0,42.6,36.8,19.8,35.72
629330.0,3402730.0,42.6,36.8,19.8,35.72
629430.0,3402730.0,42.6,36.8,19.8,35.72
629530.0,3402730.0,42.6,36.8,19.8,35.72
629630.0,3402730.0,42.6,36.8,19.8,35.72
629730.0,3402730.0,42.6,36.8,19.8,35.72
629830.0,3402730.0,42.6,36.8,19.8,35.72
629930.0,3402730.0,42.6,36.8,19.8,35.72
630030.0,3402730.0,42.6,36.8,19.8,35.72
630130.0,3402730.0,42.6,36.8,19.8,35.72
630230.0,3402730.0,42.6,36.8,19.8,35.72
630330.0,3402730.0,42.6,36.8,19.8,35.72
630430.0,3402730.0,42.6,36.8,19.8,35.72
630530.0,3402730.0,42.6,36.8,19.8,35.72
630630.0,3402730.0,42.6,36.8,19.8,35.72
630730.0,3402730.0,42.6,36.8,19.8,35.72
630830.0,3402730.0,42.6,36.8,19.8,35.72
630930.0,3402730.0,42.6,36.8,19.8,35.72
631030.0,3402730.0,42.6,36.8,19.8,35.72
631130.0,3402730.0,42.6,36.8,19.8,35.72
631230.0,3402730.0,42.6,36.8,19.8,35.72
631330.0,3402730.0,42.6,36.8,19.8,35.72
631430.0,3402730.0,42.6,36.8,19.8,35.72
631530.0,3402730.0,42.6,36.8,19.8,35.72
631630.0,3402730.0,42.6,36.8,19.8,35.72
631730.0,3402730.0,42.6,36.8,19.8,35.72
631830.0,3402730.0,42.6,36.8,19.8,35.72
631930.0,3402730.0,42.6,36.8,19.8,35.72
632030.0,3402730.0,42.6,36.8,19.8,35.72
632130.0,3402730.0,42.6,36.8,19.8,35.72
632230.0,3402730.0,42.6,36.8,19.8,35.72
632330.0,3402730.0,42.6,36.8,19.8,35.72
632430.0,3402730.0,42.6,36.8,19.8,35.72
632530.0,3402730.0,42.6,36.8,19.8,35.72
632630.0,3402730.0,42.6,36.8,19.8,35.72
632730.0,3402730.0,42.6,36.8,19.8,35.72
632830.0,3402730.0,42.6,36.8,19.8,35.72
624130.0,3402630.0,42.6,36.8,19.8,35.72
624230.0,3402630.0,42.6,36.8,19.8,35.72
624330.0,3402630.0,42.6,36.8,19.8,35.72
624430.0,3402630.0,42.6,36.8,19.8,35.72
624530.0,3402630.0,42.6,36.8,19.8,35.72
624630.0,3402630.0,42.6,36.8,19.8,35.72
624730.0,3402630.0,42.6,36.8,19.8,35.72
624830.0,3402630.0,42.6,36.8,19.8,35.72
624930.0,3402630.0,42.6,36.8,19.8,35.72
625030.0,3402630.0,42.6,36.8,19.8,35.72
625130.0,3402630.0,42.6,36.8,19.8,35.72
625230.0,3402630.0,42.6,36.8,19.8,35.72
625330.0,3402630.0,42.6,36.8,19.8,35.72
625430.0,3402630.0,42.6,36.8,19.8,35.72
625530.0,3402630.0,42.6,36.8,19.8,35.72
625630.0,3402630.0,42.6,36.8,19.8,35.72
625730.0,3402630.0,42.6,36.8,19.8,35.72
625830.0,3402630.0,42.6,36.8,19.8,35.72
625930.0,3402630.0,42.6,36.8,19.8,35.72
626030.0,3402630.0,42.6,36.8,19.8,35.72
626130.0,3402630.0,42.6,36.8,19.8,35.72
626230.0,3402630.0,42.6,36.8,19.8,35.72
626330.0,3402630.0,42.6,36.8,19.8,35.72
626430.0,3402630.0,42.6,36.8,19.8,35.72
626530.0,3402630.0,42.6,36.8,19.8,35.72
626630.0,3402630.0,42.6,36.8,19.8,35.72
626730.0,3402630.0,42.6,36.8,19.8,35.72
626830.0,3402630.0,42.6,36.8,19.8,35.72
626930.0,3402630.0,42.6,36.8,19.8,35.72
627030.0,3402630.0,42.6,36.8,19.8,35.72
627130.0,3402630.0,42.6,36.8,19.8,35.72
627230.0,3402630.0,42.6,36.8,19.8,35.72
627330.0,3402630.0,42.6,36.8,19.8,35.72
627430.0,3402630.0,42.6,36.8,19.8,35.72
627530.0,3402630.0,42.6,36.8,19.8,35.72
627630.0,3402630.0,42.6,36.8,19.8,35.72
627730.0,3402630.0,42.6,36.8,19.8,35.72
627830.0,3402630.0,42.6,36.8,19.8,35.72
627930.0,3402630.0,42.6,36.8,19.8,35.72
628030.0,3402630.0,42.6,36.8,19.8,35.72
628130.0,3402630.0,42.6,36.8,19.8,35.72
628230.0,3402630.0,42.6,36.8,19.8,35.72
628330.0,3402630.0,42.6,36.8,19.8,35.72
628430.0,3402630.0,42.6,36.8,19.8,35.72
628530.0,3402630.0,42.6,36.8,19.8,35.72
628630.0,3402630.0,42.6,36.8,19.8,35.72
628730.0,3402630.0,42.6,36.8,19.8,35.72
628830.0,3402630.0,42.6,36.8,19.8,35.72
628930.0,3402630.0,42.6,36.8,19.8,35.72
629030.0,3402630.0,42.6,36.8,19.8,35.72
629130.0,3402630.0,42.6,36.8,19.8,35.72
629230.0,3402630.0,42.6,36.8,19.8,35.72
629330.0,3402630.0,42.6,36.8,19.8,35.72
629430.0,3402630.0,42.6,36.8,19.8,35.72
629530.0,3402630.0,42.6,36.8,19.8,35.72
629630.0,3402630.0,42.6,36.8,19.8,35.72
629730.0,3402630.0,42.6,36.8,19.8,35.72
629830.0,3402630.0,42.6,36.8,19.8,35.72
629930.0,3402630.0,42.6,36.8,19.8,35.72
630030.0,3402630.0,42.6,36.8,19.8,35.72
630130.0,3402630.0,42.6,36.8,19.8,35.72
630230.0,3402630.0,42.6,36.8,19.8,35.72
630330.0,3402630.0,42.6,36.8,19.8,35.72
630430.0,3402630.0,42.6,36.8,19.8,35.72
630530.0,3402630.0,42.6,36.8,19.8,35.72
630630.0,3402630.0,42.6,36.8,19.8,35.72
630730.0,3402630.0,42.6,36.8,19.8,35.72
630830.0,3402630.0,42.6,36.8,19.8,35.72
630930.0,3402630.0,42.6,36.8,19.8,35.72
631030.0,3402630.0,42.6,36.8,19.8,35.72
631130.0,3402630.0,42.6,36.8,19.8,35.72
631230.0,3402630.0,42.6,36.8,19.8,35.72
631330.0,3402630.0,42.6,36.8,19.8,35.72
631430.0,3402630.0,42.6,36.8,19.8,35.72
631530.0,3402630.0,42.6,36.8,19.8,35.72
631630.0,3402630.0,42.6,36.8,19.8,35.72
631730.0,3402630.0,42.6,36.8,19.8,35.72
631830.0,3402630.0,42.6,36.8,19.8,35.72
631930.0,3402630.0,42.6,36.8,19.8,35.72
632030.0,3402630.0,42.6,36.8,19.8,35.72
632130.0,3402630.0,42.6,36.8,19.8,35.72
632230.0,3402630.0,42.6,36.8,19.8,35.72
632330.0,3402630.0,42.6,36.8,19.8,35.72
632430.0,3402630.0,42.6,36.8,19.8,35.72
632530.0,3402630.0,42.6,36.8,19.8,35.72
632630.0,3402630.0,42.6,36.8,19.8,35.72
632730.0,3402630.0,42.6,36.8,19.8,35.72
632830.0,3402630.0,42.6,36.8,19.8,35.72
623830.0,3402530.0,42.6,36.8,19.8,35.72
623930.0,3402530.0,42.6,36.8,19.8,35.72
624030.0,3402530.0,42.6,36.8,19.8,35.72
624130.0,3402530.0,42.6,36.8,19.8,35.72
624230.0,3402530.0,42.6,36.8,19.8,35.72
624330.0,3402530.0,42.6,36.8,19.8,35.72
624430.0,3402530.0,42.6,36.8,19.8,35.72
624530.0,3402530.0,42.6,36.8,19.8,35.72
624630.0,3402530.0,42.6,36.8,19.8,35.72
624730.0,3402530.0,42.6,36.8,19.8,35.72
624830.0,3402530.0,42.6,36.8,19.8,35.72
624930.0,3402530.0,42.6,36.8,19.8,35.72
625030.0,3402530.0,42.6,36.8,19.8,35.72
625130.0,3402530.0,42.6,36.8,19.8,35.72
625230.0,3402530.0,42.6,36.8,19.8,35.72
625330.0,3402530.0,42.6,36.8,19.8,35.72
625430.0,3402530.0,42.6,36.8,19.8,35.72
625530.0,3402530.0,42.6,36.8,19.8,35.72
625630.0,3402530.0,42.6,36.8,19.8,35.72
625730.0,3402530.0,42.6,36.8,19.8,35.72
625830.0,3402530.0,42.6,36.8,19.8,35.72
625930.0,3402530.0,42.6,36.8,19.8,35.72
626030.0,3402530.0,42.6,36.8,19.8,35.72
626130.0,3402530.0,42.6,36.8,19.8,35.72
626230.0,3402530.0,42.6,36.8,19.8,35.72
626330.0,3402530.0,42.6,36.8,19.8,35.72
626430.0,3402530.0,42.6,36.8,19.8,35.72
626530.0,3402530.0,42.6,36.8,19.8,35.72
626630.0,3402530.0,42.6,36.8,19.8,35.72
626730.0,3402530.0,42.6,36.8,19.8,35.72
626830.0,3402530.0,42.6,36.8,19.8,35.72
626930.0,3402530.0,42.6,36.8,19.8,35.72
627030.0,3402530.0,42.6,36.8,19.8,35.72
627130.0,3402530.0,42.6,36.8,19.8,35.72
627230.0,3402530.0,42.6,36.8,19.8,35.72
627330.0,3402530.0,42.6,36.8,19.8,35.72
627430.0,3402530.0,42.6,36.8,19.8,35.72
627530.0,3402530.0,42.6,36.8,19.8,35.72
627630.0,3402530.0,42.6,36.8,19.8,35.72
627730.0,3402530.0,42.6,36.8,19.8,35.72
627830.0,3402530.0,42.6,36.8,19.8,35.72
627930.0,3402530.0,42.6,36.8,19.8,35.72
628030.0,3402530.0,42.6,36.8,19.8,35.72
628130.0,3402530.0,42.6,36.8,19.8,35.72
628230.0,3402530.0,42.6,36.8,19.8,35.72
628330.0,3402530.0,42.6,36.8,19.8,35.72
628430.0,3402530.0,42.6,36.8,19.8,35.72
628530.0,3402530.0,42.6,36.8,19.8,35.72
628630.0,3402530.0,42.6,36.8,19.8,35.72
628730.0,3402530.0,42.6,36.8,19.8,35.72
628830.0,3402530.0,42.6,36.8,19.8,35.72
628930.0,3402530.0,42.6,36.8,19.8,35.72
629030.0,3402530.0,42.6,36.8,19.8,35.72
629130.0,3402530.0,42.6,36.8,19.8,35.72
629230.0,3402530.0,42.6,36.8,19.8,35.72
629330.0,3402530.0,42.6,36.8,19.8,35.72
629430.0,3402530.0,42.6,36.8,19.8,35.72
629530.0,3402530.0,42.6,36.8,19.8,35.72
629630.0,3402530.0,42.6,36.8,19.8,35.72
629730.0,3402530.0,42.6,36.8,19.8,35.72
629830.0,3402530.0,42.6,36.8,19.8,35.72
629930.0,3402530.0,42.6,36.8,19.8,35.72
630030.0,3402530.0,42.6,36.8,19.8,35.72
630130.0,3402530.0,42.6,36.8,19.8,35.72
630230.0,3402530.0,42.6,36.8,19.8,35.72
630330.0,3402530.0,42.6,36.8,19.8,35.72
630430.0,3402530.0,42.6,36.8,19.8,35.72
630530.0,3402530.0,42.6,36.8,19.8,35.72
630630.0,3402530.0,42.6,36.8,19.8,35.72
630730.0,3402530.0,42.6,36.8,19.8,35.72
630830.0,3402530.0,42.6,36.8,19.8,35.72
630930.0,3402530.0,42.6,36.8,19.8,35.72
631030.0,3402530.0,42.6,36.8,19.8,35.72
631130.0,3402530.0,42.6,36.8,19.8,35.72
631230.0,3402530.0,42.6,36.8,19.8,35.72
631330.0,3402530.0,42.6,36.8,19.8,35.72
631430.0,3402530.0,42.6,36.8,19.8,35.72
631530.0,3402530.0,42.6,36.8,19.8,35.72
631630.0,3402530.0,42.6,36.8,19.8,35.72
631730.0,3402530.0,42.6,36.8,19.8,35.72
631830.0,3402530.0,42.6,36.8,19.8,35.72
631930.0,3402530.0,42.6,36.8,19.8,35.72
632030.0,3402530.0,42.6,36.8,19.8,35.72
632130.0,3402530.0,42.6,36.8,19.8,35.72
632230.0,3402530.0,42.6,36.8,19.8,35.72
632330.0,3402530.0,42.6,36.8,19.8,35.72
632430.0,3402530.0,42.6,36.8,19.8,35.72
632530.0,3402530.0,42.6,36.8,19.8,35.72
632630.0,3402530.0,42.6,36.8,19.8,35.72
632730.0,3402530.0,42.6,36.8,19.8,35.72
632830.0,3402530.0,42.6,36.8,19.8,35.72
623630.0,3402430.0,42.6,36.8,19.8,35.72
623730.0,3402430.0,42.6,36.8,19.8,35.72
623830.0,3402430.0,42.6,36.8,19.8,35.72
623930.0,3402430.0,42.6,36.8,19.8,35.72
624030.0,3402430.0,42.6,36.8,19.8,35.72
624130.0,3402430.0,42.6,36.8,19.8,35.72
624230.0,3402430.0,42.6,36.8,19.8,35.72
624330.0,3402430.0,42.6,36.8,19.8,35.72
624430.0,3402430.0,42.6,36.8,19.8,35.72
624530.0,3402430.0,42.6,36.8,19.8,35.72
624630.0,3402430.0,42.6,36.8,19.8,35.72
624730.0,3402430.0,42.6,36.8,19.8,35.72
624830.0,3402430.0,42.6,36.8,19.8,35.72
624930.0,3402430.0,42.6,36.8,19.8,35.72
625030.0,3402430.0,42.6,36.8,19.8,35.72
625130.0,3402430.0,42.6,36.8,19.8,35.72
625230.0,3402430.0,42.6,36.8,19.8,35.72
625330.0,3402430.0,42.6,36.8,19.8,35.72
625430.0,3402430.0,42.6,36.8,19.8,35.72
625530.0,3402430.0,42.6,36.8,19.8,35.72
625630.0,3402430.0,42.6,36.8,19.8,35.72
625730.0,3402430.0,42.6,36.8,19.8,35.72
625830.0,3402430.0,42.6,36.8,19.8,35.72
625930.0,3402430.0,42.6,36.8,19.8,35.72
626030.0,3402430.0,42.6,36.8,19.8,35.72
626130.0,3402430.0,42.6,36.8,19.8,35.72
626230.0,3402430.0,42.6,36.8,19.8,35.72
626330.0,3402430.0,42.6,36.8,19.8,35.72
626430.0,3402430.0,42.6,36.8,19.8,35.72
626530.0,3402430.0,42.6,36.8,19.8,35.72
626630.0,3402430.0,42.6,36.8,19.8,35.72
626730.0,3402430.0,42.6,36.8,19.8,35.72
626830.0,3402430.0,42.6,36.8,19.8,35.72
626930.0,3402430.0,42.6,36.8,19.8,35.72
627030.0,3402430.0,42.6,36.8,19.8,35.72
627130.0,3402430.0,42.6,36.8,19.8,35.72
627230.0,3402430.0,42.6,36.8,19.8,35.72
627330.0,3402430.0,42.6,36.8,19.8,35.72
627430.0,3402430.0,42.6,36.8,19.8,35.72
627530.0,3402430.0,42.6,36.8,19.8,35.72
627630.0,3402430.0,42.6,36.8,19.8,35.72
627730.0,3402430.0,42.6,36.8,19.8,35.72
627830.0,3402430.0,42.6,36.8,19.8,35.72
627930.0,3402430.0,42.6,36.8,19.8,35.72
628030.0,3402430.0,42.6,36.8,19.8,35.72
628130.0,3402430.0,42.6,36.8,19.8,35.72
628230.0,3402430.0,42.6,36.8,19.8,35.72
628330.0,3402430.0,42.6,36.8,19.8,35.72
628430.0,3402430.0,42.6,36.8,19.8,35.72
628530.0,3402430.0,42.6,36.8,19.8,35.72
628630.0,3402430.0,42.6,36.8,19.8,35.72
628730.0,3402430.0,42.6,36.8,19.8,35.72
628830.0,3402430.0,42.6,36.8,19.8,35.72
628930.0,3402430.0,42.6,36.8,19.8,35.72
629030.0,3402430.0,42.6,36.8,19.8,35.72
629130.0,3402430.0,42.6,36.8,19.8,35.72
629230.0,3402430.0,42.6,36.8,19.8,35.72
629330.0,3402430.0,42.6,36.8,19.8,35.72
629430.0,3402430.0,42.6,36.8,19.8,35.72
629530.0,3402430.0,42.6,36.8,19.8,35.72
629630.0,3402430.0,42.6,36.8,19.8,35.72
629730.0,3402430.0,42.6,36.8,19.8,35.72
629830.0,3402430.0,42.6,36.8,19.8,35.72
629930.0,3402430.0,42.6,36.8,19.8,35.72
630030.0,3402430.0,42.6,36.8,19.8,35.72
630130.0,3402430.0,42.6,36.8,19.8,35.72
630230.0,3402430.0,42.6,36.8,19.8,35.72
630330.0,3402430.0,42.6,36.8,19.8,35.72
630430.0,3402430.0,42.6,36.8,19.8,35.72
630530.0,3402430.0,42.6,36.8,19.8,35.72
630630.0,3402430.0,42.6,36.8,19.8,35.72
630730.0,3402430.0,42.6,36.8,19.8,35.72
630830.0,3402430.0,42.6,36.8,19.8,35.72
630930.0,3402430.0,42.6,36.8,19.8,35.72
631030.0,3402430.0,42.6,36.8,19.8,35.72
631130.0,3402430.0,42.6,36.8,19.8,35.72
631230.0,3402430.0,42.6,36.8,19.8,35.72
631330.0,3402430.0,42.6,36.8,19.8,35.72
631430.0,3402430.0,42.6,36.8,19.8,35.72
631530.0,3402430.0,42.6,36.8,19.8,35.72
631630.0,3402430.0,42.6,36.8,19.8,35.72
631730.0,3402430.0,42.6,36.8,19.8,35.72
631830.0,3402430.0,42.6,36.8,19.8,35.72
631930.0,3402430.0,42.6,36.8,19.8,35.72
632030.0,3402430.0,42.6,36.8,19.8,35.72
632130.0,3402430.0,42.6,36.8,19.8,35.72
632230.0,3402430.0,42.6,36.8,19.8,35.72
632330.0,3402430.0,42.6,36.8,19.8,35.72
632430.0,3402430.0,42.6,36.8,19.8,35.72
632530.0,3402430.0,42.6,36.8,19.8,35.72
632630.0,3402430.0,42.6,36.8,19.8,35.72
632730.0,3402430.0,42.6,36.8,19.8,35.72
632830.0,3402430.0,42.6,36.8,19.8,35.72
623530.0,3402330.0,42.6,36.8,19.8,35.72
623630.0,3402330.0,42.6,36.8,19.8,35.72
623730.0,3402330.0,42.6,36.8,19.8,35.72
623830.0,3402330.0,42.6,36.8,19.8,35.72
623930.0,3402330.0,42.6,36.8,19.8,35.72
624030.0,3402330.0,42.6,36.8,19.8,35.72
624130.0,3402330.0,42.6,36.8,19.8,35.72
624230.0,3402330.0,42.6,36.8,19.8,35.72
624330.0,3402330.0,42.6,36.8,19.8,35.72
624430.0,3402330.0,42.6,36.8,19.8,35.72
624530.0,3402330.0,42.6,36.8,19.8,35.72
624630.0,3402330.0,42.6,36.8,19.8,35.72
624730.0,3402330.0,42.6,36.8,19.8,35.72
624830.0,3402330.0,42.6,36.8,19.8,35.72
624930.0,3402330.0,42.6,36.8,19.8,35.72
625030.0,3402330.0,42.6,36.8,19.8,35.72
625130.0,3402330.0,42.6,36.8,19.8,35.72
625230.0,3402330.0,42.6,36.8,19.8,35.72
625330.0,3402330.0,42.6,36.8,19.8,35.72
625430.0,3402330.0,42.6,36.8,19.8,35.72
625530.0,3402330.0,42.6,36.8,19.8,35.72
625630.0,3402330.0,42.6,36.8,19.8,35.72
625730.0,3402330.0,42.6,36.8,19.8,35.72
625830.0,3402330.0,42.6,36.8,19.8,35.72
625930.0,3402330.0,42.6,36.8,19.8,35.72
626030.0,3402330.0,42.6,36.8,19.8,35.72
626130.0,3402330.0,42.6,36.8,19.8,35.72
626230.0,3402330.0,42.6,36.8,19.8,35.72
626330.0,3402330.0,42.6,36.8,19.8,35.72
626430.0,3402330.0,42.6,36.8,19.8,35.72
626530.0,3402330.0,42.6,36.8,19.8,35.72
626630.0,3402330.0,42.6,36.8,19.8,35.72
626730.0,3402330.0,42.6,36.8,19.8,35.72
626830.0,3402330.0,42.6,36.8,19.8,35.72
626930.0,3402330.0,42.6,36.8,19.8,35.72
627030.0,3402330.0,42.6,36.8,19.8,35.72
627130.0,3402330.0,42.6,36.8,19.8,35.72
627230.0,3402330.0,42.6,36.8,19.8,35.72
627330.0,3402330.0,42.6,36.8,19.8,35.72
627430.0,3402330.0,42.6,36.8,19.8,35.72
627530.0,3402330.0,42.6,36.8,19.8,35.72
627630.0,3402330.0,42.6,36.8,19.8,35.72
627730.0,3402330.0,42.6,36.8,19.8,35.72
627830.0,3402330.0,42.6,36.8,19.8,35.72
627930.0,3402330.0,42.6,36.8,19.8,35.72
628030.0,3402330.0,42.6,36.8,19.8,35.72
628130.0,3402330.0,42.6,36.8,19.8,35.72
628230.0,3402330.0,42.6,36.8,19.8,35.72
628330.0,3402330.0,42.6,36.8,19.8,35.72
628430.0,3402330.0,42.6,36.8,19.8,35.72
628530.0,3402330.0,42.6,36.8,19.8,35.72
628630.0,3402330.0,42.6,36.8,19.8,35.72
628730.0,3402330.0,42.6,36.8,19.8,35.72
628830.0,3402330.0,42.6,36.8,19.8,35.72
628930.0,3402330.0,42.6,36.8,19.8,35.72
629030.0,3402330.0,42.6,36.8,19.8,35.72
629130.0,3402330.0,42.6,36.8,19.8,35.72
629230.0,3402330.0,42.6,36.8,19.8,35.72
629330.0,3402330.0,42.6,36.8,19.8,35.72
629430.0,3402330.0,42.6,36.8,19.8,35.72
629530.0,3402330.0,42.6,36.8,19.8,35.72
629630.0,3402330.0,42.6,36.8,19.8,35.72
629730.0,3402330.0,42.6,36.8,19.8,35.72
629830.0,3402330.0,42.6,36.8,19.8,35.72
629930.0,3402330.0,42.6,36.8,19.8,35.72
630030.0,3402330.0,42.6,36.8,19.8,35.72
630130.0,3402330.0,42.6,36.8,19.8,35.72
630230.0,3402330.0,42.6,36.8,19.8,35.72
630330.0,3402330.0,42.6,36.8,19.8,35.72
630430.0,3402330.0,42.6,36.8,19.8,35.72
630530.0,3402330.0,42.6,36.8,19.8,35.72
630630.0,3402330.0,42.6,36.8,19.8,35.72
630730.0,3402330.0,42.6,36.8,19.8,35.72
630830.0,3402330.0,42.6,36.8,19.8,35.72
630930.0,3402330.0,42.6,36.8,19.8,35.72
631030.0,3402330.0,42.6,36.8,19.8,35.72
631130.0,3402330.0,42.6,36.8,19.8,35.72
631230.0,3402330.0,42.6,36.8,19.8,35.72
631330.0,3402330.0,42.6,36.8,19.8,35.72
631430.0,3402330.0,42.6,36.8,19.8,35.72
631530.0,3402330.0,42.6,36.8,19.8,35.72
631630.0,3402330.0,42.6,36.8,19.8,35.72
631730.0,3402330.0,42.6,36.8,19.8,35.72
631830.0,3402330.0,42.6,36.8,19.8,35.72
631930.0,3402330.0,42.6,36.8,19.8,35.72
632030.0,3402330.0,42.6,36.8,19.8,35.72
632130.0,3402330.0,42.6,36.8,19.8,35.72
632230.0,3402330.0,42.6,36.8,19.8,35.72
632330.0,3402330.0,42.6,36.8,19.8,35.72
632430.0,3402330.0,42.6,36.8,19.8,35.72
632530.0,3402330.0,42.6,36.8,19.8,35.72
632630.0,3402330.0,42.6,36.8,19.8,35.72
632730.0,3402330.0,42.6,36.8,19.8,35.72
623230.0,3402230.0,42.6,36.8,19.8,35.72
623330.0,3402230.0,42.6,36.8,19.8,35.72
623430.0,3402230.0,42.6,36.8,19.8,35.72
623530.0,3402230.0,42.6,36.8,19.8,35.72
623630.0,3402230.0,42.6,36.8,19.8,35.72
623730.0,3402230.0,42.6,36.8,19.8,35.72
623830.0,3402230.0,42.6,36.8,19.8,35.72
623930.0,3402230.0,42.6,36.8,19.8,35.72
624030.0,3402230.0,42.6,36.8,19.8,35.72
624130.0,3402230.0,42.6,36.8,19.8,35.72
624230.0,3402230.0,42.6,36.8,19.8,35.72
624330.0,3402230.0,42.6,36.8,19.8,35.72
624430.0,3402230.0,42.6,36.8,19.8,35.72
624530.0,3402230.0,42.6,36.8,19.8,35.72
624630.0,3402230.0,42.6,36.8,19.8,35.72
624730.0,3402230.0,42.6,36.8,19.8,35.72
624830.0,3402230.0,42.6,36.8,19.8,35.72
624930.0,3402230.0,42.6,36.8,19.8,35.72
625030.0,3402230.0,42.6,36.8,19.8,35.72
625130.0,3402230.0,42.6,36.8,19.8,35.72
625230.0,3402230.0,42.6,36.8,19.8,35.72
625330.0,3402230.0,42.6,36.8,19.8,35.72
625430.0,3402230.0,42.6,36.8,19.8,35.72
625530.0,3402230.0,42.6,36.8,19.8,35.72
625630.0,3402230.0,42.6,36.8,19.8,35.72
625730.0,3402230.0,42.6,36.8,19.8,35.72
625830.0,3402230.0,42.6,36.8,19.8,35.72
625930.0,3402230.0,42.6,36.8,19.8,35.72
626030.0,3402230.0,42.6,36.8,19.8,35.72
626130.0,3402230.0,42.6,36.8,19.8,35.72
626230.0,3402230.0,42.6,36.8,19.8,35.72
626330.0,3402230.0,42.6,36.8,19.8,35.72
626430.0,3402230.0,42.6,36.8,19.8,35.72
626530.0,3402230.0,42.6,36.8,19.8,35.72
626630.0,3402230.0,42.6,36.8,19.8,35.72
626730.0,3402230.0,42.6,36.8,19.8,35.72
626830.0,3402230.0,42.6,36.8,19.8,35.72
626930.0,3402230.0,42.6,36.8,19.8,35.72
627030.0,3402230.0,42.6,36.8,19.8,35.72
627130.0,3402230.0,42.6,36.8,19.8,35.72
627230.0,3402230.0,42.6,36.8,19.8,35.72
627330.0,3402230.0,42.6,36.8,19.8,35.72
627430.0,3402230.0,42.6,36.8,19.8,35.72
627530.0,3402230.0,42.6,36.8,19.8,35.72
627630.0,3402230.0,42.6,36.8,19.8,35.72
627730.0,3402230.0,42.6,36.8,19.8,35.72
627830.0,3402230.0,42.6,36.8,19.8,35.72
627930.0,3402230.0,42.6,36.8,19.8,35.72
628030.0,3402230.0,42.6,36.8,19.8,35.72
628130.0,3402230.0,42.6,36.8,19.8,35.72
628230.0,3402230.0,42.6,36.8,19.8,35.72
628330.0,3402230.0,42.6,36.8,19.8,35.72
628430.0,3402230.0,42.6,36.8,19.8,35.72
628530.0,3402230.0,42.6,36.8,19.8,35.72
628630.0,3402230.0,42.6,36.8,19.8,35.72
628730.0,3402230.0,42.6,36.8,19.8,35.72
628830.0,3402230.0,42.6,36.8,19.8,35.72
628930.0,3402230.0,42.6,36.8,19.8,35.72
629030.0,3402230.0,42.6,36.8,19.8,35.72
629130.0,3402230.0,42.6,36.8,19.8,35.72
629230.0,3402230.0,42.6,36.8,19.8,35.72
629330.0,3402230.0,42.6,36.8,19.8,35.72
629430.0,3402230.0,42.6,36.8,19.8,35.72
629530.0,3402230.0,42.6,36.8,19.8,35.72
629630.0,3402230.0,42.6,36.8,19.8,35.72
629730.0,3402230.0,42.6,36.8,19.8,35.72
629830.0,3402230.0,42.6,36.8,19.8,35.72
629930.0,3402230.0,42.6,36.8,19.8,35.72
630030.0,3402230.0,42.6,36.8,19.8,35.72
630130.0,3402230.0,42.6,36.8,19.8,35.72
630230.0,3402230.0,42.6,36.8,19.8,35.72
630330.0,3402230.0,42.6,36.8,19.8,35.72
630430.0,3402230.0,42.6,36.8,19.8,35.72
630530.0,3402230.0,42.6,36.8,19.8,35.72
630630.0,3402230.0,42.6,36.8,19.8,35.72
630730.0,3402230.0,42.6,36.8,19.8,35.72
630830.0,3402230.0,42.6,36.8,19.8,35.72
630930.0,3402230.0,42.6,36.8,19.8,35.72
631030.0,3402230.0,42.6,36.8,19.8,35.72
631130.0,3402230.0,42.6,36.8,19.8,35.72
631230.0,3402230.0,42.6,36.8,19.8,35.72
631330.0,3402230.0,42.6,36.8,19.8,35.72
631430.0,3402230.0,42.6,36.8,19.8,35.72
631530.0,3402230.0,42.6,36.8,19.8,35.72
631630.0,3402230.0,42.6,36.8,19.8,35.72
631730.0,3402230.0,42.6,36.8,19.8,35.72
631830.0,3402230.0,42.6,36.8,19.8,35.72
631930.0,3402230.0,42.6,36.8,19.8,35.72
632030.0,3402230.0,42.6,36.8,19.8,35.72
632130.0,3402230.0,42.6,36.8,19.8,35.72
632230.0,3402230.0,42.6,36.8,19.8,35.72
622730.0,3402130.0,42.6,36.8,19.8,35.72
622830.0,3402130.0,42.6,36.8,19.8,35.72
622930.0,3402130.0,42.6,36.8,19.8,35.72
623030.0,3402130.0,42.6,36.8,19.8,35.72
623130.0,3402130.0,42.6,36.8,19.8,35.72
623230.0,3402130.0,42.6,36.8,19.8,35.72
623330.0,3402130.0,42.6,36.8,19.8,35.72
623430.0,3402130.0,42.6,36.8,19.8,35.72
623530.0,3402130.0,42.6,36.8,19.8,35.72
623630.0,3402130.0,42.6,36.8,19.8,35.72
623730.0,3402130.0,42.6,36.8,19.8,35.72
623830.0,3402130.0,42.6,36.8,19.8,35.72
623930.0,3402130.0,42.6,36.8,19.8,35.72
624030.0,3402130.0,42.6,36.8,19.8,35.72
624130.0,3402130.0,42.6,36.8,19.8,35.72
624230.0,3402130.0,42.6,36.8,19.8,35.72
624330.0,3402130.0,42.6,36.8,19.8,35.72
624430.0,3402130.0,42.6,36.8,19.8,35.72
624530.0,3402130.0,42.6,36.8,19.8,35.72
624630.0,3402130.0,42.6,36.8,19.8,35.72
624730.0,3402130.0,42.6,36.8,19.8,35.72
624830.0,3402130.0,42.6,36.8,19.8,35.72
624930.0,3402130.0,42.6,36.8,19.8,35.72
625030.0,3402130.0,42.6,36.8,19.8,35.72
625130.0,3402130.0,42.6,36.8,19.8,35.72
625230.0,3402130.0,42.6,36.8,19.8,35.72
625330.0,3402130.0,42.6,36.8,19.8,35.72
625430.0,3402130.0,42.6,36.8,19.8,35.72
625530.0,3402130.0,42.6,36.8,19.8,35.72
625630.0,3402130.0,42.6,36.8,19.8,35.72
625730.0,3402130.0,42.6,36.8,19.8,35.72
625830.0,3402130.0,42.6,36.8,19.8,35.72
625930.0,3402130.0,42.6,36.8,19.8,35.72
626030.0,3402130.0,42.6,36.8,19.8,35.72
626130.0,3402130.0,42.6,36.8,19.8,35.72
626230.0,3402130.0,42.6,36.8,19.8,35.72
626330.0,3402130.0,42.6,36.8,19.8,35.72
626430.0,3402130.0,42.6,36.8,19.8,35.72
626530.0,3402130.0,42.6,36.8,19.8,35.72
626630.0,3402130.0,42.6,36.8,19.8,35.72
626730.0,3402130.0,42.6,36.8,19.8,35.72
626830.0,3402130.0,42.6,36.8,19.8,35.72
626930.0,3402130.0,42.6,36.8,19.8,35.72
627030.0,3402130.0,42.6,36.8,19.8,35.72
627130.0,3402130.0,42.6,36.8,19.8,35.72
627230.0,3402130.0,42.6,36.8,19.8,35.72
627330.0,3402130.0,42.6,36.8,19.8,35.72
627430.0,3402130.0,42.6,36.8,19.8,35.72
627530.0,3402130.0,42.6,36.8,19.8,35.72
627630.0,3402130.0,42.6,36.8,19.8,35.72
627730.0,3402130.0,42.6,36.8,19.8,35.72
627830.0,3402130.0,42.6,36.8,19.8,35.72
627930.0,3402130.0,42.6,36.8,19.8,35.72
628030.0,3402130.0,42.6,36.8,19.8,35.72
628130.0,3402130.0,42.6,36.8,19.8,35.72
628230.0,3402130.0,42.6,36.8,19.8,35.72
628330.0,3402130.0,42.6,36.8,19.8,35.72
628430.0,3402130.0,42.6,36.8,19.8,35.72
628530.0,3402130.0,42.6,36.8,19.8,35.72
628630.0,3402130.0,42.6,36.8,19.8,35.72
628730.0,3402130.0,42.6,36.8,19.8,35.72
628830.0,3402130.0,42.6,36.8,19.8,35.72
628930.0,3402130.0,42.6,36.8,19.8,35.72
629030.0,3402130.0,42.6,36.8,19.8,35.72
629130.0,3402130.0,42.6,36.8,19.8,35.72
629230.0,3402130.0,42.6,36.8,19.8,35.72
629330.0,3402130.0,42.6,36.8,19.8,35.72
629430.0,3402130.0,42.6,36.8,19.8,35.72
629530.0,3402130.0,42.6,36.8,19.8,35.72
629630.0,3402130.0,42.6,36.8,19.8,35.72
629730.0,3402130.0,42.6,36.8,19.8,35.72
629830.0,3402130.0,42.6,36.8,19.8,35.72
629930.0,3402130.0,42.6,36.8,19.8,35.72
630030.0,3402130.0,42.6,36.8,19.8,35.72
630130.0,3402130.0,42.6,36.8,19.8,35.72
630230.0,3402130.0,42.6,36.8,19.8,35.72
630330.0,3402130.0,42.6,36.8,19.8,35.72
630430.0,3402130.0,42.6,36.8,19.8,35.72
630530.0,3402130.0,42.6,36.8,19.8,35.72
630630.0,3402130.0,42.6,36.8,19.8,35.72
630730.0,3402130.0,42.6,36.8,19.8,35.72
630830.0,3402130.0,42.6,36.8,19.8,35.72
630930.0,3402130.0,42.6,36.8,19.8,35.72
631030.0,3402130.0,42.6,36.8,19.8,35.72
631130.0,3402130.0,42.6,36.8,19.8,35.72
631230.0,3402130.0,42.6,36.8,19.8,35.72
631330.0,3402130.0,42.6,36.8,19.8,35.72
631430.0,3402130.0,42.6,36.8,19.8,35.72
631530.0,3402130.0,42.6,36.8,19.8,35.72
631630.0,3402130.0,42.6,36.8,19.8,35.72
631730.0,3402130.0,42.6,36.8,19.8,35.72
631830.0,3402130.0,42.6,36.8,19.8,35.72
631930.0,3402130.0,42.6,36.8,19.8,35.72
632030.0,3402130.0,42.6,36.8,19.8,35.72
632130.0,3402130.0,42.6,36.8,19.8,35.72
632230.0,3402130.0,42.6,36.8,19.8,35.72
622730.0,3402030.0,42.6,36.8,19.8,35.72
622830.0,3402030.0,42.6,36.8,19.8,35.72
622930.0,3402030.0,42.6,36.8,19.8,35.72
623030.0,3402030.0,42.6,36.8,19.8,35.72
623130.0,3402030.0,42.6,36.8,19.8,35.72
623230.0,3402030.0,42.6,36.8,19.8,35.72
623330.0,3402030.0,42.6,36.8,19.8,35.72
623430.0,3402030.0,42.6,36.8,19.8,35.72
623530.0,3402030.0,42.6,36.8,19.8,35.72
623630.0,3402030.0,42.6,36.8,19.8,35.72
623730.0,3402030.0,42.6,36.8,19.8,35.72
623830.0,3402030.0,42.6,36.8,19.8,35.72
623930.0,3402030.0,42.6,36.8,19.8,35.72
624030.0,3402030.0,42.6,36.8,19.8,35.72
624130.0,3402030.0,42.6,36.8,19.8,35.72
624230.0,3402030.0,42.6,36.8,19.8,35.72
624330.0,3402030.0,42.6,36.8,19.8,35.72
624430.0,3402030.0,42.6,36.8,19.8,35.72
624530.0,3402030.0,42.6,36.8,19.8,35.72
624630.0,3402030.0,42.6,36.8,19.8,35.72
624730.0,3402030.0,42.6,36.8,19.8,35.72
624830.0,3402030.0,42.6,36.8,19.8,35.72
624930.0,3402030.0,42.6,36.8,19.8,35.72
625030.0,3402030.0,42.6,36.8,19.8,35.72
625130.0,3402030.0,42.6,36.8,19.8,35.72
625230.0,3402030.0,42.6,36.8,19.8,35.72
625330.0,3402030.0,42.6,36.8,19.8,35.72
625430.0,3402030.0,42.6,36.8,19.8,35.72
625530.0,3402030.0,42.6,36.8,19.8,35.72
625630.0,3402030.0,42.6,36.8,19.8,35.72
625730.0,3402030.0,42.6,36.8,19.8,35.72
625830.0,3402030.0,42.6,36.8,19.8,35.72
625930.0,3402030.0,42.6,36.8,19.8,35.72
626030.0,3402030.0,42.6,36.8,19.8,35.72
626130.0,3402030.0,42.6,36.8,19.8,35.72
626230.0,3402030.0,42.6,36.8,19.8,35.72
626330.0,3402030.0,42.6,36.8,19.8,35.72
626430.0,3402030.0,42.6,36.8,19.8,35.72
626530.0,3402030.0,42.6,36.8,19.8,35.72
626630.0,3402030.0,42.6,36.8,19.8,35.72
626730.0,3402030.0,42.6,36.8,19.8,35.72
626830.0,3402030.0,42.6,36.8,19.8,35.72
626930.0,3402030.0,42.6,36.8,19.8,35.72
627030.0,3402030.0,42.6,36.8,19.8,35.72
627130.0,3402030.0,42.6,36.8,19.8,35.72
627230.0,3402030.0,42.6,36.8,19.8,35.72
627330.0,3402030.0,42.6,36.8,19.8,35.72
627430.0,3402030.0,42.6,36.8,19.8,35.72
627530.0,3402030.0,42.6,36.8,19.8,35.72
627630.0,3402030.0,42.6,36.8,19.8,35.72
627730.0,3402030.0,42.6,36.8,19.8,35.72
627830.0,3402030.0,42.6,36.8,19.8,35.72
627930.0,3402030.0,42.6,36.8,19.8,35.72
628030.0,3402030.0,42.6,36.8,19.8,35.72
628130.0,3402030.0,42.6,36.8,19.8,35.72
628230.0,3402030.0,42.6,36.8,19.8,35.72
628330.0,3402030.0,42.6,36.8,19.8,35.72
628430.0,3402030.0,42.6,36.8,19.8,35.72
628530.0,3402030.0,42.6,36.8,19.8,35.72
628630.0,3402030.0,42.6,36.8,19.8,35.72
628730.0,3402030.0,42.6,36.8,19.8,35.72
628830.0,3402030.0,42.6,36.8,19.8,35.72
628930.0,3402030.0,42.6,36.8,19.8,35.72
629030.0,3402030.0,42.6,36.8,19.8,35.72
629130.0,3402030.0,42.6,36.8,19.8,35.72
629230.0,3402030.0,42.6,36.8,19.8,35.72
629330.0,3402030.0,42.6,36.8,19.8,35.72
629430.0,3402030.0,42.6,36.8,19.8,35.72
629530.0,3402030.0,42.6,36.8,19.8,35.72
629630.0,3402030.0,42.6,36.8,19.8,35.72
629730.0,3402030.0,42.6,36.8,19.8,35.72
629830.0,3402030.0,42.6,36.8,19.8,35.72
629930.0,3402030.0,42.6,36.8,19.8,35.72
630030.0,3402030.0,42.6,36.8,19.8,35.72
630130.0,3402030.0,42.6,36.8,19.8,35.72
630230.0,3402030.0,42.6,36.8,19.8,35.72
630330.0,3402030.0,42.6,36.8,19.8,35.72
630430.0,3402030.0,42.6,36.8,19.8,35.72
630530.0,3402030.0,42.6,36.8,19.8,35.72
630630.0,3402030.0,42.6,36.8,19.8,35.72
630730.0,3402030.0,42.6,36.8,19.8,35.72
630830.0,3402030.0,42.6,36.8,19.8,35.72
630930.0,3402030.0,42.6,36.8,19.8,35.72
631030.0,3402030.0,42.6,36.8,19.8,35.72
631130.0,3402030.0,42.6,36.8,19.8,35.72
631230.0,3402030.0,42.6,36.8,19.8,35.72
631330.0,3402030.0,42.6,36.8,19.8,35.72
631430.0,3402030.0,42.6,36.8,19.8,35.72
631530.0,3402030.0,42.6,36.8,19.8,35.72
631630.0,3402030.0,42.6,36.8,19.8,35.72
631730.0,3402030.0,42.6,36.8,19.8,35.72
631830.0,3402030.0,42.6,36.8,19.8,35.72
631930.0,3402030.0,42.6,36.8,19.8,35.72
632030.0,3402030.0,42.6,36.8,19.8,35.72
632130.0,3402030.0,42.6,36.8,19.8,35.72
622730.0,3401930.0,42.6,36.8,19.8,35.72
622830.0,3401930.0,42.6,36.8,19.8,35.72
622930.0,3401930.0,42.6,36.8,19.8,35.72
623030.0,3401930.0,42.6,36.8,19.8,35.72
623130.0,3401930.0,42.6,36.8,19.8,35.72
623230.0,3401930.0,42.6,36.8,19.8,35.72
623330.0,3401930.0,42.6,36.8,19.8,35.72
623430.0,3401930.0,42.6,36.8,19.8,35.72
623530.0,3401930.0,42.6,36.8,19.8,35.72
623630.0,3401930.0,42.6,36.8,19.8,35.72
623730.0,3401930.0,42.6,36.8,19.8,35.72
623830.0,3401930.0,42.6,36.8,19.8,35.72
623930.0,3401930.0,42.6,36.8,19.8,35.72
624030.0,3401930.0,42.6,36.8,19.8,35.72
624130.0,3401930.0,42.6,36.8,19.8,35.72
624230.0,3401930.0,42.6,36.8,19.8,35.72
624330.0,3401930.0,42.6,36.8,19.8,35.72
624430.0,3401930.0,42.6,36.8,19.8,35.72
624530.0,3401930.0,42.6,36.8,19.8,35.72
624630.0,3401930.0,42.6,36.8,19.8,35.72
624730.0,3401930.0,42.6,36.8,19.8,35.72
624830.0,3401930.0,42.6,36.8,19.8,35.72
624930.0,3401930.0,42.6,36.8,19.8,35.72
625030.0,3401930.0,42.6,36.8,19.8,35.72
625130.0,3401930.0,42.6,36.8,19.8,35.72
625230.0,3401930.0,42.6,36.8,19.8,35.72
625330.0,3401930.0,42.6,36.8,19.8,35.72
625430.0,3401930.0,42.6,36.8,19.8,35.72
625530.0,3401930.0,42.6,36.8,19.8,35.72
625630.0,3401930.0,42.6,36.8,19.8,35.72
625730.0,3401930.0,42.6,36.8,19.8,35.72
625830.0,3401930.0,42.6,36.8,19.8,35.72
625930.0,3401930.0,42.6,36.8,19.8,35.72
626030.0,3401930.0,42.6,36.8,19.8,35.72
626130.0,3401930.0,42.6,36.8,19.8,35.72
626230.0,3401930.0,42.6,36.8,19.8,35.72
626330.0,3401930.0,42.6,36.8,19.8,35.72
626430.0,3401930.0,42.6,36.8,19.8,35.72
626530.0,3401930.0,42.6,36.8,19.8,35.72
626630.0,3401930.0,42.6,36.8,19.8,35.72
626730.0,3401930.0,42.6,36.8,19.8,35.72
626830.0,3401930.0,42.6,36.8,19.8,35.72
626930.0,3401930.0,42.6,36.8,19.8,35.72
627030.0,3401930.0,42.6,36.8,19.8,35.72
627130.0,3401930.0,42.6,36.8,19.8,35.72
627230.0,3401930.0,42.6,36.8,19.8,35.72
627330.0,3401930.0,42.6,36.8,19.8,35.72
627430.0,3401930.0,42.6,36.8,19.8,35.72
627530.0,3401930.0,42.6,36.8,19.8,35.72
627630.0,3401930.0,42.6,36.8,19.8,35.72
627730.0,3401930.0,42.6,36.8,19.8,35.72
627830.0,3401930.0,42.6,36.8,19.8,35.72
627930.0,3401930.0,42.6,36.8,19.8,35.72
628030.0,3401930.0,42.6,36.8,19.8,35.72
628130.0,3401930.0,42.6,36.8,19.8,35.72
628230.0,3401930.0,42.6,36.8,19.8,35.72
628330.0,3401930.0,42.6,36.8,19.8,35.72
628430.0,3401930.0,42.6,36.8,19.8,35.72
628530.0,3401930.0,42.6,36.8,19.8,35.72
628630.0,3401930.0,42.6,36.8,19.8,35.72
628730.0,3401930.0,42.6,36.8,19.8,35.72
628830.0,3401930.0,42.6,36.8,19.8,35.72
628930.0,3401930.0,42.6,36.8,19.8,35.72
629030.0,3401930.0,42.6,36.8,19.8,35.72
629130.0,3401930.0,42.6,36.8,19.8,35.72
629230.0,3401930.0,42.6,36.8,19.8,35.72
629330.0,3401930.0,42.6,36.8,19.8,35.72
629430.0,3401930.0,42.6,36.8,19.8,35.72
629530.0,3401930.0,42.6,36.8,19.8,35.72
629630.0,3401930.0,42.6,36.8,19.8,35.72
629730.0,3401930.0,42.6,36.8,19.8,35.72
629830.0,3401930.0,42.6,36.8,19.8,35.72
629930.0,3401930.0,42.6,36.8,19.8,35.72
630030.0,3401930.0,42.6,36.8,19.8,35.72
630130.0,3401930.0,42.6,36.8,19.8,35.72
630230.0,3401930.0,42.6,36.8,19.8,35.72
630330.0,3401930.0,42.6,36.8,19.8,35.72
630430.0,3401930.0,42.6,36.8,19.8,35.72
630530.0,3401930.0,42.6,36.8,19.8,35.72
630630.0,3401930.0,42.6,36.8,19.8,35.72
630730.0,3401930.0,42.6,36.8,19.8,35.72
630830.0,3401930.0,42.6,36.8,19.8,35.72
630930.0,3401930.0,42.6,36.8,19.8,35.72
631030.0,3401930.0,42.6,36.8,19.8,35.72
631130.0,3401930.0,42.6,36.8,19.8,35.72
631230.0,3401930.0,42.6,36.8,19.8,35.72
631330.0,3401930.0,42.6,36.8,19.8,35.72
631430.0,3401930.0,42.6,36.8,19.8,35.72
631530.0,3401930.0,42.6,36.8,19.8,35.72
631630.0,3401930.0,42.6,36.8,19.8,35.72
631730.0,3401930.0,42.6,36.8,19.8,35.72
631830.0,3401930.0,42.6,36.8,19.8,35.72
631930.0,3401930.0,42.6,36.8,19.8,35.72
632030.0,3401930.0,42.6,36.8,19.8,35.72
622830.0,3401830.0,42.6,36.8,19.8,35.72
622930.0,3401830.0,42.6,36.8,19.8,35.72
623030.0,3401830.0,42.6,36.8,19.8,35.72
623130.0,3401830.0,42.6,36.8,19.8,35.72
623230.0,3401830.0,42.6,36.8,19.8,35.72
623330.0,3401830.0,42.6,36.8,19.8,35.72
623430.0,3401830.0,42.6,36.8,19.8,35.72
623530.0,3401830.0,42.6,36.8,19.8,35.72
623630.0,3401830.0,42.6,36.8,19.8,35.72
623730.0,3401830.0,42.6,36.8,19.8,35.72
623830.0,3401830.0,42.6,36.8,19.8,35.72
623930.0,3401830.0,42.6,36.8,19.8,35.72
624030.0,3401830.0,42.6,36.8,19.8,35.72
624130.0,3401830.0,42.6,36.8,19.8,35.72
624230.0,3401830.0,42.6,36.8,19.8,35.72
624330.0,3401830.0,42.6,36.8,19.8,35.72
624430.0,3401830.0,42.6,36.8,19.8,35.72
624530.0,3401830.0,42.6,36.8,19.8,35.72
624630.0,3401830.0,42.6,36.8,19.8,35.72
624730.0,3401830.0,42.6,36.8,19.8,35.72
624830.0,3401830.0,42.6,36.8,19.8,35.72
624930.0,3401830.0,42.6,36.8,19.8,35.72
625030.0,3401830.0,42.6,36.8,19.8,35.72
625130.0,3401830.0,42.6,36.8,19.8,35.72
625230.0,3401830.0,42.6,36.8,19.8,35.72
625330.0,3401830.0,42.6,36.8,19.8,35.72
625430.0,3401830.0,42.6,36.8,19.8,35.72
625530.0,3401830.0,42.6,36.8,19.8,35.72
625630.0,3401830.0,42.6,36.8,19.8,35.72
625730.0,3401830.0,42.6,36.8,19.8,35.72
625830.0,3401830.0,42.6,36.8,19.8,35.72
625930.0,3401830.0,42.6,36.8,19.8,35.72
626030.0,3401830.0,42.6,36.8,19.8,35.72
626130.0,3401830.0,42.6,36.8,19.8,35.72
626230.0,3401830.0,42.6,36.8,19.8,35.72
626330.0,3401830.0,42.6,36.8,19.8,35.72
626430.0,3401830.0,42.6,36.8,19.8,35.72
626530.0,3401830.0,42.6,36.8,19.8,35.72
626630.0,3401830.0,42.6,36.8,19.8,35.72
626730.0,3401830.0,42.6,36.8,19.8,35.72
626830.0,3401830.0,42.6,36.8,19.8,35.72
626930.0,3401830.0,42.6,36.8,19.8,35.72
627030.0,3401830.0,42.6,36.8,19.8,35.72
627130.0,3401830.0,42.6,36.8,19.8,35.72
627230.0,3401830.0,42.6,36.8,19.8,35.72
627330.0,3401830.0,42.6,36.8,19.8,35.72
627430.0,3401830.0,42.6,36.8,19.8,35.72
627530.0,3401830.0,42.6,36.8,19.8,35.72
627630.0,3401830.0,42.6,36.8,19.8,35.72
627730.0,3401830.0,42.6,36.8,19.8,35.72
627830.0,3401830.0,42.6,36.8,19.8,35.72
627930.0,3401830.0,42.6,36.8,19.8,35.72
628030.0,3401830.0,42.6,36.8,19.8,35.72
628130.0,3401830.0,42.6,36.8,19.8,35.72
628230.0,3401830.0,42.6,36.8,19.8,35.72
628330.0,3401830.0,42.6,36.8,19.8,35.72
628430.0,3401830.0,42.6,36.8,19.8,35.72
628530.0,3401830.0,42.6,36.8,19.8,35.72
628630.0,3401830.0,42.6,36.8,19.8,35.72
628730.0,3401830.0,42.6,36.8,19.8,35.72
628830.0,3401830.0,42.6,36.8,19.8,35.72
628930.0,3401830.0,42.6,36.8,19.8,35.72
629030.0,3401830.0,42.6,36.8,19.8,35.72
629130.0,3401830.0,42.6,36.8,19.8,35.72
629230.0,3401830.0,42.6,36.8,19.8,35.72
629330.0,3401830.0,42.6,36.8,19.8,35.72
629430.0,3401830.0,42.6,36.8,19.8,35.72
629530.0,3401830.0,42.6,36.8,19.8,35.72
629630.0,3401830.0,42.6,36.8,19.8,35.72
629730.0,3401830.0,42.6,36.8,19.8,35.72
629830.0,3401830.0,42.6,36.8,19.8,35.72
629930.0,3401830.0,42.6,36.8,19.8,35.72
630030.0,3401830.0,42.6,36.8,19.8,35.72
630130.0,3401830.0,42.6,36.8,19.8,35.72
630230.0,3401830.0,42.6,36.8,19.8,35.72
630330.0,3401830.0,42.6,36.8,19.8,35.72
630430.0,3401830.0,42.6,36.8,19.8,35.72
630530.0,3401830.0,42.6,36.8,19.8,35.72
630630.0,3401830.0,42.6,36.8,19.8,35.72
630730.0,3401830.0,42.6,36.8,19.8,35.72
630830.0,3401830.0,42.6,36.8,19.8,35.72
630930.0,3401830.0,42.6,36.8,19.8,35.72
631030.0,3401830.0,42.6,36.8,19.8,35.72
631130.0,3401830.0,42.6,36.8,19.8,35.72
631230.0,3401830.0,42.6,36.8,19.8,35.72
631330.0,3401830.0,42.6,36.8,19.8,35.72
631430.0,3401830.0,42.6,36.8,19.8,35.72
631530.0,3401830.0,42.6,36.8,19.8,35.72
631630.0,3401830.0,42.6,36.8,19.8,35.72
631730.0,3401830.0,42.6,36.8,19.8,35.72
631830.0,3401830.0,42.6,36.8,19.8,35.72
631930.0,3401830.0,42.6,36.8,19.8,35.72
622830.0,3401730.0,42.6,36.8,19.8,35.72
622930.0,3401730.0,42.6,36.8,19.8,35.72
623030.0,3401730.0,42.6,36.8,19.8,35.72
623130.0,3401730.0,42.6,36.8,19.8,35.72
623230.0,3401730.0,42.6,36.8,19.8,35.72
623330.0,3401730.0,42.6,36.8,19.8,35.72
623430.0,3401730.0,42.6,36.8,19.8,35.72
623530.0,3401730.0,42.6,36.8,19.8,35.72
623630.0,3401730.0,42.6,36.8,19.8,35.72
623730.0,3401730.0,42.6,36.8,19.8,35.72
623830.0,3401730.0,42.6,36.8,19.8,35.72
623930.0,3401730.0,42.6,36.8,19.8,35.72
624030.0,3401730.0,42.6,36.8,19.8,35.72
624130.0,3401730.0,42.6,36.8,19.8,35.72
624230.0,3401730.0,42.6,36.8,19.8,35.72
624330.0,3401730.0,42.6,36.8,19.8,35.72
624430.0,3401730.0,42.6,36.8,19.8,35.72
624530.0,3401730.0,42.6,36.8,19.8,35.72
624630.0,3401730.0,42.6,36.8,19.8,35.72
624730.0,3401730.0,42.6,36.8,19.8,35.72
624830.0,3401730.0,42.6,36.8,19.8,35.72
624930.0,3401730.0,42.6,36.8,19.8,35.72
625030.0,3401730.0,42.6,36.8,19.8,35.72
625130.0,3401730.0,42.6,36.8,19.8,35.72
625230.0,3401730.0,42.6,36.8,19.8,35.72
625330.0,3401730.0,42.6,36.8,19.8,35.72
625430.0,3401730.0,42.6,36.8,19.8,35.72
625530.0,3401730.0,42.6,36.8,19.8,35.72
625630.0,3401730.0,42.6,36.8,19.8,35.72
625730.0,3401730.0,42.6,36.8,19.8,35.72
625830.0,3401730.0,42.6,36.8,19.8,35.72
625930.0,3401730.0,42.6,36.8,19.8,35.72
626030.0,3401730.0,42.6,36.8,19.8,35.72
626130.0,3401730.0,42.6,36.8,19.8,35.72
626230.0,3401730.0,42.6,36.8,19.8,35.72
626330.0,3401730.0,42.6,36.8,19.8,35.72
626430.0,3401730.0,42.6,36.8,19.8,35.72
626530.0,3401730.0,42.6,36.8,19.8,35.72
626630.0,3401730.0,42.6,36.8,19.8,35.72
626730.0,3401730.0,42.6,36.8,19.8,35.72
626830.0,3401730.0,42.6,36.8,19.8,35.72
626930.0,3401730.0,42.6,36.8,19.8,35.72
627030.0,3401730.0,42.6,36.8,19.8,35.72
627130.0,3401730.0,42.6,36.8,19.8,35.72
627230.0,3401730.0,42.6,36.8,19.8,35.72
627330.0,3401730.0,42.6,36.8,19.8,35.72
627430.0,3401730.0,42.6,36.8,19.8,35.72
627530.0,3401730.0,42.6,36.8,19.8,35.72
627630.0,3401730.0,42.6,36.8,19.8,35.72
627730.0,3401730.0,42.6,36.8,19.8,35.72
627830.0,3401730.0,42.6,36.8,19.8,35.72
627930.0,3401730.0,42.6,36.8,19.8,35.72
628030.0,3401730.0,42.6,36.8,19.8,35.72
628130.0,3401730.0,42.6,36.8,19.8,35.72
628230.0,3401730.0,42.6,36.8,19.8,35.72
628330.0,3401730.0,42.6,36.8,19.8,35.72
628430.0,3401730.0,42.6,36.8,19.8,35.72
628530.0,3401730.0,42.6,36.8,19.8,35.72
628630.0,3401730.0,42.6,36.8,19.8,35.72
628730.0,3401730.0,42.6,36.8,19.8,35.72
628830.0,3401730.0,42.6,36.8,19.8,35.72
628930.0,3401730.0,42.6,36.8,19.8,35.72
629030.0,3401730.0,42.6,36.8,19.8,35.72
629130.0,3401730.0,42.6,36.8,19.8,35.72
629230.0,3401730.0,42.6,36.8,19.8,35.72
629330.0,3401730.0,42.6,36.8,19.8,35.72
629430.0,3401730.0,42.6,36.8,19.8,35.72
629530.0,3401730.0,42.6,36.8,19.8,35.72
629630.0,3401730.0,42.6,36.8,19.8,35.72
629730.0,3401730.0,42.6,36.8,19.8,35.72
629830.0,3401730.0,42.6,36.8,19.8,35.72
629930.0,3401730.0,42.6,36.8,19.8,35.72
630030.0,3401730.0,42.6,36.8,19.8,35.72
630130.0,3401730.0,42.6,36.8,19.8,35.72
630230.0,3401730.0,42.6,36.8,19.8,35.72
630330.0,3401730.0,42.6,36.8,19.8,35.72
630430.0,3401730.0,42.6,36.8,19.8,35.72
630530.0,3401730.0,42.6,36.8,19.8,35.72
630630.0,3401730.0,42.6,36.8,19.8,35.72
630730.0,3401730.0,42.6,36.8,19.8,35.72
630830.0,3401730.0,42.6,36.8,19.8,35.72
630930.0,3401730.0,42.6,36.8,19.8,35.72
631030.0,3401730.0,42.6,36.8,19.8,35.72
631130.0,3401730.0,42.6,36.8,19.8,35.72
631230.0,3401730.0,42.6,36.8,19.8,35.72
631330.0,3401730.0,42.6,36.8,19.8,35.72
631430.0,3401730.0,42.6,36.8,19.8,35.72
631530.0,3401730.0,42.6,36.8,19.8,35.72
631630.0,3401730.0,42.6,36.8,19.8,35.72
631730.0,3401730.0,42.6,36.8,19.8,35.72
631830.0,3401730.0,42.6,36.8,19.8,35.72
622830.0,3401630.0,42.6,36.8,19.8,35.72
622930.0,3401630.0,42.6,36.8,19.8,35.72
623030.0,3401630.0,42.6,36.8,19.8,35.72
623130.0,3401630.0,42.6,36.8,19.8,35.72
623230.0,3401630.0,42.6,36.8,19.8,35.72
623330.0,3401630.0,42.6,36.8,19.8,35.72
623430.0,3401630.0,42.6,36.8,19.8,35.72
623530.0,3401630.0,42.6,36.8,19.8,35.72
623630.0,3401630.0,42.6,36.8,19.8,35.72
623730.0,3401630.0,42.6,36.8,19.8,35.72
623830.0,3401630.0,42.6,36.8,19.8,35.72
623930.0,3401630.0,42.6,36.8,19.8,35.72
624030.0,3401630.0,42.6,36.8,19.8,35.72
624130.0,3401630.0,42.6,36.8,19.8,35.72
624230.0,3401630.0,42.6,36.8,19.8,35.72
624330.0,3401630.0,42.6,36.8,19.8,35.72
624430.0,3401630.0,42.6,36.8,19.8,35.72
624530.0,3401630.0,42.6,36.8,19.8,35.72
624630.0,3401630.0,42.6,36.8,19.8,35.72
624730.0,3401630.0,42.6,36.8,19.8,35.72
624830.0,3401630.0,42.6,36.8,19.8,35.72
624930.0,3401630.0,42.6,36.8,19.8,35.72
625030.0,3401630.0,42.6,36.8,19.8,35.72
625130.0,3401630.0,42.6,36.8,19.8,35.72
625230.0,3401630.0,42.6,36.8,19.8,35.72
625330.0,3401630.0,42.6,36.8,19.8,35.72
625430.0,3401630.0,42.6,36.8,19.8,35.72
625530.0,3401630.0,42.6,36.8,19.8,35.72
625630.0,3401630.0,42.6,36.8,19.8,35.72
625730.0,3401630.0,42.6,36.8,19.8,35.72
625830.0,3401630.0,42.6,36.8,19.8,35.72
625930.0,3401630.0,42.6,36.8,19.8,35.72
626030.0,3401630.0,42.6,36.8,19.8,35.72
626130.0,3401630.0,42.6,36.8,19.8,35.72
626230.0,3401630.0,42.6,36.8,19.8,35.72
626330.0,3401630.0,42.6,36.8,19.8,35.72
626430.0,3401630.0,42.6,36.8,19.8,35.72
626530.0,3401630.0,42.6,36.8,19.8,35.72
626630.0,3401630.0,42.6,36.8,19.8,35.72
626730.0,3401630.0,42.6,36.8,19.8,35.72
626830.0,3401630.0,42.6,36.8,19.8,35.72
626930.0,3401630.0,42.6,36.8,19.8,35.72
627030.0,3401630.0,42.6,36.8,19.8,35.72
627130.0,3401630.0,42.6,36.8,19.8,35.72
627230.0,3401630.0,42.6,36.8,19.8,35.72
627330.0,3401630.0,42.6,36.8,19.8,35.72
627430.0,3401630.0,42.6,36.8,19.8,35.72
627530.0,3401630.0,42.6,36.8,19.8,35.72
627630.0,3401630.0,42.6,36.8,19.8,35.72
627730.0,3401630.0,42.6,36.8,19.8,35.72
627830.0,3401630.0,42.6,36.8,19.8,35.72
627930.0,3401630.0,42.6,36.8,19.8,35.72
628030.0,3401630.0,42.6,36.8,19.8,35.72
628130.0,3401630.0,42.6,36.8,19.8,35.72
628230.0,3401630.0,42.6,36.8,19.8,35.72
628330.0,3401630.0,42.6,36.8,19.8,35.72
628430.0,3401630.0,42.6,36.8,19.8,35.72
628530.0,3401630.0,42.6,36.8,19.8,35.72
628630.0,3401630.0,42.6,36.8,19.8,35.72
628730.0,3401630.0,42.6,36.8,19.8,35.72
628830.0,3401630.0,42.6,36.8,19.8,35.72
628930.0,3401630.0,42.6,36.8,19.8,35.72
629030.0,3401630.0,42.6,36.8,19.8,35.72
629130.0,3401630.0,42.6,36.8,19.8,35.72
629230.0,3401630.0,42.6,36.8,19.8,35.72
629330.0,3401630.0,42.6,36.8,19.8,35.72
629430.0,3401630.0,42.6,36.8,19.8,35.72
629530.0,3401630.0,42.6,36.8,19.8,35.72
629630.0,3401630.0,42.6,36.8,19.8,35.72
629730.0,3401630.0,42.6,36.8,19.8,35.72
629830.0,3401630.0,42.6,36.8,19.8,35.72
629930.0,3401630.0,42.6,36.8,19.8,35.72
630030.0,3401630.0,42.6,36.8,19.8,35.72
630130.0,3401630.0,42.6,36.8,19.8,35.72
630230.0,3401630.0,42.6,36.8,19.8,35.72
630330.0,3401630.0,42.6,36.8,19.8,35.72
630430.0,3401630.0,42.6,36.8,19.8,35.72
630530.0,3401630.0,42.6,36.8,19.8,35.72
630630.0,3401630.0,42.6,36.8,19.8,35.72
630730.0,3401630.0,42.6,36.8,19.8,35.72
630830.0,3401630.0,42.6,36.8,19.8,35.72
630930.0,3401630.0,42.6,36.8,19.8,35.72
631030.0,3401630.0,42.6,36.8,19.8,35.72
631130.0,3401630.0,42.6,36.8,19.8,35.72
631230.0,3401630.0,42.6,36.8,19.8,35.72
631330.0,3401630.0,42.6,36.8,19.8,35.72
631430.0,3401630.0,42.6,36.8,19.8,35.72
631530.0,3401630.0,42.6,36.8,19.8,35.72
631630.0,3401630.0,42.6,36.8,19.8,35.72
631730.0,3401630.0,42.6,36.8,19.8,35.72
622930.0,3401530.0,42.6,36.8,19.8,35.72
623030.0,3401530.0,42.6,36.8,19.8,35.72
623130.0,3401530.0,42.6,36.8,19.8,35.72
623230.0,3401530.0,42.6,36.8,19.8,35.72
623330.0,3401530.0,42.6,36.8,19.8,35.72
623430.0,3401530.0,42.6,36.8,19.8,35.72
623530.0,3401530.0,42.6,36.8,19.8,35.72
623630.0,3401530.0,42.6,36.8,19.8,35.72
623730.0,3401530.0,42.6,36.8,19.8,35.72
623830.0,3401530.0,42.6,36.8,19.8,35.72
623930.0,3401530.0,42.6,36.8,19.8,35.72
624030.0,3401530.0,42.6,36.8,19.8,35.72
624130.0,3401530.0,42.6,36.8,19.8,35.72
624230.0,3401530.0,42.6,36.8,19.8,35.72
624330.0,3401530.0,42.6,36.8,19.8,35.72
624430.0,3401530.0,42.6,36.8,19.8,35.72
624530.0,3401530.0,42.6,36.8,19.8,35.72
624630.0,3401530.0,42.6,36.8,19.8,35.72
624730.0,3401530.0,42.6,36.8,19.8,35.72
624830.0,3401530.0,42.6,36.8,19.8,35.72
624930.0,3401530.0,42.6,36.8,19.8,35.72
625030.0,3401530.0,42.6,36.8,19.8,35.72
625130.0,3401530.0,42.6,36.8,19.8,35.72
625230.0,3401530.0,42.6,36.8,19.8,35.72
625330.0,3401530.0,42.6,36.8,19.8,35.72
625430.0,3401530.0,42.6,36.8,19.8,35.72
625530.0,3401530.0,42.6,36.8,19.8,35.72
625630.0,3401530.0,42.6,36.8,19.8,35.72
625730.0,3401530.0,42.6,36.8,19.8,35.72
625830.0,3401530.0,42.6,36.8,19.8,35.72
625930.0,3401530.0,42.6,36.8,19.8,35.72
626030.0,3401530.0,42.6,36.8,19.8,35.72
626130.0,3401530.0,42.6,36.8,19.8,35.72
626230.0,3401530.0,42.6,36.8,19.8,35.72
626330.0,3401530.0,42.6,36.8,19.8,35.72
626430.0,3401530.0,42.6,36.8,19.8,35.72
626530.0,3401530.0,42.6,36.8,19.8,35.72
626630.0,3401530.0,42.6,36.8,19.8,35.72
626730.0,3401530.0,42.6,36.8,19.8,35.72
626830.0,3401530.0,42.6,36.8,19.8,35.72
626930.0,3401530.0,42.6,36.8,19.8,35.72
627030.0,3401530.0,42.6,36.8,19.8,35.72
627130.0,3401530.0,42.6,36.8,19.8,35.72
627230.0,3401530.0,42.6,36.8,19.8,35.72
627330.0,3401530.0,42.6,36.8,19.8,35.72
627430.0,3401530.0,42.6,36.8,19.8,35.72
627530.0,3401530.0,42.6,36.8,19.8,35.72
627630.0,3401530.0,42.6,36.8,19.8,35.72
627730.0,3401530.0,42.6,36.8,19.8,35.72
627830.0,3401530.0,42.6,36.8,19.8,35.72
627930.0,3401530.0,42.6,36.8,19.8,35.72
628030.0,3401530.0,42.6,36.8,19.8,35.72
628130.0,3401530.0,42.6,36.8,19.8,35.72
628230.0,3401530.0,42.6,36.8,19.8,35.72
628330.0,3401530.0,42.6,36.8,19.8,35.72
628430.0,3401530.0,42.6,36.8,19.8,35.72
628530.0,3401530.0,42.6,36.8,19.8,35.72
628630.0,3401530.0,42.6,36.8,19.8,35.72
628730.0,3401530.0,42.6,36.8,19.8,35.72
628830.0,3401530.0,42.6,36.8,19.8,35.72
628930.0,3401530.0,42.6,36.8,19.8,35.72
629030.0,3401530.0,42.6,36.8,19.8,35.72
629130.0,3401530.0,42.6,36.8,19.8,35.72
629230.0,3401530.0,42.6,36.8,19.8,35.72
629330.0,3401530.0,42.6,36.8,19.8,35.72
629430.0,3401530.0,42.6,36.8,19.8,35.72
629530.0,3401530.0,42.6,36.8,19.8,35.72
629630.0,3401530.0,42.6,36.8,19.8,35.72
629730.0,3401530.0,42.6,36.8,19.8,35.72
629830.0,3401530.0,42.6,36.8,19.8,35.72
629930.0,3401530.0,42.6,36.8,19.8,35.72
630030.0,3401530.0,42.6,36.8,19.8,35.72
630130.0,3401530.0,42.6,36.8,19.8,35.72
630230.0,3401530.0,42.6,36.8,19.8,35.72
630330.0,3401530.0,42.6,36.8,19.8,35.72
630430.0,3401530.0,42.6,36.8,19.8,35.72
630530.0,3401530.0,42.6,36.8,19.8,35.72
630630.0,3401530.0,42.6,36.8,19.8,35.72
630730.0,3401530.0,42.6,36.8,19.8,35.72
630830.0,3401530.0,42.6,36.8,19.8,35.72
630930.0,3401530.0,42.6,36.8,19.8,35.72
631030.0,3401530.0,42.6,36.8,19.8,35.72
631130.0,3401530.0,42.6,36.8,19.8,35.72
631230.0,3401530.0,42.6,36.8,19.8,35.72
631330.0,3401530.0,42.6,36.8,19.8,35.72
631430.0,3401530.0,42.6,36.8,19.8,35.72
631530.0,3401530.0,42.6,36.8,19.8,35.72
631630.0,3401530.0,42.6,36.8,19.8,35.72
622930.0,3401430.0,42.6,36.8,19.8,35.72
623030.0,3401430.0,42.6,36.8,19.8,35.72
623130.0,3401430.0,42.6,36.8,19.8,35.72
623230.0,3401430.0,42.6,36.8,19.8,35.72
623330.0,3401430.0,42.6,36.8,19.8,35.72
623430.0,3401430.0,42.6,36.8,19.8,35.72
623530.0,3401430.0,42.6,36.8,19.8,35.72
623630.0,3401430.0,42.6,36.8,19.8,35.72
623730.0,3401430.0,42.6,36.8,19.8,35.72
623830.0,3401430.0,42.6,36.8,19.8,35.72
623930.0,3401430.0,42.6,36.8,19.8,35.72
624030.0,3401430.0,42.6,36.8,19.8,35.72
624130.0,3401430.0,42.6,36.8,19.8,35.72
624230.0,3401430.0,42.6,36.8,19.8,35.72
624330.0,3401430.0,42.6,36.8,19.8,35.72
624430.0,3401430.0,42.6,36.8,19.8,35.72
624530.0,3401430.0,42.6,36.8,19.8,35.72
624630.0,3401430.0,42.6,36.8,19.8,35.72
624730.0,3401430.0,42.6,36.8,19.8,35.72
624830.0,3401430.0,42.6,36.8,19.8,35.72
624930.0,3401430.0,42.6,36.8,19.8,35.72
625030.0,3401430.0,42.6,36.8,19.8,35.72
625130.0,3401430.0,42.6,36.8,19.8,35.72
625230.0,3401430.0,42.6,36.8,19.8,35.72
625330.0,3401430.0,42.6,36.8,19.8,35.72
625430.0,3401430.0,42.6,36.8,19.8,35.72
625530.0,3401430.0,42.6,36.8,19.8,35.72
625630.0,3401430.0,42.6,36.8,19.8,35.72
625730.0,3401430.0,42.6,36.8,19.8,35.72
625830.0,3401430.0,42.6,36.8,19.8,35.72
625930.0,3401430.0,42.6,36.8,19.8,35.72
626030.0,3401430.0,42.6,36.8,19.8,35.72
626130.0,3401430.0,42.6,36.8,19.8,35.72
626230.0,3401430.0,42.6,36.8,19.8,35.72
626330.0,3401430.0,42.6,36.8,19.8,35.72
626430.0,3401430.0,42.6,36.8,19.8,35.72
626530.0,3401430.0,42.6,36.8,19.8,35.72
626630.0,3401430.0,42.6,36.8,19.8,35.72
626730.0,3401430.0,42.6,36.8,19.8,35.72
626830.0,3401430.0,42.6,36.8,19.8,35.72
626930.0,3401430.0,42.6,36.8,19.8,35.72
627030.0,3401430.0,42.6,36.8,19.8,35.72
627130.0,3401430.0,42.6,36.8,19.8,35.72
627230.0,3401430.0,42.6,36.8,19.8,35.72
627330.0,3401430.0,42.6,36.8,19.8,35.72
627430.0,3401430.0,42.6,36.8,19.8,35.72
627530.0,3401430.0,42.6,36.8,19.8,35.72
627630.0,3401430.0,42.6,36.8,19.8,35.72
627730.0,3401430.0,42.6,36.8,19.8,35.72
627830.0,3401430.0,42.6,36.8,19.8,35.72
627930.0,3401430.0,42.6,36.8,19.8,35.72
628030.0,3401430.0,42.6,36.8,19.8,35.72
628130.0,3401430.0,42.6,36.8,19.8,35.72
628230.0,3401430.0,42.6,36.8,19.8,35.72
628330.0,3401430.0,42.6,36.8,19.8,35.72
628430.0,3401430.0,42.6,36.8,19.8,35.72
628530.0,3401430.0,42.6,36.8,19.8,35.72
628630.0,3401430.0,42.6,36.8,19.8,35.72
628730.0,3401430.0,42.6,36.8,19.8,35.72
628830.0,3401430.0,42.6,36.8,19.8,35.72
628930.0,3401430.0,42.6,36.8,19.8,35.72
629030.0,3401430.0,42.6,36.8,19.8,35.72
629130.0,3401430.0,42.6,36.8,19.8,35.72
629230.0,3401430.0,42.6,36.8,19.8,35.72
629330.0,3401430.0,42.6,36.8,19.8,35.72
629430.0,3401430.0,42.6,36.8,19.8,35.72
629530.0,3401430.0,42.6,36.8,19.8,35.72
629630.0,3401430.0,42.6,36.8,19.8,35.72
629730.0,3401430.0,42.6,36.8,19.8,35.72
629830.0,3401430.0,42.6,36.8,19.8,35.72
629930.0,3401430.0,42.6,36.8,19.8,35.72
630030.0,3401430.0,42.6,36.8,19.8,35.72
630130.0,3401430.0,42.6,36.8,19.8,35.72
630230.0,3401430.0,42.6,36.8,19.8,35.72
630330.0,3401430.0,42.6,36.8,19.8,35.72
630430.0,3401430.0,42.6,36.8,19.8,35.72
630530.0,3401430.0,42.6,36.8,19.8,35.72
630630.0,3401430.0,42.6,36.8,19.8,35.72
630730.0,3401430.0,42.6,36.8,19.8,35.72
630830.0,3401430.0,42.6,36.8,19.8,35.72
630930.0,3401430.0,42.6,36.8,19.8,35.72
631030.0,3401430.0,42.6,36.8,19.8,35.72
631130.0,3401430.0,42.6,36.8,19.8,35.72
631230.0,3401430.0,42.6,36.8,19.8,35.72
631330.0,3401430.0,42.6,36.8,19.8,35.72
631430.0,3401430.0,42.6,36.8,19.8,35.72
631530.0,3401430.0,42.6,36.8,19.8,35.72
631630.0,3401430.0,42.6,36.8,19.8,35.72
631730.0,3401430.0,42.6,36.8,19.8,35.72
623030.0,3401330.0,42.6,36.8,19.8,35.72
623130.0,3401330.0,42.6,36.8,19.8,35.72
623230.0,3401330.0,42.6,36.8,19.8,35.72
623330.0,3401330.0,42.6,36.8,19.8,35.72
623430.0,3401330.0,42.6,36.8,19.8,35.72
623530.0,3401330.0,42.6,36.8,19.8,35.72
623630.0,3401330.0,42.6,36.8,19.8,35.72
623730.0,3401330.0,42.6,36.8,19.8,35.72
623830.0,3401330.0,42.6,36.8,19.8,35.72
623930.0,3401330.0,42.6,36.8,19.8,35.72
624030.0,3401330.0,42.6,36.8,19.8,35.72
624130.0,3401330.0,42.6,36.8,19.8,35.72
624230.0,3401330.0,42.6,36.8,19.8,35.72
624330.0,3401330.0,42.6,36.8,19.8,35.72
624430.0,3401330.0,42.6,36.8,19.8,35.72
624530.0,3401330.0,42.6,36.8,19.8,35.72
624630.0,3401330.0,42.6,36.8,19.8,35.72
624730.0,3401330.0,42.6,36.8,19.8,35.72
624830.0,3401330.0,42.6,36.8,19.8,35.72
624930.0,3401330.0,42.6,36.8,19.8,35.72
625030.0,3401330.0,42.6,36.8,19.8,35.72
625130.0,3401330.0,42.6,36.8,19.8,35.72
625230.0,3401330.0,42.6,36.8,19.8,35.72
625330.0,3401330.0,42.6,36.8,19.8,35.72
625430.0,3401330.0,42.6,36.8,19.8,35.72
625530.0,3401330.0,42.6,36.8,19.8,35.72
625630.0,3401330.0,42.6,36.8,19.8,35.72
625730.0,3401330.0,42.6,36.8,19.8,35.72
625830.0,3401330.0,42.6,36.8,19.8,35.72
625930.0,3401330.0,42.6,36.8,19.8,35.72
626030.0,3401330.0,42.6,36.8,19.8,35.72
626130.0,3401330.0,42.6,36.8,19.8,35.72
626230.0,3401330.0,42.6,36.8,19.8,35.72
626330.0,3401330.0,42.6,36.8,19.8,35.72
626430.0,3401330.0,42.6,36.8,19.8,35.72
626530.0,3401330.0,42.6,36.8,19.8,35.72
626630.0,3401330.0,42.6,36.8,19.8,35.72
626730.0,3401330.0,42.6,36.8,19.8,35.72
626830.0,3401330.0,42.6,36.8,19.8,35.72
626930.0,3401330.0,42.6,36.8,19.8,35.72
627030.0,3401330.0,42.6,36.8,19.8,35.72
627130.0,3401330.0,42.6,36.8,19.8,35.72
627230.0,3401330.0,42.6,36.8,19.8,35.72
627330.0,3401330.0,42.6,36.8,19.8,35.72
627430.0,3401330.0,42.6,36.8,19.8,35.72
627530.0,3401330.0,42.6,36.8,19.8,35.72
627630.0,3401330.0,42.6,36.8,19.8,35.72
627730.0,3401330.0,42.6,36.8,19.8,35.72
627830.0,3401330.0,42.6,36.8,19.8,35.72
627930.0,3401330.0,42.6,36.8,19.8,35.72
628030.0,3401330.0,42.6,36.8,19.8,35.72
628130.0,3401330.0,42.6,36.8,19.8,35.72
628230.0,3401330.0,42.6,36.8,19.8,35.72
628330.0,3401330.0,42.6,36.8,19.8,35.72
628430.0,3401330.0,42.6,36.8,19.8,35.72
628530.0,3401330.0,42.6,36.8,19.8,35.72
628630.0,3401330.0,42.6,36.8,19.8,35.72
628730.0,3401330.0,42.6,36.8,19.8,35.72
628830.0,3401330.0,42.6,36.8,19.8,35.72
628930.0,3401330.0,42.6,36.8,19.8,35.72
629030.0,3401330.0,42.6,36.8,19.8,35.72
629130.0,3401330.0,42.6,36.8,19.8,35.72
629230.0,3401330.0,42.6,36.8,19.8,35.72
629330.0,3401330.0,42.6,36.8,19.8,35.72
629430.0,3401330.0,42.6,36.8,19.8,35.72
629530.0,3401330.0,42.6,36.8,19.8,35.72
629630.0,3401330.0,42.6,36.8,19.8,35.72
629730.0,3401330.0,42.6,36.8,19.8,35.72
629830.0,3401330.0,42.6,36.8,19.8,35.72
629930.0,3401330.0,42.6,36.8,19.8,35.72
630030.0,3401330.0,42.6,36.8,19.8,35.72
630130.0,3401330.0,42.6,36.8,19.8,35.72
630230.0,3401330.0,42.6,36.8,19.8,35.72
630330.0,3401330.0,42.6,36.8,19.8,35.72
630430.0,3401330.0,42.6,36.8,19.8,35.72
630530.0,3401330.0,42.6,36.8,19.8,35.72
630630.0,3401330.0,42.6,36.8,19.8,35.72
630730.0,3401330.0,42.6,36.8,19.8,35.72
630830.0,3401330.0,42.6,36.8,19.8,35.72
630930.0,3401330.0,42.6,36.8,19.8,35.72
631030.0,3401330.0,42.6,36.8,19.8,35.72
631130.0,3401330.0,42.6,36.8,19.8,35.72
631230.0,3401330.0,42.6,36.8,19.8,35.72
631330.0,3401330.0,42.6,36.8,19.8,35.72
631430.0,3401330.0,42.6,36.8,19.8,35.72
631530.0,3401330.0,42.6,36.8,19.8,35.72
631630.0,3401330.0,42.6,36.8,19.8,35.72
631730.0,3401330.0,42.6,36.8,19.8,35.72
631830.0,3401330.0,42.6,36.8,19.8,35.72
631930.0,3401330.0,42.6,36.8,19.8,35.72
623030.0,3401230.0,42.6,36.8,19.8,35.72
623130.0,3401230.0,42.6,36.8,19.8,35.72
623230.0,3401230.0,42.6,36.8,19.8,35.72
623330.0,3401230.0,42.6,36.8,19.8,35.72
623430.0,3401230.0,42.6,36.8,19.8,35.72
623530.0,3401230.0,42.6,36.8,19.8,35.72
623630.0,3401230.0,42.6,36.8,19.8,35.72
623730.0,3401230.0,42.6,36.8,19.8,35.72
623830.0,3401230.0,42.6,36.8,19.8,35.72
623930.0,3401230.0,42.6,36.8,19.8,35.72
624030.0,3401230.0,42.6,36.8,19.8,35.72
624130.0,3401230.0,42.6,36.8,19.8,35.72
624230.0,3401230.0,42.6,36.8,19.8,35.72
624330.0,3401230.0,42.6,36.8,19.8,35.72
624430.0,3401230.0,42.6,36.8,19.8,35.72
624530.0,3401230.0,42.6,36.8,19.8,35.72
624630.0,3401230.0,42.6,36.8,19.8,35.72
624730.0,3401230.0,42.6,36.8,19.8,35.72
624830.0,3401230.0,42.6,36.8,19.8,35.72
624930.0,3401230.0,42.6,36.8,19.8,35.72
625030.0,3401230.0,42.6,36.8,19.8,35.72
625130.0,3401230.0,42.6,36.8,19.8,35.72
625230.0,3401230.0,42.6,36.8,19.8,35.72
625330.0,3401230.0,42.6,36.8,19.8,35.72
625430.0,3401230.0,42.6,36.8,19.8,35.72
625530.0,3401230.0,42.6,36.8,19.8,35.72
625630.0,3401230.0,42.6,36.8,19.8,35.72
625730.0,3401230.0,42.6,36.8,19.8,35.72
625830.0,3401230.0,42.6,36.8,19.8,35.72
625930.0,3401230.0,42.6,36.8,19.8,35.72
626030.0,3401230.0,42.6,36.8,19.8,35.72
626130.0,3401230.0,42.6,36.8,19.8,35.72
626230.0,3401230.0,42.6,36.8,19.8,35.72
626330.0,3401230.0,42.6,36.8,19.8,35.72
626430.0,3401230.0,42.6,36.8,19.8,35.72
626530.0,3401230.0,42.6,36.8,19.8,35.72
626630.0,3401230.0,42.6,36.8,19.8,35.72
626730.0,3401230.0,42.6,36.8,19.8,35.72
626830.0,3401230.0,42.6,36.8,19.8,35.72
626930.0,3401230.0,42.6,36.8,19.8,35.72
627030.0,3401230.0,42.6,36.8,19.8,35.72
627130.0,3401230.0,42.6,36.8,19.8,35.72
627230.0,3401230.0,42.6,36.8,19.8,35.72
627330.0,3401230.0,42.6,36.8,19.8,35.72
627430.0,3401230.0,42.6,36.8,19.8,35.72
627530.0,3401230.0,42.6,36.8,19.8,35.72
627630.0,3401230.0,42.6,36.8,19.8,35.72
627730.0,3401230.0,42.6,36.8,19.8,35.72
627830.0,3401230.0,42.6,36.8,19.8,35.72
627930.0,3401230.0,42.6,36.8,19.8,35.72
628030.0,3401230.0,42.6,36.8,19.8,35.72
628130.0,3401230.0,42.6,36.8,19.8,35.72
628230.0,3401230.0,42.6,36.8,19.8,35.72
628330.0,3401230.0,42.6,36.8,19.8,35.72
628430.0,3401230.0,42.6,36.8,19.8,35.72
628530.0,3401230.0,42.6,36.8,19.8,35.72
628630.0,3401230.0,42.6,36.8,19.8,35.72
628730.0,3401230.0,42.6,36.8,19.8,35.72
628830.0,3401230.0,42.6,36.8,19.8,35.72
628930.0,3401230.0,42.6,36.8,19.8,35.72
629030.0,3401230.0,42.6,36.8,19.8,35.72
629130.0,3401230.0,42.6,36.8,19.8,35.72
629230.0,3401230.0,42.6,36.8,19.8,35.72
629330.0,3401230.0,42.6,36.8,19.8,35.72
629430.0,3401230.0,42.6,36.8,19.8,35.72
629530.0,3401230.0,42.6,36.8,19.8,35.72
629630.0,3401230.0,42.6,36.8,19.8,35.72
629730.0,3401230.0,42.6,36.8,19.8,35.72
629830.0,3401230.0,42.6,36.8,19.8,35.72
629930.0,3401230.0,42.6,36.8,19.8,35.72
630030.0,3401230.0,42.6,36.8,19.8,35.72
630130.0,3401230.0,42.6,36.8,19.8,35.72
630230.0,3401230.0,42.6,36.8,19.8,35.72
630330.0,3401230.0,42.6,36.8,19.8,35.72
630430.0,3401230.0,42.6,36.8,19.8,35.72
630530.0,3401230.0,42.6,36.8,19.8,35.72
630630.0,3401230.0,42.6,36.8,19.8,35.72
630730.0,3401230.0,42.6,36.8,19.8,35.72
630830.0,3401230.0,42.6,36.8,19.8,35.72
630930.0,3401230.0,42.6,36.8,19.8,35.72
631030.0,3401230.0,42.6,36.8,19.8,35.72
631130.0,3401230.0,42.6,36.8,19.8,35.72
631230.0,3401230.0,42.6,36.8,19.8,35.72
631330.0,3401230.0,42.6,36.8,19.8,35.72
631430.0,3401230.0,42.6,36.8,19.8,35.72
631530.0,3401230.0,42.6,36.8,19.8,35.72
631630.0,3401230.0,42.6,36.8,19.8,35.72
631730.0,3401230.0,42.6,36.8,19.8,35.72
631830.0,3401230.0,42.6,36.8,19.8,35.72
631930.0,3401230.0,42.6,36.8,19.8,35.72
632030.0,3401230.0,42.6,36.8,19.8,35.72
632130.0,3401230.0,42.6,36.8,19.8,35.72
622830.0,3401130.0,42.6,36.8,19.8,35.72
622930.0,3401130.0,42.6,36.8,19.8,35.72
623030.0,3401130.0,42.6,36.8,19.8,35.72
623130.0,3401130.0,42.6,36.8,19.8,35.72
623230.0,3401130.0,42.6,36.8,19.8,35.72
623330.0,3401130.0,42.6,36.8,19.8,35.72
623430.0,3401130.0,42.6,36.8,19.8,35.72
623530.0,3401130.0,42.6,36.8,19.8,35.72
623630.0,3401130.0,42.6,36.8,19.8,35.72
623730.0,3401130.0,42.6,36.8,19.8,35.72
623830.0,3401130.0,42.6,36.8,19.8,35.72
623930.0,3401130.0,42.6,36.8,19.8,35.72
624030.0,3401130.0,42.6,36.8,19.8,35.72
624130.0,3401130.0,42.6,36.8,19.8,35.72
624230.0,3401130.0,42.6,36.8,19.8,35.72
624330.0,3401130.0,42.6,36.8,19.8,35.72
624430.0,3401130.0,42.6,36.8,19.8,35.72
624530.0,3401130.0,42.6,36.8,19.8,35.72
624630.0,3401130.0,42.6,36.8,19.8,35.72
624730.0,3401130.0,42.6,36.8,19.8,35.72
624830.0,3401130.0,42.6,36.8,19.8,35.72
624930.0,3401130.0,42.6,36.8,19.8,35.72
625030.0,3401130.0,42.6,36.8,19.8,35.72
625130.0,3401130.0,42.6,36.8,19.8,35.72
625230.0,3401130.0,42.6,36.8,19.8,35.72
625330.0,3401130.0,42.6,36.8,19.8,35.72
625430.0,3401130.0,42.6,36.8,19.8,35.72
625530.0,3401130.0,42.6,36.8,19.8,35.72
625630.0,3401130.0,42.6,36.8,19.8,35.72
625730.0,3401130.0,42.6,36.8,19.8,35.72
625830.0,3401130.0,42.6,36.8,19.8,35.72
625930.0,3401130.0,42.6,36.8,19.8,35.72
626030.0,3401130.0,42.6,36.8,19.8,35.72
626130.0,3401130.0,42.6,36.8,19.8,35.72
626230.0,3401130.0,42.6,36.8,19.8,35.72
626330.0,3401130.0,42.6,36.8,19.8,35.72
626430.0,3401130.0,42.6,36.8,19.8,35.72
626530.0,3401130.0,42.6,36.8,19.8,35.72
626630.0,3401130.0,42.6,36.8,19.8,35.72
626730.0,3401130.0,42.6,36.8,19.8,35.72
626830.0,3401130.0,42.6,36.8,19.8,35.72
626930.0,3401130.0,42.6,36.8,19.8,35.72
627030.0,3401130.0,42.6,36.8,19.8,35.72
627130.0,3401130.0,42.6,36.8,19.8,35.72
627230.0,3401130.0,42.6,36.8,19.8,35.72
627330.0,3401130.0,42.6,36.8,19.8,35.72
627430.0,3401130.0,42.6,36.8,19.8,35.72
627530.0,3401130.0,42.6,36.8,19.8,35.72
627630.0,3401130.0,42.6,36.8,19.8,35.72
627730.0,3401130.0,42.6,36.8,19.8,35.72
627830.0,3401130.0,42.6,36.8,19.8,35.72
627930.0,3401130.0,42.6,36.8,19.8,35.72
628030.0,3401130.0,42.6,36.8,19.8,35.72
628130.0,3401130.0,42.6,36.8,19.8,35.72
628230.0,3401130.0,42.6,36.8,19.8,35.72
628330.0,3401130.0,42.6,36.8,19.8,35.72
628430.0,3401130.0,42.6,36.8,19.8,35.72
628530.0,3401130.0,42.6,36.8,19.8,35.72
628630.0,3401130.0,42.6,36.8,19.8,35.72
628730.0,3401130.0,42.6,36.8,19.8,35.72
628830.0,3401130.0,42.6,36.8,19.8,35.72
628930.0,3401130.0,42.6,36.8,19.8,35.72
629030.0,3401130.0,42.6,36.8,19.8,35.72
629130.0,3401130.0,42.6,36.8,19.8,35.72
629230.0,3401130.0,42.6,36.8,19.8,35.72
629330.0,3401130.0,42.6,36.8,19.8,35.72
629430.0,3401130.0,42.6,36.8,19.8,35.72
629530.0,3401130.0,42.6,36.8,19.8,35.72
629630.0,3401130.0,42.6,36.8,19.8,35.72
629730.0,3401130.0,42.6,36.8,19.8,35.72
629830.0,3401130.0,42.6,36.8,19.8,35.72
629930.0,3401130.0,42.6,36.8,19.8,35.72
630030.0,3401130.0,42.6,36.8,19.8,35.72
630130.0,3401130.0,42.6,36.8,19.8,35.72
630230.0,3401130.0,42.6,36.8,19.8,35.72
630330.0,3401130.0,42.6,36.8,19.8,35.72
630430.0,3401130.0,42.6,36.8,19.8,35.72
630530.0,3401130.0,42.6,36.8,19.8,35.72
630630.0,3401130.0,42.6,36.8,19.8,35.72
630730.0,3401130.0,42.6,36.8,19.8,35.72
630830.0,3401130.0,42.6,36.8,19.8,35.72
630930.0,3401130.0,42.6,36.8,19.8,35.72
631030.0,3401130.0,42.6,36.8,19.8,35.72
631130.0,3401130.0,42.6,36.8,19.8,35.72
631230.0,3401130.0,42.6,36.8,19.8,35.72
631330.0,3401130.0,42.6,36.8,19.8,35.72
631430.0,3401130.0,42.6,36.8,19.8,35.72
631530.0,3401130.0,42.6,36.8,19.8,35.72
631630.0,3401130.0,42.6,36.8,19.8,35.72
631730.0,3401130.0,42.6,36.8,19.8,35.72
631830.0,3401130.0,42.6,36.8,19.8,35.72
631930.0,3401130.0,42.6,36.8,19.8,35.72
632030.0,3401130.0,42.6,36.8,19.8,35.72
632130.0,3401130.0,42.6,36.8,19.8,35.72
622630.0,3401030.0,42.6,36.8,19.8,35.72
622730.0,3401030.0,42.6,36.8,19.8,35.72
622830.0,3401030.0,42.6,36.8,19.8,35.72
622930.0,3401030.0,42.6,36.8,19.8,35.72
623030.0,3401030.0,42.6,36.8,19.8,35.72
623130.0,3401030.0,42.6,36.8,19.8,35.72
623230.0,3401030.0,42.6,36.8,19.8,35.72
623330.0,3401030.0,42.6,36.8,19.8,35.72
623430.0,3401030.0,42.6,36.8,19.8,35.72
623530.0,3401030.0,42.6,36.8,19.8,35.72
623630.0,3401030.0,42.6,36.8,19.8,35.72
623730.0,3401030.0,42.6,36.8,19.8,35.72
623830.0,3401030.0,42.6,36.8,19.8,35.72
623930.0,3401030.0,42.6,36.8,19.8,35.72
624030.0,3401030.0,42.6,36.8,19.8,35.72
624130.0,3401030.0,42.6,36.8,19.8,35.72
624230.0,3401030.0,42.6,36.8,19.8,35.72
624330.0,3401030.0,42.6,36.8,19.8,35.72
624430.0,3401030.0,42.6,36.8,19.8,35.72
624530.0,3401030.0,42.6,36.8,19.8,35.72
624630.0,3401030.0,42.6,36.8,19.8,35.72
624730.0,3401030.0,42.6,36.8,19.8,35.72
624830.0,3401030.0,42.6,36.8,19.8,35.72
624930.0,3401030.0,42.6,36.8,19.8,35.72
625030.0,3401030.0,42.6,36.8,19.8,35.72
625130.0,3401030.0,42.6,36.8,19.8,35.72
625230.0,3401030.0,42.6,36.8,19.8,35.72
625330.0,3401030.0,42.6,36.8,19.8,35.72
625430.0,3401030.0,42.6,36.8,19.8,35.72
625530.0,3401030.0,42.6,36.8,19.8,35.72
625630.0,3401030.0,42.6,36.8,19.8,35.72
625730.0,3401030.0,42.6,36.8,19.8,35.72
625830.0,3401030.0,42.6,36.8,19.8,35.72
625930.0,3401030.0,42.6,36.8,19.8,35.72
626030.0,3401030.0,42.6,36.8,19.8,35.72
626130.0,3401030.0,42.6,36.8,19.8,35.72
626230.0,3401030.0,42.6,36.8,19.8,35.72
626330.0,3401030.0,42.6,36.8,19.8,35.72
626430.0,3401030.0,42.6,36.8,19.8,35.72
626530.0,3401030.0,42.6,36.8,19.8,35.72
626630.0,3401030.0,42.6,36.8,19.8,35.72
626730.0,3401030.0,42.6,36.8,19.8,35.72
626830.0,3401030.0,42.6,36.8,19.8,35.72
626930.0,3401030.0,42.6,36.8,19.8,35.72
627030.0,3401030.0,42.6,36.8,19.8,35.72
627130.0,3401030.0,42.6,36.8,19.8,35.72
627230.0,3401030.0,42.6,36.8,19.8,35.72
627330.0,3401030.0,42.6,36.8,19.8,35.72
627430.0,3401030.0,42.6,36.8,19.8,35.72
627530.0,3401030.0,42.6,36.8,19.8,35.72
627630.0,3401030.0,42.6,36.8,19.8,35.72
627730.0,3401030.0,42.6,36.8,19.8,35.72
627830.0,3401030.0,42.6,36.8,19.8,35.72
627930.0,3401030.0,42.6,36.8,19.8,35.72
628030.0,3401030.0,42.6,36.8,19.8,35.72
628130.0,3401030.0,42.6,36.8,19.8,35.72
628230.0,3401030.0,42.6,36.8,19.8,35.72
628330.0,3401030.0,42.6,36.8,19.8,35.72
628430.0,3401030.0,42.6,36.8,19.8,35.72
628530.0,3401030.0,42.6,36.8,19.8,35.72
628630.0,3401030.0,42.6,36.8,19.8,35.72
628730.0,3401030.0,42.6,36.8,19.8,35.72
628830.0,3401030.0,42.6,36.8,19.8,35.72
628930.0,3401030.0,42.6,36.8,19.8,35.72
629030.0,3401030.0,42.6,36.8,19.8,35.72
629130.0,3401030.0,42.6,36.8,19.8,35.72
629230.0,3401030.0,42.6,36.8,19.8,35.72
629330.0,3401030.0,42.6,36.8,19.8,35.72
629430.0,3401030.0,42.6,36.8,19.8,35.72
629530.0,3401030.0,42.6,36.8,19.8,35.72
629630.0,3401030.0,42.6,36.8,19.8,35.72
629730.0,3401030.0,42.6,36.8,19.8,35.72
629830.0,3401030.0,42.6,36.8,19.8,35.72
629930.0,3401030.0,42.6,36.8,19.8,35.72
630030.0,3401030.0,42.6,36.8,19.8,35.72
630130.0,3401030.0,42.6,36.8,19.8,35.72
630230.0,3401030.0,42.6,36.8,19.8,35.72
630330.0,3401030.0,42.6,36.8,19.8,35.72
630430.0,3401030.0,42.6,36.8,19.8,35.72
630530.0,3401030.0,42.6,36.8,19.8,35.72
630630.0,3401030.0,42.6,36.8,19.8,35.72
630730.0,3401030.0,42.6,36.8,19.8,35.72
630830.0,3401030.0,42.6,36.8,19.8,35.72
630930.0,3401030.0,42.6,36.8,19.8,35.72
631030.0,3401030.0,42.6,36.8,19.8,35.72
631130.0,3401030.0,42.6,36.8,19.8,35.72
631230.0,3401030.0,42.6,36.8,19.8,35.72
631330.0,3401030.0,42.6,36.8,19.8,35.72
631430.0,3401030.0,42.6,36.8,19.8,35.72
631530.0,3401030.0,42.6,36.8,19.8,35.72
631630.0,3401030.0,42.6,36.8,19.8,35.72
631730.0,3401030.0,42.6,36.8,19.8,35.72
631830.0,3401030.0,42.6,36.8,19.8,35.72
631930.0,3401030.0,42.6,36.8,19.8,35.72
632030.0,3401030.0,42.6,36.8,19.8,35.72
632130.0,3401030.0,42.6,36.8,19.8,35.72
632230.0,3401030.0,42.6,36.8,19.8,35.72
622330.0,3400930.0,42.6,36.8,19.8,35.72
622430.0,3400930.0,42.6,36.8,19.8,35.72
622530.0,3400930.0,42.6,36.8,19.8,35.72
622630.0,3400930.0,42.6,36.8,19.8,35.72
622730.0,3400930.0,42.6,36.8,19.8,35.72
622830.0,3400930.0,42.6,36.8,19.8,35.72
622930.0,3400930.0,42.6,36.8,19.8,35.72
623030.0,3400930.0,42.6,36.8,19.8,35.72
623130.0,3400930.0,42.6,36.8,19.8,35.72
623230.0,3400930.0,42.6,36.8,19.8,35.72
623330.0,3400930.0,42.6,36.8,19.8,35.72
623430.0,3400930.0,42.6,36.8,19.8,35.72
623530.0,3400930.0,42.6,36.8,19.8,35.72
623630.0,3400930.0,42.6,36.8,19.8,35.72
623730.0,3400930.0,42.6,36.8,19.8,35.72
623830.0,3400930.0,42.6,36.8,19.8,35.72
623930.0,3400930.0,42.6,36.8,19.8,35.72
624030.0,3400930.0,42.6,36.8,19.8,35.72
624130.0,3400930.0,42.6,36.8,19.8,35.72
624230.0,3400930.0,42.6,36.8,19.8,35.72
624330.0,3400930.0,42.6,36.8,19.8,35.72
624430.0,3400930.0,42.6,36.8,19.8,35.72
624530.0,3400930.0,42.6,36.8,19.8,35.72
624630.0,3400930.0,42.6,36.8,19.8,35.72
624730.0,3400930.0,42.6,36.8,19.8,35.72
624830.0,3400930.0,42.6,36.8,19.8,35.72
624930.0,3400930.0,42.6,36.8,19.8,35.72
625030.0,3400930.0,42.6,36.8,19.8,35.72
625130.0,3400930.0,42.6,36.8,19.8,35.72
625230.0,3400930.0,42.6,36.8,19.8,35.72
625330.0,3400930.0,42.6,36.8,19.8,35.72
625430.0,3400930.0,42.6,36.8,19.8,35.72
625530.0,3400930.0,42.6,36.8,19.8,35.72
625630.0,3400930.0,42.6,36.8,19.8,35.72
625730.0,3400930.0,42.6,36.8,19.8,35.72
625830.0,3400930.0,42.6,36.8,19.8,35.72
625930.0,3400930.0,42.6,36.8,19.8,35.72
626030.0,3400930.0,42.6,36.8,19.8,35.72
626130.0,3400930.0,42.6,36.8,19.8,35.72
626230.0,3400930.0,42.6,36.8,19.8,35.72
626330.0,3400930.0,42.6,36.8,19.8,35.72
626430.0,3400930.0,42.6,36.8,19.8,35.72
626530.0,3400930.0,42.6,36.8,19.8,35.72
626630.0,3400930.0,42.6,36.8,19.8,35.72
626730.0,3400930.0,42.6,36.8,19.8,35.72
626830.0,3400930.0,42.6,36.8,19.8,35.72
626930.0,3400930.0,42.6,36.8,19.8,35.72
627030.0,3400930.0,42.6,36.8,19.8,35.72
627130.0,3400930.0,42.6,36.8,19.8,35.72
627230.0,3400930.0,42.6,36.8,19.8,35.72
627330.0,3400930.0,42.6,36.8,19.8,35.72
627430.0,3400930.0,42.6,36.8,19.8,35.72
627530.0,3400930.0,42.6,36.8,19.8,35.72
627630.0,3400930.0,42.6,36.8,19.8,35.72
627730.0,3400930.0,42.6,36.8,19.8,35.72
627830.0,3400930.0,42.6,36.8,19.8,35.72
627930.0,3400930.0,42.6,36.8,19.8,35.72
628030.0,3400930.0,42.6,36.8,19.8,35.72
628130.0,3400930.0,42.6,36.8,19.8,35.72
628230.0,3400930.0,42.6,36.8,19.8,35.72
628330.0,3400930.0,42.6,36.8,19.8,35.72
628430.0,3400930.0,42.6,36.8,19.8,35.72
628530.0,3400930.0,42.6,36.8,19.8,35.72
628630.0,3400930.0,42.6,36.8,19.8,35.72
628730.0,3400930.0,42.6,36.8,19.8,35.72
628830.0,3400930.0,42.6,36.8,19.8,35.72
628930.0,3400930.0,42.6,36.8,19.8,35.72
629030.0,3400930.0,42.6,36.8,19.8,35.72
629130.0,3400930.0,42.6,36.8,19.8,35.72
629230.0,3400930.0,42.6,36.8,19.8,35.72
629330.0,3400930.0,42.6,36.8,19.8,35.72
629430.0,3400930.0,42.6,36.8,19.8,35.72
629530.0,3400930.0,42.6,36.8,19.8,35.72
629630.0,3400930.0,42.6,36.8,19.8,35.72
629730.0,3400930.0,42.6,36.8,19.8,35.72
629830.0,3400930.0,42.6,36.8,19.8,35.72
629930.0,3400930.0,42.6,36.8,19.8,35.72
630030.0,3400930.0,42.6,36.8,19.8,35.72
630130.0,3400930.0,42.6,36.8,19.8,35.72
630230.0,3400930.0,42.6,36.8,19.8,35.72
630330.0,3400930.0,42.6,36.8,19.8,35.72
630430.0,3400930.0,42.6,36.8,19.8,35.72
630530.0,3400930.0,42.6,36.8,19.8,35.72
630630.0,3400930.0,42.6,36.8,19.8,35.72
630730.0,3400930.0,42.6,36.8,19.8,35.72
630830.0,3400930.0,42.6,36.8,19.8,35.72
630930.0,3400930.0,42.6,36.8,19.8,35.72
631030.0,3400930.0,42.6,36.8,19.8,35.72
631130.0,3400930.0,42.6,36.8,19.8,35.72
631230.0,3400930.0,42.6,36.8,19.8,35.72
631330.0,3400930.0,42.6,36.8,19.8,35.72
631430.0,3400930.0,42.6,36.8,19.8,35.72
631530.0,3400930.0,42.6,36.8,19.8,35.72
631630.0,3400930.0,42.6,36.8,19.8,35.72
631730.0,3400930.0,42.6,36.8,19.8,35.72
631830.0,3400930.0,42.6,36.8,19.8,35.72
631930.0,3400930.0,42.6,36.8,19.8,35.72
632030.0,3400930.0,42.6,36.8,19.8,35.72
632130.0,3400930.0,42.6,36.8,19.8,35.72
632230.0,3400930.0,42.6,36.8,19.8,35.72
622230.0,3400830.0,42.6,36.8,19.8,35.72
622330.0,3400830.0,42.6,36.8,19.8,35.72
622430.0,3400830.0,42.6,36.8,19.8,35.72
622530.0,3400830.0,42.6,36.8,19.8,35.72
622630.0,3400830.0,42.6,36.8,19.8,35.72
622730.0,3400830.0,42.6,36.8,19.8,35.72
622830.0,3400830.0,42.6,36.8,19.8,35.72
622930.0,3400830.0,42.6,36.8,19.8,35.72
623030.0,3400830.0,42.6,36.8,19.8,35.72
623130.0,3400830.0,42.6,36.8,19.8,35.72
623230.0,3400830.0,42.6,36.8,19.8,35.72
623330.0,3400830.0,42.6,36.8,19.8,35.72
623430.0,3400830.0,42.6,36.8,19.8,35.72
623530.0,3400830.0,42.6,36.8,19.8,35.72
623630.0,3400830.0,42.6,36.8,19.8,35.72
623730.0,3400830.0,42.6,36.8,19.8,35.72
623830.0,3400830.0,42.6,36.8,19.8,35.72
623930.0,3400830.0,42.6,36.8,19.8,35.72
624030.0,3400830.0,42.6,36.8,19.8,35.72
624130.0,3400830.0,42.6,36.8,19.8,35.72
624230.0,3400830.0,42.6,36.8,19.8,35.72
624330.0,3400830.0,42.6,36.8,19.8,35.72
624430.0,3400830.0,42.6,36.8,19.8,35.72
624530.0,3400830.0,42.6,36.8,19.8,35.72
624630.0,3400830.0,42.6,36.8,19.8,35.72
624730.0,3400830.0,42.6,36.8,19.8,35.72
624830.0,3400830.0,42.6,36.8,19.8,35.72
624930.0,3400830.0,42.6,36.8,19.8,35.72
625030.0,3400830.0,42.6,36.8,19.8,35.72
625130.0,3400830.0,42.6,36.8,19.8,35.72
625230.0,3400830.0,42.6,36.8,19.8,35.72
625330.0,3400830.0,42.6,36.8,19.8,35.72
625430.0,3400830.0,42.6,36.8,19.8,35.72
625530.0,3400830.0,42.6,36.8,19.8,35.72
625630.0,3400830.0,42.6,36.8,19.8,35.72
625730.0,3400830.0,42.6,36.8,19.8,35.72
625830.0,3400830.0,42.6,36.8,19.8,35.72
625930.0,3400830.0,42.6,36.8,19.8,35.72
626030.0,3400830.0,42.6,36.8,19.8,35.72
626130.0,3400830.0,42.6,36.8,19.8,35.72
626230.0,3400830.0,42.6,36.8,19.8,35.72
626330.0,3400830.0,42.6,36.8,19.8,35.72
626430.0,3400830.0,42.6,36.8,19.8,35.72
626530.0,3400830.0,42.6,36.8,19.8,35.72
626630.0,3400830.0,42.6,36.8,19.8,35.72
626730.0,3400830.0,42.6,36.8,19.8,35.72
626830.0,3400830.0,42.6,36.8,19.8,35.72
626930.0,3400830.0,42.6,36.8,19.8,35.72
627030.0,3400830.0,42.6,36.8,19.8,35.72
627130.0,3400830.0,42.6,36.8,19.8,35.72
627230.0,3400830.0,42.6,36.8,19.8,35.72
627330.0,3400830.0,42.6,36.8,19.8,35.72
627430.0,3400830.0,42.6,36.8,19.8,35.72
627530.0,3400830.0,42.6,36.8,19.8,35.72
627630.0,3400830.0,42.6,36.8,19.8,35.72
627730.0,3400830.0,42.6,36.8,19.8,35.72
627830.0,3400830.0,42.6,36.8,19.8,35.72
627930.0,3400830.0,42.6,36.8,19.8,35.72
628030.0,3400830.0,42.6,36.8,19.8,35.72
628130.0,3400830.0,42.6,36.8,19.8,35.72
628230.0,3400830.0,42.6,36.8,19.8,35.72
628330.0,3400830.0,42.6,36.8,19.8,35.72
628430.0,3400830.0,42.6,36.8,19.8,35.72
628530.0,3400830.0,42.6,36.8,19.8,35.72
628630.0,3400830.0,42.6,36.8,19.8,35.72
628730.0,3400830.0,42.6,36.8,19.8,35.72
628830.0,3400830.0,42.6,36.8,19.8,35.72
628930.0,3400830.0,42.6,36.8,19.8,35.72
629030.0,3400830.0,42.6,36.8,19.8,35.72
629130.0,3400830.0,42.6,36.8,19.8,35.72
629230.0,3400830.0,42.6,36.8,19.8,35.72
629330.0,3400830.0,42.6,36.8,19.8,35.72
629430.0,3400830.0,42.6,36.8,19.8,35.72
629530.0,3400830.0,42.6,36.8,19.8,35.72
629630.0,3400830.0,42.6,36.8,19.8,35.72
629730.0,3400830.0,42.6,36.8,19.8,35.72
629830.0,3400830.0,42.6,36.8,19.8,35.72
629930.0,3400830.0,42.6,36.8,19.8,35.72
630030.0,3400830.0,42.6,36.8,19.8,35.72
630130.0,3400830.0,42.6,36.8,19.8,35.72
630230.0,3400830.0,42.6,36.8,19.8,35.72
630330.0,3400830.0,42.6,36.8,19.8,35.72
630430.0,3400830.0,42.6,36.8,19.8,35.72
630530.0,3400830.0,42.6,36.8,19.8,35.72
630630.0,3400830.0,42.6,36.8,19.8,35.72
630730.0,3400830.0,42.6,36.8,19.8,35.72
630830.0,3400830.0,42.6,36.8,19.8,35.72
630930.0,3400830.0,42.6,36.8,19.8,35.72
631030.0,3400830.0,42.6,36.8,19.8,35.72
631130.0,3400830.0,42.6,36.8,19.8,35.72
631230.0,3400830.0,42.6,36.8,19.8,35.72
631330.0,3400830.0,42.6,36.8,19.8,35.72
631430.0,3400830.0,42.6,36.8,19.8,35.72
631530.0,3400830.0,42.6,36.8,19.8,35.72
631630.0,3400830.0,42.6,36.8,19.8,35.72
631730.0,3400830.0,42.6,36.8,19.8,35.72
631830.0,3400830.0,42.6,36.8,19.8,35.72
631930.0,3400830.0,42.6,36.8,19.8,35.72
632030.0,3400830.0,42.6,36.8,19.8,35.72
632130.0,3400830.0,42.6,36.8,19.8,35.72
632230.0,3400830.0,42.6,36.8,19.8,35.72
622230.0,3400730.0,42.6,36.8,19.8,35.72
622330.0,3400730.0,42.6,36.8,19.8,35.72
622430.0,3400730.0,42.6,36.8,19.8,35.72
622530.0,3400730.0,42.6,36.8,19.8,35.72
622630.0,3400730.0,42.6,36.8,19.8,35.72
622730.0,3400730.0,42.6,36.8,19.8,35.72
622830.0,3400730.0,42.6,36.8,19.8,35.72
622930.0,3400730.0,42.6,36.8,19.8,35.72
623030.0,3400730.0,42.6,36.8,19.8,35.72
623130.0,3400730.0,42.6,36.8,19.8,35.72
623230.0,3400730.0,42.6,36.8,19.8,35.72
623330.0,3400730.0,42.6,36.8,19.8,35.72
623430.0,3400730.0,42.6,36.8,19.8,35.72
623530.0,3400730.0,42.6,36.8,19.8,35.72
623630.0,3400730.0,42.6,36.8,19.8,35.72
623730.0,3400730.0,42.6,36.8,19.8,35.72
623830.0,3400730.0,42.6,36.8,19.8,35.72
623930.0,3400730.0,42.6,36.8,19.8,35.72
624030.0,3400730.0,42.6,36.8,19.8,35.72
624130.0,3400730.0,42.6,36.8,19.8,35.72
624230.0,3400730.0,42.6,36.8,19.8,35.72
624330.0,3400730.0,42.6,36.8,19.8,35.72
624430.0,3400730.0,42.6,36.8,19.8,35.72
624530.0,3400730.0,42.6,36.8,19.8,35.72
624630.0,3400730.0,42.6,36.8,19.8,35.72
624730.0,3400730.0,42.6,36.8,19.8,35.72
624830.0,3400730.0,42.6,36.8,19.8,35.72
624930.0,3400730.0,42.6,36.8,19.8,35.72
625030.0,3400730.0,42.6,36.8,19.8,35.72
625130.0,3400730.0,42.6,36.8,19.8,35.72
625230.0,3400730.0,42.6,36.8,19.8,35.72
625330.0,3400730.0,42.6,36.8,19.8,35.72
625430.0,3400730.0,42.6,36.8,19.8,35.72
625530.0,3400730.0,42.6,36.8,19.8,35.72
625630.0,3400730.0,42.6,36.8,19.8,35.72
625730.0,3400730.0,42.6,36.8,19.8,35.72
625830.0,3400730.0,42.6,36.8,19.8,35.72
625930.0,3400730.0,42.6,36.8,19.8,35.72
626030.0,3400730.0,42.6,36.8,19.8,35.72
626130.0,3400730.0,42.6,36.8,19.8,35.72
626230.0,3400730.0,42.6,36.8,19.8,35.72
626330.0,3400730.0,42.6,36.8,19.8,35.72
626430.0,3400730.0,42.6,36.8,19.8,35.72
626530.0,3400730.0,42.6,36.8,19.8,35.72
626630.0,3400730.0,42.6,36.8,19.8,35.72
626730.0,3400730.0,42.6,36.8,19.8,35.72
626830.0,3400730.0,42.6,36.8,19.8,35.72
626930.0,3400730.0,42.6,36.8,19.8,35.72
627030.0,3400730.0,42.6,36.8,19.8,35.72
627130.0,3400730.0,42.6,36.8,19.8,35.72
627230.0,3400730.0,42.6,36.8,19.8,35.72
627330.0,3400730.0,42.6,36.8,19.8,35.72
627430.0,3400730.0,42.6,36.8,19.8,35.72
627530.0,3400730.0,42.6,36.8,19.8,35.72
627630.0,3400730.0,42.6,36.8,19.8,35.72
627730.0,3400730.0,42.6,36.8,19.8,35.72
627830.0,3400730.0,42.6,36.8,19.8,35.72
627930.0,3400730.0,42.6,36.8,19.8,35.72
628030.0,3400730.0,42.6,36.8,19.8,35.72
628130.0,3400730.0,42.6,36.8,19.8,35.72
628230.0,3400730.0,42.6,36.8,19.8,35.72
628330.0,3400730.0,42.6,36.8,19.8,35.72
628430.0,3400730.0,42.6,36.8,19.8,35.72
628530.0,3400730.0,42.6,36.8,19.8,35.72
628630.0,3400730.0,42.6,36.8,19.8,35.72
628730.0,3400730.0,42.6,36.8,19.8,35.72
628830.0,3400730.0,42.6,36.8,19.8,35.72
628930.0,3400730.0,42.6,36.8,19.8,35.72
629030.0,3400730.0,42.6,36.8,19.8,35.72
629130.0,3400730.0,42.6,36.8,19.8,35.72
629230.0,3400730.0,42.6,36.8,19.8,35.72
629330.0,3400730.0,42.6,36.8,19.8,35.72
629430.0,3400730.0,42.6,36.8,19.8,35.72
629530.0,3400730.0,42.6,36.8,19.8,35.72
629630.0,3400730.0,42.6,36.8,19.8,35.72
629730.0,3400730.0,42.6,36.8,19.8,35.72
629830.0,3400730.0,42.6,36.8,19.8,35.72
629930.0,3400730.0,42.6,36.8,19.8,35.72
630030.0,3400730.0,42.6,36.8,19.8,35.72
630130.0,3400730.0,42.6,36.8,19.8,35.72
630230.0,3400730.0,42.6,36.8,19.8,35.72
630330.0,3400730.0,42.6,36.8,19.8,35.72
630430.0,3400730.0,42.6,36.8,19.8,35.72
630530.0,3400730.0,42.6,36.8,19.8,35.72
630630.0,3400730.0,42.6,36.8,19.8,35.72
630730.0,3400730.0,42.6,36.8,19.8,35.72
630830.0,3400730.0,42.6,36.8,19.8,35.72
630930.0,3400730.0,42.6,36.8,19.8,35.72
631030.0,3400730.0,42.6,36.8,19.8,35.72
631130.0,3400730.0,42.6,36.8,19.8,35.72
631230.0,3400730.0,42.6,36.8,19.8,35.72
631330.0,3400730.0,42.6,36.8,19.8,35.72
631430.0,3400730.0,42.6,36.8,19.8,35.72
631530.0,3400730.0,42.6,36.8,19.8,35.72
631630.0,3400730.0,42.6,36.8,19.8,35.72
631730.0,3400730.0,42.6,36.8,19.8,35.72
631830.0,3400730.0,42.6,36.8,19.8,35.72
631930.0,3400730.0,42.6,36.8,19.8,35.72
632030.0,3400730.0,42.6,36.8,19.8,35.72
632130.0,3400730.0,42.6,36.8,19.8,35.72
632230.0,3400730.0,42.6,36.8,19.8,35.72
632330.0,3400730.0,42.6,36.8,19.8,35.72
632430.0,3400730.0,42.6,36.8,19.8,35.72
622330.0,3400630.0,42.6,36.8,19.8,35.72
622430.0,3400630.0,42.6,36.8,19.8,35.72
622530.0,3400630.0,42.6,36.8,19.8,35.72
622630.0,3400630.0,42.6,36.8,19.8,35.72
622730.0,3400630.0,42.6,36.8,19.8,35.72
622830.0,3400630.0,42.6,36.8,19.8,35.72
622930.0,3400630.0,42.6,36.8,19.8,35.72
623030.0,3400630.0,42.6,36.8,19.8,35.72
623130.0,3400630.0,42.6,36.8,19.8,35.72
623230.0,3400630.0,42.6,36.8,19.8,35.72
623330.0,3400630.0,42.6,36.8,19.8,35.72
623430.0,3400630.0,42.6,36.8,19.8,35.72
623530.0,3400630.0,42.6,36.8,19.8,35.72
623630.0,3400630.0,42.6,36.8,19.8,35.72
623730.0,3400630.0,42.6,36.8,19.8,35.72
623830.0,3400630.0,42.6,36.8,19.8,35.72
623930.0,3400630.0,42.6,36.8,19.8,35.72
624030.0,3400630.0,42.6,36.8,19.8,35.72
624130.0,3400630.0,42.6,36.8,19.8,35.72
624230.0,3400630.0,42.6,36.8,19.8,35.72
624330.0,3400630.0,42.6,36.8,19.8,35.72
624430.0,3400630.0,42.6,36.8,19.8,35.72
624530.0,3400630.0,42.6,36.8,19.8,35.72
624630.0,3400630.0,42.6,36.8,19.8,35.72
624730.0,3400630.0,42.6,36.8,19.8,35.72
624830.0,3400630.0,42.6,36.8,19.8,35.72
624930.0,3400630.0,42.6,36.8,19.8,35.72
625030.0,3400630.0,42.6,36.8,19.8,35.72
625130.0,3400630.0,42.6,36.8,19.8,35.72
625230.0,3400630.0,42.6,36.8,19.8,35.72
625330.0,3400630.0,42.6,36.8,19.8,35.72
625430.0,3400630.0,42.6,36.8,19.8,35.72
625530.0,3400630.0,42.6,36.8,19.8,35.72
625630.0,3400630.0,42.6,36.8,19.8,35.72
625730.0,3400630.0,42.6,36.8,19.8,35.72
625830.0,3400630.0,42.6,36.8,19.8,35.72
625930.0,3400630.0,42.6,36.8,19.8,35.72
626030.0,3400630.0,42.6,36.8,19.8,35.72
626130.0,3400630.0,42.6,36.8,19.8,35.72
626230.0,3400630.0,42.6,36.8,19.8,35.72
626330.0,3400630.0,42.6,36.8,19.8,35.72
626430.0,3400630.0,42.6,36.8,19.8,35.72
626530.0,3400630.0,42.6,36.8,19.8,35.72
626630.0,3400630.0,42.6,36.8,19.8,35.72
626730.0,3400630.0,42.6,36.8,19.8,35.72
626830.0,3400630.0,42.6,36.8,19.8,35.72
626930.0,3400630.0,42.6,36.8,19.8,35.72
627030.0,3400630.0,42.6,36.8,19.8,35.72
627130.0,3400630.0,42.6,36.8,19.8,35.72
627230.0,3400630.0,42.6,36.8,19.8,35.72
627330.0,3400630.0,42.6,36.8,19.8,35.72
627430.0,3400630.0,42.6,36.8,19.8,35.72
627530.0,3400630.0,42.6,36.8,19.8,35.72
627630.0,3400630.0,42.6,36.8,19.8,35.72
627730.0,3400630.0,42.6,36.8,19.8,35.72
627830.0,3400630.0,42.6,36.8,19.8,35.72
627930.0,3400630.0,42.6,36.8,19.8,35.72
628030.0,3400630.0,42.6,36.8,19.8,35.72
628130.0,3400630.0,42.6,36.8,19.8,35.72
628230.0,3400630.0,42.6,36.8,19.8,35.72
628330.0,3400630.0,42.6,36.8,19.8,35.72
628430.0,3400630.0,42.6,36.8,19.8,35.72
628530.0,3400630.0,42.6,36.8,19.8,35.72
628630.0,3400630.0,42.6,36.8,19.8,35.72
628730.0,3400630.0,42.6,36.8,19.8,35.72
628830.0,3400630.0,42.6,36.8,19.8,35.72
628930.0,3400630.0,42.6,36.8,19.8,35.72
629030.0,3400630.0,42.6,36.8,19.8,35.72
629130.0,3400630.0,42.6,36.8,19.8,35.72
629230.0,3400630.0,42.6,36.8,19.8,35.72
629330.0,3400630.0,42.6,36.8,19.8,35.72
629430.0,3400630.0,42.6,36.8,19.8,35.72
629530.0,3400630.0,42.6,36.8,19.8,35.72
629630.0,3400630.0,42.6,36.8,19.8,35.72
629730.0,3400630.0,42.6,36.8,19.8,35.72
629830.0,3400630.0,42.6,36.8,19.8,35.72
629930.0,3400630.0,42.6,36.8,19.8,35.72
630030.0,3400630.0,42.6,36.8,19.8,35.72
630130.0,3400630.0,42.6,36.8,19.8,35.72
630230.0,3400630.0,42.6,36.8,19.8,35.72
630330.0,3400630.0,42.6,36.8,19.8,35.72
630430.0,3400630.0,42.6,36.8,19.8,35.72
630530.0,3400630.0,42.6,36.8,19.8,35.72
630630.0,3400630.0,42.6,36.8,19.8,35.72
630730.0,3400630.0,42.6,36.8,19.8,35.72
630830.0,3400630.0,42.6,36.8,19.8,35.72
630930.0,3400630.0,42.6,36.8,19.8,35.72
631030.0,3400630.0,42.6,36.8,19.8,35.72
631130.0,3400630.0,42.6,36.8,19.8,35.72
631230.0,3400630.0,42.6,36.8,19.8,35.72
631330.0,3400630.0,42.6,36.8,19.8,35.72
631430.0,3400630.0,42.6,36.8,19.8,35.72
631530.0,3400630.0,42.6,36.8,19.8,35.72
631630.0,3400630.0,42.6,36.8,19.8,35.72
631730.0,3400630.0,42.6,36.8,19.8,35.72
631830.0,3400630.0,42.6,36.8,19.8,35.72
631930.0,3400630.0,42.6,36.8,19.8,35.72
632030.0,3400630.0,42.6,36.8,19.8,35.72
632130.0,3400630.0,42.6,36.8,19.8,35.72
632230.0,3400630.0,42.6,36.8,19.8,35.72
632330.0,3400630.0,42.6,36.8,19.8,35.72
632430.0,3400630.0,42.6,36.8,19.8,35.72
632530.0,3400630.0,42.6,36.8,19.8,35.72
632630.0,3400630.0,42.6,36.8,19.8,35.72
632730.0,3400630.0,42.6,36.8,19.8,35.72
632830.0,3400630.0,42.6,36.8,19.8,35.72
622330.0,3400530.0,42.6,36.8,19.8,35.72
622430.0,3400530.0,42.6,36.8,19.8,35.72
622530.0,3400530.0,42.6,36.8,19.8,35.72
622630.0,3400530.0,42.6,36.8,19.8,35.72
622730.0,3400530.0,42.6,36.8,19.8,35.72
622830.0,3400530.0,42.6,36.8,19.8,35.72
622930.0,3400530.0,42.6,36.8,19.8,35.72
623030.0,3400530.0,42.6,36.8,19.8,35.72
623130.0,3400530.0,42.6,36.8,19.8,35.72
623230.0,3400530.0,42.6,36.8,19.8,35.72
623330.0,3400530.0,42.6,36.8,19.8,35.72
623430.0,3400530.0,42.6,36.8,19.8,35.72
623530.0,3400530.0,42.6,36.8,19.8,35.72
623630.0,3400530.0,42.6,36.8,19.8,35.72
623730.0,3400530.0,42.6,36.8,19.8,35.72
623830.0,3400530.0,42.6,36.8,19.8,35.72
623930.0,3400530.0,42.6,36.8,19.8,35.72
624030.0,3400530.0,42.6,36.8,19.8,35.72
624130.0,3400530.0,42.6,36.8,19.8,35.72
624230.0,3400530.0,42.6,36.8,19.8,35.72
624330.0,3400530.0,42.6,36.8,19.8,35.72
624430.0,3400530.0,42.6,36.8,19.8,35.72
624530.0,3400530.0,42.6,36.8,19.8,35.72
624630.0,3400530.0,42.6,36.8,19.8,35.72
624730.0,3400530.0,42.6,36.8,19.8,35.72
624830.0,3400530.0,42.6,36.8,19.8,35.72
624930.0,3400530.0,42.6,36.8,19.8,35.72
625030.0,3400530.0,42.6,36.8,19.8,35.72
625130.0,3400530.0,42.6,36.8,19.8,35.72
625230.0,3400530.0,42.6,36.8,19.8,35.72
625330.0,3400530.0,42.6,36.8,19.8,35.72
625430.0,3400530.0,42.6,36.8,19.8,35.72
625530.0,3400530.0,42.6,36.8,19.8,35.72
625630.0,3400530.0,42.6,36.8,19.8,35.72
625730.0,3400530.0,42.6,36.8,19.8,35.72
625830.0,3400530.0,42.6,36.8,19.8,35.72
625930.0,3400530.0,42.6,36.8,19.8,35.72
626030.0,3400530.0,42.6,36.8,19.8,35.72
626130.0,3400530.0,42.6,36.8,19.8,35.72
626230.0,3400530.0,42.6,36.8,19.8,35.72
626330.0,3400530.0,42.6,36.8,19.8,35.72
626430.0,3400530.0,42.6,36.8,19.8,35.72
626530.0,3400530.0,42.6,36.8,19.8,35.72
626630.0,3400530.0,42.6,36.8,19.8,35.72
626730.0,3400530.0,42.6,36.8,19.8,35.72
626830.0,3400530.0,42.6,36.8,19.8,35.72
626930.0,3400530.0,42.6,36.8,19.8,35.72
627030.0,3400530.0,42.6,36.8,19.8,35.72
627130.0,3400530.0,42.6,36.8,19.8,35.72
627230.0,3400530.0,42.6,36.8,19.8,35.72
627330.0,3400530.0,42.6,36.8,19.8,35.72
627430.0,3400530.0,42.6,36.8,19.8,35.72
627530.0,3400530.0,42.6,36.8,19.8,35.72
627630.0,3400530.0,42.6,36.8,19.8,35.72
627730.0,3400530.0,42.6,36.8,19.8,35.72
627830.0,3400530.0,42.6,36.8,19.8,35.72
627930.0,3400530.0,42.6,36.8,19.8,35.72
628030.0,3400530.0,42.6,36.8,19.8,35.72
628130.0,3400530.0,42.6,36.8,19.8,35.72
628230.0,3400530.0,42.6,36.8,19.8,35.72
628330.0,3400530.0,42.6,36.8,19.8,35.72
628430.0,3400530.0,42.6,36.8,19.8,35.72
628530.0,3400530.0,42.6,36.8,19.8,35.72
628630.0,3400530.0,42.6,36.8,19.8,35.72
628730.0,3400530.0,42.6,36.8,19.8,35.72
628830.0,3400530.0,42.6,36.8,19.8,35.72
628930.0,3400530.0,42.6,36.8,19.8,35.72
629030.0,3400530.0,42.6,36.8,19.8,35.72
629130.0,3400530.0,42.6,36.8,19.8,35.72
629230.0,3400530.0,42.6,36.8,19.8,35.72
629330.0,3400530.0,42.6,36.8,19.8,35.72
629430.0,3400530.0,42.6,36.8,19.8,35.72
629530.0,3400530.0,42.6,36.8,19.8,35.72
629630.0,3400530.0,42.6,36.8,19.8,35.72
629730.0,3400530.0,42.6,36.8,19.8,35.72
629830.0,3400530.0,42.6,36.8,19.8,35.72
629930.0,3400530.0,42.6,36.8,19.8,35.72
630030.0,3400530.0,42.6,36.8,19.8,35.72
630130.0,3400530.0,42.6,36.8,19.8,35.72
630230.0,3400530.0,42.6,36.8,19.8,35.72
630330.0,3400530.0,42.6,36.8,19.8,35.72
630430.0,3400530.0,42.6,36.8,19.8,35.72
630530.0,3400530.0,42.6,36.8,19.8,35.72
630630.0,3400530.0,42.6,36.8,19.8,35.72
630730.0,3400530.0,42.6,36.8,19.8,35.72
630830.0,3400530.0,42.6,36.8,19.8,35.72
630930.0,3400530.0,42.6,36.8,19.8,35.72
631030.0,3400530.0,42.6,36.8,19.8,35.72
631130.0,3400530.0,42.6,36.8,19.8,35.72
631230.0,3400530.0,42.6,36.8,19.8,35.72
631330.0,3400530.0,42.6,36.8,19.8,35.72
631430.0,3400530.0,42.6,36.8,19.8,35.72
631530.0,3400530.0,42.6,36.8,19.8,35.72
631630.0,3400530.0,42.6,36.8,19.8,35.72
631730.0,3400530.0,42.6,36.8,19.8,35.72
631830.0,3400530.0,42.6,36.8,19.8,35.72
631930.0,3400530.0,42.6,36.8,19.8,35.72
632030.0,3400530.0,42.6,36.8,19.8,35.72
632130.0,3400530.0,42.6,36.8,19.8,35.72
632230.0,3400530.0,42.6,36.8,19.8,35.72
632330.0,3400530.0,42.6,36.8,19.8,35.72
632430.0,3400530.0,42.6,36.8,19.8,35.72
632530.0,3400530.0,42.6,36.8,19.8,35.72
632630.0,3400530.0,42.6,36.8,19.8,35.72
632730.0,3400530.0,42.6,36.8,19.8,35.72
632830.0,3400530.0,42.6,36.8,19.8,35.72
632930.0,3400530.0,42.6,36.8,19.8,35.72
622430.0,3400430.0,42.6,36.8,19.8,35.72
622530.0,3400430.0,42.6,36.8,19.8,35.72
622630.0,3400430.0,42.6,36.8,19.8,35.72
622730.0,3400430.0,42.6,36.8,19.8,35.72
622830.0,3400430.0,42.6,36.8,19.8,35.72
622930.0,3400430.0,42.6,36.8,19.8,35.72
623030.0,3400430.0,42.6,36.8,19.8,35.72
623130.0,3400430.0,42.6,36.8,19.8,35.72
623230.0,3400430.0,42.6,36.8,19.8,35.72
623330.0,3400430.0,42.6,36.8,19.8,35.72
623430.0,3400430.0,42.6,36.8,19.8,35.72
623530.0,3400430.0,42.6,36.8,19.8,35.72
623630.0,3400430.0,42.6,36.8,19.8,35.72
623730.0,3400430.0,42.6,36.8,19.8,35.72
623830.0,3400430.0,42.6,36.8,19.8,35.72
623930.0,3400430.0,42.6,36.8,19.8,35.72
624030.0,3400430.0,42.6,36.8,19.8,35.72
624130.0,3400430.0,42.6,36.8,19.8,35.72
624230.0,3400430.0,42.6,36.8,19.8,35.72
624330.0,3400430.0,42.6,36.8,19.8,35.72
624430.0,3400430.0,42.6,36.8,19.8,35.72
624530.0,3400430.0,42.6,36.8,19.8,35.72
624630.0,3400430.0,42.6,36.8,19.8,35.72
624730.0,3400430.0,42.6,36.8,19.8,35.72
624830.0,3400430.0,42.6,36.8,19.8,35.72
624930.0,3400430.0,42.6,36.8,19.8,35.72
625030.0,3400430.0,42.6,36.8,19.8,35.72
625130.0,3400430.0,42.6,36.8,19.8,35.72
625230.0,3400430.0,42.6,36.8,19.8,35.72
625330.0,3400430.0,42.6,36.8,19.8,35.72
625430.0,3400430.0,42.6,36.8,19.8,35.72
625530.0,3400430.0,42.6,36.8,19.8,35.72
625630.0,3400430.0,42.6,36.8,19.8,35.72
625730.0,3400430.0,42.6,36.8,19.8,35.72
625830.0,3400430.0,42.6,36.8,19.8,35.72
625930.0,3400430.0,42.6,36.8,19.8,35.72
626030.0,3400430.0,42.6,36.8,19.8,35.72
626130.0,3400430.0,42.6,36.8,19.8,35.72
626230.0,3400430.0,42.6,36.8,19.8,35.72
626330.0,3400430.0,42.6,36.8,19.8,35.72
626430.0,3400430.0,42.6,36.8,19.8,35.72
626530.0,3400430.0,42.6,36.8,19.8,35.72
626630.0,3400430.0,42.6,36.8,19.8,35.72
626730.0,3400430.0,42.6,36.8,19.8,35.72
626830.0,3400430.0,42.6,36.8,19.8,35.72
626930.0,3400430.0,42.6,36.8,19.8,35.72
627030.0,3400430.0,42.6,36.8,19.8,35.72
627130.0,3400430.0,42.6,36.8,19.8,35.72
627230.0,3400430.0,42.6,36.8,19.8,35.72
627330.0,3400430.0,42.6,36.8,19.8,35.72
627430.0,3400430.0,42.6,36.8,19.8,35.72
627530.0,3400430.0,42.6,36.8,19.8,35.72
627630.0,3400430.0,42.6,36.8,19.8,35.72
627730.0,3400430.0,42.6,36.8,19.8,35.72
627830.0,3400430.0,42.6,36.8,19.8,35.72
627930.0,3400430.0,42.6,36.8,19.8,35.72
628030.0,3400430.0,42.6,36.8,19.8,35.72
628130.0,3400430.0,42.6,36.8,19.8,35.72
628230.0,3400430.0,42.6,36.8,19.8,35.72
628330.0,3400430.0,42.6,36.8,19.8,35.72
628430.0,3400430.0,42.6,36.8,19.8,35.72
628530.0,3400430.0,42.6,36.8,19.8,35.72
628630.0,3400430.0,42.6,36.8,19.8,35.72
628730.0,3400430.0,42.6,36.8,19.8,35.72
628830.0,3400430.0,42.6,36.8,19.8,35.72
628930.0,3400430.0,42.6,36.8,19.8,35.72
629030.0,3400430.0,42.6,36.8,19.8,35.72
629130.0,3400430.0,42.6,36.8,19.8,35.72
629230.0,3400430.0,42.6,36.8,19.8,35.72
629330.0,3400430.0,42.6,36.8,19.8,35.72
629430.0,3400430.0,42.6,36.8,19.8,35.72
629530.0,3400430.0,42.6,36.8,19.8,35.72
629630.0,3400430.0,42.6,36.8,19.8,35.72
629730.0,3400430.0,42.6,36.8,19.8,35.72
629830.0,3400430.0,42.6,36.8,19.8,35.72
629930.0,3400430.0,42.6,36.8,19.8,35.72
630030.0,3400430.0,42.6,36.8,19.8,35.72
630130.0,3400430.0,42.6,36.8,19.8,35.72
630230.0,3400430.0,42.6,36.8,19.8,35.72
630330.0,3400430.0,42.6,36.8,19.8,35.72
630430.0,3400430.0,42.6,36.8,19.8,35.72
630530.0,3400430.0,42.6,36.8,19.8,35.72
630630.0,3400430.0,42.6,36.8,19.8,35.72
630730.0,3400430.0,42.6,36.8,19.8,35.72
630830.0,3400430.0,42.6,36.8,19.8,35.72
630930.0,3400430.0,42.6,36.8,19.8,35.72
631030.0,3400430.0,42.6,36.8,19.8,35.72
631130.0,3400430.0,42.6,36.8,19.8,35.72
631230.0,3400430.0,42.6,36.8,19.8,35.72
631330.0,3400430.0,42.6,36.8,19.8,35.72
631430.0,3400430.0,42.6,36.8,19.8,35.72
631530.0,3400430.0,42.6,36.8,19.8,35.72
631630.0,3400430.0,42.6,36.8,19.8,35.72
631730.0,3400430.0,42.6,36.8,19.8,35.72
631830.0,3400430.0,42.6,36.8,19.8,35.72
631930.0,3400430.0,42.6,36.8,19.8,35.72
632030.0,3400430.0,42.6,36.8,19.8,35.72
632130.0,3400430.0,42.6,36.8,19.8,35.72
632230.0,3400430.0,42.6,36.8,19.8,35.72
632330.0,3400430.0,42.6,36.8,19.8,35.72
632430.0,3400430.0,42.6,36.8,19.8,35.72
632530.0,3400430.0,42.6,36.8,19.8,35.72
632630.0,3400430.0,42.6,36.8,19.8,35.72
632730.0,3400430.0,42.6,36.8,19.8,35.72
632830.0,3400430.0,42.6,36.8,19.8,35.72
632930.0,3400430.0,42.6,36.8,19.8,35.72
622430.0,3400330.0,42.6,36.8,19.8,35.72
622530.0,3400330.0,42.6,36.8,19.8,35.72
622630.0,3400330.0,42.6,36.8,19.8,35.72
622730.0,3400330.0,42.6,36.8,19.8,35.72
622830.0,3400330.0,42.6,36.8,19.8,35.72
622930.0,3400330.0,42.6,36.8,19.8,35.72
623030.0,3400330.0,42.6,36.8,19.8,35.72
623130.0,3400330.0,42.6,36.8,19.8,35.72
623230.0,3400330.0,42.6,36.8,19.8,35.72
623330.0,3400330.0,42.6,36.8,19.8,35.72
623430.0,3400330.0,42.6,36.8,19.8,35.72
623530.0,3400330.0,42.6,36.8,19.8,35.72
623630.0,3400330.0,42.6,36.8,19.8,35.72
623730.0,3400330.0,42.6,36.8,19.8,35.72
623830.0,3400330.0,42.6,36.8,19.8,35.72
623930.0,3400330.0,42.6,36.8,19.8,35.72
624030.0,3400330.0,42.6,36.8,19.8,35.72
624130.0,3400330.0,42.6,36.8,19.8,35.72
624230.0,3400330.0,42.6,36.8,19.8,35.72
624330.0,3400330.0,42.6,36.8,19.8,35.72
624430.0,3400330.0,42.6,36.8,19.8,35.72
624530.0,3400330.0,42.6,36.8,19.8,35.72
624630.0,3400330.0,42.6,36.8,19.8,35.72
624730.0,3400330.0,42.6,36.8,19.8,35.72
624830.0,3400330.0,42.6,36.8,19.8,35.72
624930.0,3400330.0,42.6,36.8,19.8,35.72
625030.0,3400330.0,42.6,36.8,19.8,35.72
625130.0,3400330.0,42.6,36.8,19.8,35.72
625230.0,3400330.0,42.6,36.8,19.8,35.72
625330.0,3400330.0,42.6,36.8,19.8,35.72
625430.0,3400330.0,42.6,36.8,19.8,35.72
625530.0,3400330.0,42.6,36.8,19.8,35.72
625630.0,3400330.0,42.6,36.8,19.8,35.72
625730.0,3400330.0,42.6,36.8,19.8,35.72
625830.0,3400330.0,42.6,36.8,19.8,35.72
625930.0,3400330.0,42.6,36.8,19.8,35.72
626030.0,3400330.0,42.6,36.8,19.8,35.72
626130.0,3400330.0,42.6,36.8,19.8,35.72
626230.0,3400330.0,42.6,36.8,19.8,35.72
626330.0,3400330.0,42.6,36.8,19.8,35.72
626430.0,3400330.0,42.6,36.8,19.8,35.72
626530.0,3400330.0,42.6,36.8,19.8,35.72
626630.0,3400330.0,42.6,36.8,19.8,35.72
626730.0,3400330.0,42.6,36.8,19.8,35.72
626830.0,3400330.0,42.6,36.8,19.8,35.72
626930.0,3400330.0,42.6,36.8,19.8,35.72
627030.0,3400330.0,42.6,36.8,19.8,35.72
627130.0,3400330.0,42.6,36.8,19.8,35.72
627230.0,3400330.0,42.6,36.8,19.8,35.72
627330.0,3400330.0,42.6,36.8,19.8,35.72
627430.0,3400330.0,42.6,36.8,19.8,35.72
627530.0,3400330.0,42.6,36.8,19.8,35.72
627630.0,3400330.0,42.6,36.8,19.8,35.72
627730.0,3400330.0,42.6,36.8,19.8,35.72
627830.0,3400330.0,42.6,36.8,19.8,35.72
627930.0,3400330.0,42.6,36.8,19.8,35.72
628030.0,3400330.0,42.6,36.8,19.8,35.72
628130.0,3400330.0,42.6,36.8,19.8,35.72
628230.0,3400330.0,42.6,36.8,19.8,35.72
628330.0,3400330.0,42.6,36.8,19.8,35.72
628430.0,3400330.0,42.6,36.8,19.8,35.72
628530.0,3400330.0,42.6,36.8,19.8,35.72
628630.0,3400330.0,42.6,36.8,19.8,35.72
628730.0,3400330.0,42.6,36.8,19.8,35.72
628830.0,3400330.0,42.6,36.8,19.8,35.72
628930.0,3400330.0,42.6,36.8,19.8,35.72
629030.0,3400330.0,42.6,36.8,19.8,35.72
629130.0,3400330.0,42.6,36.8,19.8,35.72
629230.0,3400330.0,42.6,36.8,19.8,35.72
629330.0,3400330.0,42.6,36.8,19.8,35.72
629430.0,3400330.0,42.6,36.8,19.8,35.72
629530.0,3400330.0,42.6,36.8,19.8,35.72
629630.0,3400330.0,42.6,36.8,19.8,35.72
629730.0,3400330.0,42.6,36.8,19.8,35.72
629830.0,3400330.0,42.6,36.8,19.8,35.72
629930.0,3400330.0,42.6,36.8,19.8,35.72
630030.0,3400330.0,42.6,36.8,19.8,35.72
630130.0,3400330.0,42.6,36.8,19.8,35.72
630230.0,3400330.0,42.6,36.8,19.8,35.72
630330.0,3400330.0,42.6,36.8,19.8,35.72
630430.0,3400330.0,42.6,36.8,19.8,35.72
630530.0,3400330.0,42.6,36.8,19.8,35.72
630630.0,3400330.0,42.6,36.8,19.8,35.72
630730.0,3400330.0,42.6,36.8,19.8,35.72
630830.0,3400330.0,42.6,36.8,19.8,35.72
630930.0,3400330.0,42.6,36.8,19.8,35.72
631030.0,3400330.0,42.6,36.8,19.8,35.72
631130.0,3400330.0,42.6,36.8,19.8,35.72
631230.0,3400330.0,42.6,36.8,19.8,35.72
631330.0,3400330.0,42.6,36.8,19.8,35.72
631430.0,3400330.0,42.6,36.8,19.8,35.72
631530.0,3400330.0,42.6,36.8,19.8,35.72
631630.0,3400330.0,42.6,36.8,19.8,35.72
631730.0,3400330.0,42.6,36.8,19.8,35.72
631830.0,3400330.0,42.6,36.8,19.8,35.72
631930.0,3400330.0,42.6,36.8,19.8,35.72
632030.0,3400330.0,42.6,36.8,19.8,35.72
632130.0,3400330.0,42.6,36.8,19.8,35.72
632230.0,3400330.0,42.6,36.8,19.8,35.72
632330.0,3400330.0,42.6,36.8,19.8,35.72
632430.0,3400330.0,42.6,36.8,19.8,35.72
632530.0,3400330.0,42.6,36.8,19.8,35.72
632630.0,3400330.0,42.6,36.8,19.8,35.72
632730.0,3400330.0,42.6,36.8,19.8,35.72
632830.0,3400330.0,42.6,36.8,19.8,35.72
632930.0,3400330.0,42.6,36.8,19.8,35.72
622430.0,3400230.0,42.6,36.8,19.8,35.72
622530.0,3400230.0,42.6,36.8,19.8,35.72
622630.0,3400230.0,42.6,36.8,19.8,35.72
622730.0,3400230.0,42.6,36.8,19.8,35.72
622830.0,3400230.0,42.6,36.8,19.8,35.72
622930.0,3400230.0,42.6,36.8,19.8,35.72
623030.0,3400230.0,42.6,36.8,19.8,35.72
623130.0,3400230.0,42.6,36.8,19.8,35.72
623230.0,3400230.0,42.6,36.8,19.8,35.72
623330.0,3400230.0,42.6,36.8,19.8,35.72
623430.0,3400230.0,42.6,36.8,19.8,35.72
623530.0,3400230.0,42.6,36.8,19.8,35.72
623630.0,3400230.0,42.6,36.8,19.8,35.72
623730.0,3400230.0,42.6,36.8,19.8,35.72
623830.0,3400230.0,42.6,36.8,19.8,35.72
623930.0,3400230.0,42.6,36.8,19.8,35.72
624030.0,3400230.0,42.6,36.8,19.8,35.72
624130.0,3400230.0,42.6,36.8,19.8,35.72
624230.0,3400230.0,42.6,36.8,19.8,35.72
624330.0,3400230.0,42.6,36.8,19.8,35.72
624430.0,3400230.0,42.6,36.8,19.8,35.72
624530.0,3400230.0,42.6,36.8,19.8,35.72
624630.0,3400230.0,42.6,36.8,19.8,35.72
624730.0,3400230.0,42.6,36.8,19.8,35.72
624830.0,3400230.0,42.6,36.8,19.8,35.72
624930.0,3400230.0,42.6,36.8,19.8,35.72
625030.0,3400230.0,42.6,36.8,19.8,35.72
625130.0,3400230.0,42.6,36.8,19.8,35.72
625230.0,3400230.0,42.6,36.8,19.8,35.72
625330.0,3400230.0,42.6,36.8,19.8,35.72
625430.0,3400230.0,42.6,36.8,19.8,35.72
625530.0,3400230.0,42.6,36.8,19.8,35.72
625630.0,3400230.0,42.6,36.8,19.8,35.72
625730.0,3400230.0,42.6,36.8,19.8,35.72
625830.0,3400230.0,42.6,36.8,19.8,35.72
625930.0,3400230.0,42.6,36.8,19.8,35.72
626030.0,3400230.0,42.6,36.8,19.8,35.72
626130.0,3400230.0,42.6,36.8,19.8,35.72
626230.0,3400230.0,42.6,36.8,19.8,35.72
626330.0,3400230.0,42.6,36.8,19.8,35.72
626430.0,3400230.0,42.6,36.8,19.8,35.72
626530.0,3400230.0,42.6,36.8,19.8,35.72
626630.0,3400230.0,42.6,36.8,19.8,35.72
626730.0,3400230.0,42.6,36.8,19.8,35.72
626830.0,3400230.0,42.6,36.8,19.8,35.72
626930.0,3400230.0,42.6,36.8,19.8,35.72
627030.0,3400230.0,42.6,36.8,19.8,35.72
627130.0,3400230.0,42.6,36.8,19.8,35.72
627230.0,3400230.0,42.6,36.8,19.8,35.72
627330.0,3400230.0,42.6,36.8,19.8,35.72
627430.0,3400230.0,42.6,36.8,19.8,35.72
627530.0,3400230.0,42.6,36.8,19.8,35.72
627630.0,3400230.0,42.6,36.8,19.8,35.72
627730.0,3400230.0,42.6,36.8,19.8,35.72
627830.0,3400230.0,42.6,36.8,19.8,35.72
627930.0,3400230.0,42.6,36.8,19.8,35.72
628030.0,3400230.0,42.6,36.8,19.8,35.72
628130.0,3400230.0,42.6,36.8,19.8,35.72
628230.0,3400230.0,42.6,36.8,19.8,35.72
628330.0,3400230.0,42.6,36.8,19.8,35.72
628430.0,3400230.0,42.6,36.8,19.8,35.72
628530.0,3400230.0,42.6,36.8,19.8,35.72
628630.0,3400230.0,42.6,36.8,19.8,35.72
628730.0,3400230.0,42.6,36.8,19.8,35.72
628830.0,3400230.0,42.6,36.8,19.8,35.72
628930.0,3400230.0,42.6,36.8,19.8,35.72
629030.0,3400230.0,42.6,36.8,19.8,35.72
629130.0,3400230.0,42.6,36.8,19.8,35.72
629230.0,3400230.0,42.6,36.8,19.8,35.72
629330.0,3400230.0,42.6,36.8,19.8,35.72
629430.0,3400230.0,42.6,36.8,19.8,35.72
629530.0,3400230.0,42.6,36.8,19.8,35.72
629630.0,3400230.0,42.6,36.8,19.8,35.72
629730.0,3400230.0,42.6,36.8,19.8,35.72
629830.0,3400230.0,42.6,36.8,19.8,35.72
629930.0,3400230.0,42.6,36.8,19.8,35.72
630030.0,3400230.0,42.6,36.8,19.8,35.72
630130.0,3400230.0,42.6,36.8,19.8,35.72
630230.0,3400230.0,42.6,36.8,19.8,35.72
630330.0,3400230.0,42.6,36.8,19.8,35.72
630430.0,3400230.0,42.6,36.8,19.8,35.72
630530.0,3400230.0,42.6,36.8,19.8,35.72
630630.0,3400230.0,42.6,36.8,19.8,35.72
630730.0,3400230.0,42.6,36.8,19.8,35.72
630830.0,3400230.0,42.6,36.8,19.8,35.72
630930.0,3400230.0,42.6,36.8,19.8,35.72
631030.0,3400230.0,42.6,36.8,19.8,35.72
631130.0,3400230.0,42.6,36.8,19.8,35.72
631230.0,3400230.0,42.6,36.8,19.8,35.72
631330.0,3400230.0,42.6,36.8,19.8,35.72
631430.0,3400230.0,42.6,36.8,19.8,35.72
631530.0,3400230.0,42.6,36.8,19.8,35.72
631630.0,3400230.0,42.6,36.8,19.8,35.72
631730.0,3400230.0,42.6,36.8,19.8,35.72
631830.0,3400230.0,42.6,36.8,19.8,35.72
631930.0,3400230.0,42.6,36.8,19.8,35.72
632030.0,3400230.0,42.6,36.8,19.8,35.72
632130.0,3400230.0,42.6,36.8,19.8,35.72
632230.0,3400230.0,42.6,36.8,19.8,35.72
632330.0,3400230.0,42.6,36.8,19.8,35.72
632430.0,3400230.0,42.6,36.8,19.8,35.72
632530.0,3400230.0,42.6,36.8,19.8,35.72
632630.0,3400230.0,42.6,36.8,19.8,35.72
632730.0,3400230.0,42.6,36.8,19.8,35.72
632830.0,3400230.0,42.6,36.8,19.8,35.72
632930.0,3400230.0,42.6,36.8,19.8,35.72
622530.0,3400130.0,42.6,36.8,19.8,35.72
622630.0,3400130.0,42.6,36.8,19.8,35.72
622730.0,3400130.0,42.6,36.8,19.8,35.72
622830.0,3400130.0,42.6,36.8,19.8,35.72
622930.0,3400130.0,42.6,36.8,19.8,35.72
623030.0,3400130.0,42.6,36.8,19.8,35.72
623130.0,3400130.0,42.6,36.8,19.8,35.72
623230.0,3400130.0,42.6,36.8,19.8,35.72
623330.0,3400130.0,42.6,36.8,19.8,35.72
623430.0,3400130.0,42.6,36.8,19.8,35.72
623530.0,3400130.0,42.6,36.8,19.8,35.72
623630.0,3400130.0,42.6,36.8,19.8,35.72
623730.0,3400130.0,42.6,36.8,19.8,35.72
623830.0,3400130.0,42.6,36.8,19.8,35.72
623930.0,3400130.0,42.6,36.8,19.8,35.72
624030.0,3400130.0,42.6,36.8,19.8,35.72
624130.0,3400130.0,42.6,36.8,19.8,35.72
624230.0,3400130.0,42.6,36.8,19.8,35.72
624330.0,3400130.0,42.6,36.8,19.8,35.72
624430.0,3400130.0,42.6,36.8,19.8,35.72
624530.0,3400130.0,42.6,36.8,19.8,35.72
624630.0,3400130.0,42.6,36.8,19.8,35.72
624730.0,3400130.0,42.6,36.8,19.8,35.72
624830.0,3400130.0,42.6,36.8,19.8,35.72
624930.0,3400130.0,42.6,36.8,19.8,35.72
625030.0,3400130.0,42.6,36.8,19.8,35.72
625130.0,3400130.0,42.6,36.8,19.8,35.72
625230.0,3400130.0,42.6,36.8,19.8,35.72
625330.0,3400130.0,42.6,36.8,19.8,35.72
625430.0,3400130.0,42.6,36.8,19.8,35.72
625530.0,3400130.0,42.6,36.8,19.8,35.72
625630.0,3400130.0,42.6,36.8,19.8,35.72
625730.0,3400130.0,42.6,36.8,19.8,35.72
625830.0,3400130.0,42.6,36.8,19.8,35.72
625930.0,3400130.0,42.6,36.8,19.8,35.72
626030.0,3400130.0,42.6,36.8,19.8,35.72
626130.0,3400130.0,42.6,36.8,19.8,35.72
626230.0,3400130.0,42.6,36.8,19.8,35.72
626330.0,3400130.0,42.6,36.8,19.8,35.72
626430.0,3400130.0,42.6,36.8,19.8,35.72
626530.0,3400130.0,42.6,36.8,19.8,35.72
626630.0,3400130.0,42.6,36.8,19.8,35.72
626730.0,3400130.0,42.6,36.8,19.8,35.72
626830.0,3400130.0,42.6,36.8,19.8,35.72
626930.0,3400130.0,42.6,36.8,19.8,35.72
627030.0,3400130.0,42.6,36.8,19.8,35.72
627130.0,3400130.0,42.6,36.8,19.8,35.72
627230.0,3400130.0,42.6,36.8,19.8,35.72
627330.0,3400130.0,42.6,36.8,19.8,35.72
627430.0,3400130.0,42.6,36.8,19.8,35.72
627530.0,3400130.0,42.6,36.8,19.8,35.72
627630.0,3400130.0,42.6,36.8,19.8,35.72
627730.0,3400130.0,42.6,36.8,19.8,35.72
627830.0,3400130.0,42.6,36.8,19.8,35.72
627930.0,3400130.0,42.6,36.8,19.8,35.72
628030.0,3400130.0,42.6,36.8,19.8,35.72
628130.0,3400130.0,42.6,36.8,19.8,35.72
628230.0,3400130.0,42.6,36.8,19.8,35.72
628330.0,3400130.0,42.6,36.8,19.8,35.72
628430.0,3400130.0,42.6,36.8,19.8,35.72
628530.0,3400130.0,42.6,36.8,19.8,35.72
628630.0,3400130.0,42.6,36.8,19.8,35.72
628730.0,3400130.0,42.6,36.8,19.8,35.72
628830.0,3400130.0,42.6,36.8,19.8,35.72
628930.0,3400130.0,42.6,36.8,19.8,35.72
629030.0,3400130.0,42.6,36.8,19.8,35.72
629130.0,3400130.0,42.6,36.8,19.8,35.72
629230.0,3400130.0,42.6,36.8,19.8,35.72
629330.0,3400130.0,42.6,36.8,19.8,35.72
629430.0,3400130.0,42.6,36.8,19.8,35.72
629530.0,3400130.0,42.6,36.8,19.8,35.72
629630.0,3400130.0,42.6,36.8,19.8,35.72
629730.0,3400130.0,42.6,36.8,19.8,35.72
629830.0,3400130.0,42.6,36.8,19.8,35.72
629930.0,3400130.0,42.6,36.8,19.8,35.72
630030.0,3400130.0,42.6,36.8,19.8,35.72
630130.0,3400130.0,42.6,36.8,19.8,35.72
630230.0,3400130.0,42.6,36.8,19.8,35.72
630330.0,3400130.0,42.6,36.8,19.8,35.72
630430.0,3400130.0,42.6,36.8,19.8,35.72
630530.0,3400130.0,42.6,36.8,19.8,35.72
630630.0,3400130.0,42.6,36.8,19.8,35.72
630730.0,3400130.0,42.6,36.8,19.8,35.72
630830.0,3400130.0,42.6,36.8,19.8,35.72
630930.0,3400130.0,42.6,36.8,19.8,35.72
631030.0,3400130.0,42.6,36.8,19.8,35.72
631130.0,3400130.0,42.6,36.8,19.8,35.72
631230.0,3400130.0,42.6,36.8,19.8,35.72
631330.0,3400130.0,42.6,36.8,19.8,35.72
631430.0,3400130.0,42.6,36.8,19.8,35.72
631530.0,3400130.0,42.6,36.8,19.8,35.72
631630.0,3400130.0,42.6,36.8,19.8,35.72
631730.0,3400130.0,42.6,36.8,19.8,35.72
631830.0,3400130.0,42.6,36.8,19.8,35.72
631930.0,3400130.0,42.6,36.8,19.8,35.72
632030.0,3400130.0,42.6,36.8,19.8,35.72
632130.0,3400130.0,42.6,36.8,19.8,35.72
632230.0,3400130.0,42.6,36.8,19.8,35.72
632330.0,3400130.0,42.6,36.8,19.8,35.72
632430.0,3400130.0,42.6,36.8,19.8,35.72
632530.0,3400130.0,42.6,36.8,19.8,35.72
632630.0,3400130.0,42.6,36.8,19.8,35.72
632730.0,3400130.0,42.6,36.8,19.8,35.72
632830.0,3400130.0,42.6,36.8,19.8,35.72
632930.0,3400130.0,42.6,36.8,19.8,35.72
622630.0,3400030.0,42.6,36.8,19.8,35.72
622730.0,3400030.0,42.6,36.8,19.8,35.72
622830.0,3400030.0,42.6,36.8,19.8,35.72
622930.0,3400030.0,42.6,36.8,19.8,35.72
623030.0,3400030.0,42.6,36.8,19.8,35.72
623130.0,3400030.0,42.6,36.8,19.8,35.72
623230.0,3400030.0,42.6,36.8,19.8,35.72
623330.0,3400030.0,42.6,36.8,19.8,35.72
623430.0,3400030.0,42.6,36.8,19.8,35.72
623530.0,3400030.0,42.6,36.8,19.8,35.72
623630.0,3400030.0,42.6,36.8,19.8,35.72
623730.0,3400030.0,42.6,36.8,19.8,35.72
623830.0,3400030.0,42.6,36.8,19.8,35.72
623930.0,3400030.0,42.6,36.8,19.8,35.72
624030.0,3400030.0,42.6,36.8,19.8,35.72
624130.0,3400030.0,42.6,36.8,19.8,35.72
624230.0,3400030.0,42.6,36.8,19.8,35.72
624330.0,3400030.0,42.6,36.8,19.8,35.72
624430.0,3400030.0,42.6,36.8,19.8,35.72
624530.0,3400030.0,42.6,36.8,19.8,35.72
624630.0,3400030.0,42.6,36.8,19.8,35.72
624730.0,3400030.0,42.6,36.8,19.8,35.72
624830.0,3400030.0,42.6,36.8,19.8,35.72
624930.0,3400030.0,42.6,36.8,19.8,35.72
625030.0,3400030.0,42.6,36.8,19.8,35.72
625130.0,3400030.0,42.6,36.8,19.8,35.72
625230.0,3400030.0,42.6,36.8,19.8,35.72
625330.0,3400030.0,42.6,36.8,19.8,35.72
625430.0,3400030.0,42.6,36.8,19.8,35.72
625530.0,3400030.0,42.6,36.8,19.8,35.72
625630.0,3400030.0,42.6,36.8,19.8,35.72
625730.0,3400030.0,42.6,36.8,19.8,35.72
625830.0,3400030.0,42.6,36.8,19.8,35.72
625930.0,3400030.0,42.6,36.8,19.8,35.72
626030.0,3400030.0,42.6,36.8,19.8,35.72
626130.0,3400030.0,42.6,36.8,19.8,35.72
626230.0,3400030.0,42.6,36.8,19.8,35.72
626330.0,3400030.0,42.6,36.8,19.8,35.72
626430.0,3400030.0,42.6,36.8,19.8,35.72
626530.0,3400030.0,42.6,36.8,19.8,35.72
626630.0,3400030.0,42.6,36.8,19.8,35.72
626730.0,3400030.0,42.6,36.8,19.8,35.72
626830.0,3400030.0,42.6,36.8,19.8,35.72
626930.0,3400030.0,42.6,36.8,19.8,35.72
627030.0,3400030.0,42.6,36.8,19.8,35.72
627130.0,3400030.0,42.6,36.8,19.8,35.72
627230.0,3400030.0,42.6,36.8,19.8,35.72
627330.0,3400030.0,42.6,36.8,19.8,35.72
627430.0,3400030.0,42.6,36.8,19.8,35.72
627530.0,3400030.0,42.6,36.8,19.8,35.72
627630.0,3400030.0,42.6,36.8,19.8,35.72
627730.0,3400030.0,42.6,36.8,19.8,35.72
627830.0,3400030.0,42.6,36.8,19.8,35.72
627930.0,3400030.0,42.6,36.8,19.8,35.72
628030.0,3400030.0,42.6,36.8,19.8,35.72
628130.0,3400030.0,42.6,36.8,19.8,35.72
628230.0,3400030.0,42.6,36.8,19.8,35.72
628330.0,3400030.0,42.6,36.8,19.8,35.72
628430.0,3400030.0,42.6,36.8,19.8,35.72
628530.0,3400030.0,42.6,36.8,19.8,35.72
628630.0,3400030.0,42.6,36.8,19.8,35.72
628730.0,3400030.0,42.6,36.8,19.8,35.72
628830.0,3400030.0,42.6,36.8,19.8,35.72
628930.0,3400030.0,42.6,36.8,19.8,35.72
629030.0,3400030.0,42.6,36.8,19.8,35.72
629130.0,3400030.0,42.6,36.8,19.8,35.72
629230.0,3400030.0,42.6,36.8,19.8,35.72
629330.0,3400030.0,42.6,36.8,19.8,35.72
629430.0,3400030.0,42.6,36.8,19.8,35.72
629530.0,3400030.0,42.6,36.8,19.8,35.72
629630.0,3400030.0,42.6,36.8,19.8,35.72
629730.0,3400030.0,42.6,36.8,19.8,35.72
629830.0,3400030.0,42.6,36.8,19.8,35.72
629930.0,3400030.0,42.6,36.8,19.8,35.72
630030.0,3400030.0,42.6,36.8,19.8,35.72
630130.0,3400030.0,42.6,36.8,19.8,35.72
630230.0,3400030.0,42.6,36.8,19.8,35.72
630330.0,3400030.0,42.6,36.8,19.8,35.72
630430.0,3400030.0,42.6,36.8,19.8,35.72
630530.0,3400030.0,42.6,36.8,19.8,35.72
630630.0,3400030.0,42.6,36.8,19.8,35.72
630730.0,3400030.0,42.6,36.8,19.8,35.72
630830.0,3400030.0,42.6,36.8,19.8,35.72
630930.0,3400030.0,42.6,36.8,19.8,35.72
631030.0,3400030.0,42.6,36.8,19.8,35.72
631130.0,3400030.0,42.6,36.8,19.8,35.72
631230.0,3400030.0,42.6,36.8,19.8,35.72
631330.0,3400030.0,42.6,36.8,19.8,35.72
631430.0,3400030.0,42.6,36.8,19.8,35.72
631530.0,3400030.0,42.6,36.8,19.8,35.72
631630.0,3400030.0,42.6,36.8,19.8,35.72
631730.0,3400030.0,42.6,36.8,19.8,35.72
631830.0,3400030.0,42.6,36.8,19.8,35.72
631930.0,3400030.0,42.6,36.8,19.8,35.72
632030.0,3400030.0,42.6,36.8,19.8,35.72
632130.0,3400030.0,42.6,36.8,19.8,35.72
632230.0,3400030.0,42.6,36.8,19.8,35.72
632330.0,3400030.0,42.6,36.8,19.8,35.72
632430.0,3400030.0,42.6,36.8,19.8,35.72
632530.0,3400030.0,42.6,36.8,19.8,35.72
632630.0,3400030.0,42.6,36.8,19.8,35.72
632730.0,3400030.0,42.6,36.8,19.8,35.72
632830.0,3400030.0,42.6,36.8,19.8,35.72
632930.0,3400030.0,42.6,36.8,19.8,35.72
622730.0,3399930.0,42.6,36.8,19.8,35.72
622830.0,3399930.0,42.6,36.8,19.8,35.72
622930.0,3399930.0,42.6,36.8,19.8,35.72
623030.0,3399930.0,42.6,36.8,19.8,35.72
623130.0,3399930.0,42.6,36.8,19.8,35.72
623230.0,3399930.0,42.6,36.8,19.8,35.72
623330.0,3399930.0,42.6,36.8,19.8,35.72
623430.0,3399930.0,42.6,36.8,19.8,35.72
623530.0,3399930.0,42.6,36.8,19.8,35.72
623630.0,3399930.0,42.6,36.8,19.8,35.72
623730.0,3399930.0,42.6,36.8,19.8,35.72
623830.0,3399930.0,42.6,36.8,19.8,35.72
623930.0,3399930.0,42.6,36.8,19.8,35.72
624030.0,3399930.0,42.6,36.8,19.8,35.72
624130.0,3399930.0,42.6,36.8,19.8,35.72
624230.0,3399930.0,42.6,36.8,19.8,35.72
624330.0,3399930.0,42.6,36.8,19.8,35.72
624430.0,3399930.0,42.6,36.8,19.8,35.72
624530.0,3399930.0,42.6,36.8,19.8,35.72
624630.0,3399930.0,42.6,36.8,19.8,35.72
624730.0,3399930.0,42.6,36.8,19.8,35.72
624830.0,3399930.0,42.6,36.8,19.8,35.72
624930.0,3399930.0,42.6,36.8,19.8,35.72
625030.0,3399930.0,42.6,36.8,19.8,35.72
625130.0,3399930.0,42.6,36.8,19.8,35.72
625230.0,3399930.0,42.6,36.8,19.8,35.72
625330.0,3399930.0,42.6,36.8,19.8,35.72
625430.0,3399930.0,42.6,36.8,19.8,35.72
625530.0,3399930.0,42.6,36.8,19.8,35.72
625630.0,3399930.0,42.6,36.8,19.8,35.72
625730.0,3399930.0,42.6,36.8,19.8,35.72
625830.0,3399930.0,42.6,36.8,19.8,35.72
625930.0,3399930.0,42.6,36.8,19.8,35.72
626030.0,3399930.0,42.6,36.8,19.8,35.72
626130.0,3399930.0,42.6,36.8,19.8,35.72
626230.0,3399930.0,42.6,36.8,19.8,35.72
626330.0,3399930.0,42.6,36.8,19.8,35.72
626430.0,3399930.0,42.6,36.8,19.8,35.72
626530.0,3399930.0,42.6,36.8,19.8,35.72
626630.0,3399930.0,42.6,36.8,19.8,35.72
626730.0,3399930.0,42.6,36.8,19.8,35.72
626830.0,3399930.0,42.6,36.8,19.8,35.72
626930.0,3399930.0,42.6,36.8,19.8,35.72
627030.0,3399930.0,42.6,36.8,19.8,35.72
627130.0,3399930.0,42.6,36.8,19.8,35.72
627230.0,3399930.0,42.6,36.8,19.8,35.72
627330.0,3399930.0,42.6,36.8,19.8,35.72
627430.0,3399930.0,42.6,36.8,19.8,35.72
627530.0,3399930.0,42.6,36.8,19.8,35.72
627630.0,3399930.0,42.6,36.8,19.8,35.72
627730.0,3399930.0,42.6,36.8,19.8,35.72
627830.0,3399930.0,42.6,36.8,19.8,35.72
627930.0,3399930.0,42.6,36.8,19.8,35.72
628030.0,3399930.0,42.6,36.8,19.8,35.72
628130.0,3399930.0,42.6,36.8,19.8,35.72
628230.0,3399930.0,42.6,36.8,19.8,35.72
628330.0,3399930.0,42.6,36.8,19.8,35.72
628430.0,3399930.0,42.6,36.8,19.8,35.72
628530.0,3399930.0,42.6,36.8,19.8,35.72
628630.0,3399930.0,42.6,36.8,19.8,35.72
628730.0,3399930.0,42.6,36.8,19.8,35.72
628830.0,3399930.0,42.6,36.8,19.8,35.72
628930.0,3399930.0,42.6,36.8,19.8,35.72
629030.0,3399930.0,42.6,36.8,19.8,35.72
629130.0,3399930.0,42.6,36.8,19.8,35.72
629230.0,3399930.0,42.6,36.8,19.8,35.72
629330.0,3399930.0,42.6,36.8,19.8,35.72
629430.0,3399930.0,42.6,36.8,19.8,35.72
629530.0,3399930.0,42.6,36.8,19.8,35.72
629630.0,3399930.0,42.6,36.8,19.8,35.72
629730.0,3399930.0,42.6,36.8,19.8,35.72
629830.0,3399930.0,42.6,36.8,19.8,35.72
629930.0,3399930.0,42.6,36.8,19.8,35.72
630030.0,3399930.0,42.6,36.8,19.8,35.72
630130.0,3399930.0,42.6,36.8,19.8,35.72
630230.0,3399930.0,42.6,36.8,19.8,35.72
630330.0,3399930.0,42.6,36.8,19.8,35.72
630430.0,3399930.0,42.6,36.8,19.8,35.72
630530.0,3399930.0,42.6,36.8,19.8,35.72
630630.0,3399930.0,42.6,36.8,19.8,35.72
630730.0,3399930.0,42.6,36.8,19.8,35.72
630830.0,3399930.0,42.6,36.8,19.8,35.72
630930.0,3399930.0,42.6,36.8,19.8,35.72
631030.0,3399930.0,42.6,36.8,19.8,35.72
631130.0,3399930.0,42.6,36.8,19.8,35.72
631230.0,3399930.0,42.6,36.8,19.8,35.72
631330.0,3399930.0,42.6,36.8,19.8,35.72
631430.0,3399930.0,42.6,36.8,19.8,35.72
631530.0,3399930.0,42.6,36.8,19.8,35.72
631630.0,3399930.0,42.6,36.8,19.8,35.72
631730.0,3399930.0,42.6,36.8,19.8,35.72
631830.0,3399930.0,42.6,36.8,19.8,35.72
631930.0,3399930.0,42.6,36.8,19.8,35.72
632030.0,3399930.0,42.6,36.8,19.8,35.72
632130.0,3399930.0,42.6,36.8,19.8,35.72
632230.0,3399930.0,42.6,36.8,19.8,35.72
632330.0,3399930.0,42.6,36.8,19.8,35.72
632430.0,3399930.0,42.6,36.8,19.8,35.72
632530.0,3399930.0,42.6,36.8,19.8,35.72
632630.0,3399930.0,42.6,36.8,19.8,35.72
632730.0,3399930.0,42.6,36.8,19.8,35.72
632830.0,3399930.0,42.6,36.8,19.8,35.72
632930.0,3399930.0,42.6,36.8,19.8,35.72
622830.0,3399830.0,42.6,36.8,19.8,35.72
622930.0,3399830.0,42.6,36.8,19.8,35.72
623030.0,3399830.0,42.6,36.8,19.8,35.72
623130.0,3399830.0,42.6,36.8,19.8,35.72
623230.0,3399830.0,42.6,36.8,19.8,35.72
623330.0,3399830.0,42.6,36.8,19.8,35.72
623430.0,3399830.0,42.6,36.8,19.8,35.72
623530.0,3399830.0,42.6,36.8,19.8,35.72
623630.0,3399830.0,42.6,36.8,19.8,35.72
623730.0,3399830.0,42.6,36.8,19.8,35.72
623830.0,3399830.0,42.6,36.8,19.8,35.72
623930.0,3399830.0,42.6,36.8,19.8,35.72
624030.0,3399830.0,42.6,36.8,19.8,35.72
624130.0,3399830.0,42.6,36.8,19.8,35.72
624230.0,3399830.0,42.6,36.8,19.8,35.72
624330.0,3399830.0,42.6,36.8,19.8,35.72
624430.0,3399830.0,42.6,36.8,19.8,35.72
624530.0,3399830.0,42.6,36.8,19.8,35.72
624630.0,3399830.0,42.6,36.8,19.8,35.72
624730.0,3399830.0,42.6,36.8,19.8,35.72
624830.0,3399830.0,42.6,36.8,19.8,35.72
624930.0,3399830.0,42.6,36.8,19.8,35.72
625030.0,3399830.0,42.6,36.8,19.8,35.72
625130.0,3399830.0,42.6,36.8,19.8,35.72
625230.0,3399830.0,42.6,36.8,19.8,35.72
625330.0,3399830.0,42.6,36.8,19.8,35.72
625430.0,3399830.0,42.6,36.8,19.8,35.72
625530.0,3399830.0,42.6,36.8,19.8,35.72
625630.0,3399830.0,42.6,36.8,19.8,35.72
625730.0,3399830.0,42.6,36.8,19.8,35.72
625830.0,3399830.0,42.6,36.8,19.8,35.72
625930.0,3399830.0,42.6,36.8,19.8,35.72
626330.0,3399830.0,42.6,36.8,19.8,35.72
626430.0,3399830.0,42.6,36.8,19.8,35.72
626530.0,3399830.0,42.6,36.8,19.8,35.72
626630.0,3399830.0,42.6,36.8,19.8,35.72
626730.0,3399830.0,42.6,36.8,19.8,35.72
626830.0,3399830.0,42.6,36.8,19.8,35.72
626930.0,3399830.0,42.6,36.8,19.8,35.72
627030.0,3399830.0,42.6,36.8,19.8,35.72
627130.0,3399830.0,42.6,36.8,19.8,35.72
627230.0,3399830.0,42.6,36.8,19.8,35.72
627330.0,3399830.0,42.6,36.8,19.8,35.72
627430.0,3399830.0,42.6,36.8,19.8,35.72
627530.0,3399830.0,42.6,36.8,19.8,35.72
627630.0,3399830.0,42.6,36.8,19.8,35.72
627730.0,3399830.0,42.6,36.8,19.8,35.72
627830.0,3399830.0,42.6,36.8,19.8,35.72
627930.0,3399830.0,42.6,36.8,19.8,35.72
628030.0,3399830.0,42.6,36.8,19.8,35.72
628130.0,3399830.0,42.6,36.8,19.8,35.72
628230.0,3399830.0,42.6,36.8,19.8,35.72
628330.0,3399830.0,42.6,36.8,19.8,35.72
628430.0,3399830.0,42.6,36.8,19.8,35.72
628530.0,3399830.0,42.6,36.8,19.8,35.72
628630.0,3399830.0,42.6,36.8,19.8,35.72
628730.0,3399830.0,42.6,36.8,19.8,35.72
628830.0,3399830.0,42.6,36.8,19.8,35.72
628930.0,3399830.0,42.6,36.8,19.8,35.72
629030.0,3399830.0,42.6,36.8,19.8,35.72
629130.0,3399830.0,42.6,36.8,19.8,35.72
629230.0,3399830.0,42.6,36.8,19.8,35.72
629330.0,3399830.0,42.6,36.8,19.8,35.72
629430.0,3399830.0,42.6,36.8,19.8,35.72
629530.0,3399830.0,42.6,36.8,19.8,35.72
629630.0,3399830.0,42.6,36.8,19.8,35.72
629730.0,3399830.0,42.6,36.8,19.8,35.72
629830.0,3399830.0,42.6,36.8,19.8,35.72
629930.0,3399830.0,42.6,36.8,19.8,35.72
630030.0,3399830.0,42.6,36.8,19.8,35.72
631130.0,3399830.0,42.6,36.8,19.8,35.72
631230.0,3399830.0,42.6,36.8,19.8,35.72
631330.0,3399830.0,42.6,36.8,19.8,35.72
631430.0,3399830.0,42.6,36.8,19.8,35.72
631530.0,3399830.0,42.6,36.8,19.8,35.72
631630.0,3399830.0,42.6,36.8,19.8,35.72
631730.0,3399830.0,42.6,36.8,19.8,35.72
631830.0,3399830.0,42.6,36.8,19.8,35.72
631930.0,3399830.0,42.6,36.8,19.8,35.72
632030.0,3399830.0,42.6,36.8,19.8,35.72
632130.0,3399830.0,42.6,36.8,19.8,35.72
632230.0,3399830.0,42.6,36.8,19.8,35.72
632330.0,3399830.0,42.6,36.8,19.8,35.72
632430.0,3399830.0,42.6,36.8,19.8,35.72
632530.0,3399830.0,42.6,36.8,19.8,35.72
632630.0,3399830.0,42.6,36.8,19.8,35.72
632730.0,3399830.0,42.6,36.8,19.8,35.72
632830.0,3399830.0,42.6,36.8,19.8,35.72
632930.0,3399830.0,42.6,36.8,19.8,35.72
622930.0,3399730.0,42.6,36.8,19.8,35.72
623030.0,3399730.0,42.6,36.8,19.8,35.72
623130.0,3399730.0,42.6,36.8,19.8,35.72
623230.0,3399730.0,42.6,36.8,19.8,35.72
623330.0,3399730.0,42.6,36.8,19.8,35.72
623430.0,3399730.0,42.6,36.8,19.8,35.72
623530.0,3399730.0,42.6,36.8,19.8,35.72
623630.0,3399730.0,42.6,36.8,19.8,35.72
623730.0,3399730.0,42.6,36.8,19.8,35.72
623830.0,3399730.0,42.6,36.8,19.8,35.72
623930.0,3399730.0,42.6,36.8,19.8,35.72
624030.0,3399730.0,42.6,36.8,19.8,35.72
624130.0,3399730.0,42.6,36.8,19.8,35.72
624230.0,3399730.0,42.6,36.8,19.8,35.72
624330.0,3399730.0,42.6,36.8,19.8,35.72
624430.0,3399730.0,42.6,36.8,19.8,35.72
624530.0,3399730.0,42.6,36.8,19.8,35.72
624630.0,3399730.0,42.6,36.8,19.8,35.72
624730.0,3399730.0,42.6,36.8,19.8,35.72
624830.0,3399730.0,42.6,36.8,19.8,35.72
624930.0,3399730.0,42.6,36.8,19.8,35.72
625030.0,3399730.0,42.6,36.8,19.8,35.72
625130.0,3399730.0,42.6,36.8,19.8,35.72
625230.0,3399730.0,42.6,36.8,19.8,35.72
625330.0,3399730.0,42.6,36.8,19.8,35.72
625430.0,3399730.0,42.6,36.8,19.8,35.72
625530.0,3399730.0,42.6,36.8,19.8,35.72
625630.0,3399730.0,42.6,36.8,19.8,35.72
625730.0,3399730.0,42.6,36.8,19.8,35.72
626330.0,3399730.0,42.6,36.8,19.8,35.72
626430.0,3399730.0,42.6,36.8,19.8,35.72
626530.0,3399730.0,42.6,36.8,19.8,35.72
626630.0,3399730.0,42.6,36.8,19.8,35.72
626730.0,3399730.0,42.6,36.8,19.8,35.72
626830.0,3399730.0,42.6,36.8,19.8,35.72
626930.0,3399730.0,42.6,36.8,19.8,35.72
627030.0,3399730.0,42.6,36.8,19.8,35.72
627130.0,3399730.0,42.6,36.8,19.8,35.72
627230.0,3399730.0,42.6,36.8,19.8,35.72
627330.0,3399730.0,42.6,36.8,19.8,35.72
627430.0,3399730.0,42.6,36.8,19.8,35.72
627530.0,3399730.0,42.6,36.8,19.8,35.72
627630.0,3399730.0,42.6,36.8,19.8,35.72
627730.0,3399730.0,42.6,36.8,19.8,35.72
627830.0,3399730.0,42.6,36.8,19.8,35.72
627930.0,3399730.0,42.6,36.8,19.8,35.72
628030.0,3399730.0,42.6,36.8,19.8,35.72
628130.0,3399730.0,42.6,36.8,19.8,35.72
628230.0,3399730.0,42.6,36.8,19.8,35.72
628330.0,3399730.0,42.6,36.8,19.8,35.72
628430.0,3399730.0,42.6,36.8,19.8,35.72
628530.0,3399730.0,42.6,36.8,19.8,35.72
628630.0,3399730.0,42.6,36.8,19.8,35.72
628730.0,3399730.0,42.6,36.8,19.8,35.72
628830.0,3399730.0,42.6,36.8,19.8,35.72
628930.0,3399730.0,42.6,36.8,19.8,35.72
629030.0,3399730.0,42.6,36.8,19.8,35.72
629130.0,3399730.0,42.6,36.8,19.8,35.72
629230.0,3399730.0,42.6,36.8,19.8,35.72
629330.0,3399730.0,42.6,36.8,19.8,35.72
629430.0,3399730.0,42.6,36.8,19.8,35.72
629530.0,3399730.0,42.6,36.8,19.8,35.72
629630.0,3399730.0,42.6,36.8,19.8,35.72
629730.0,3399730.0,42.6,36.8,19.8,35.72
629930.0,3399730.0,42.6,36.8,19.8,35.72
630030.0,3399730.0,42.6,36.8,19.8,35.72
631230.0,3399730.0,42.6,36.8,19.8,35.72
631330.0,3399730.0,42.6,36.8,19.8,35.72
631430.0,3399730.0,42.6,36.8,19.8,35.72
631530.0,3399730.0,42.6,36.8,19.8,35.72
631630.0,3399730.0,42.6,36.8,19.8,35.72
631730.0,3399730.0,42.6,36.8,19.8,35.72
631830.0,3399730.0,42.6,36.8,19.8,35.72
632030.0,3399730.0,42.6,36.8,19.8,35.72
632130.0,3399730.0,42.6,36.8,19.8,35.72
632230.0,3399730.0,42.6,36.8,19.8,35.72
632330.0,3399730.0,42.6,36.8,19.8,35.72
632430.0,3399730.0,42.6,36.8,19.8,35.72
632530.0,3399730.0,42.6,36.8,19.8,35.72
632630.0,3399730.0,42.6,36.8,19.8,35.72
632730.0,3399730.0,42.6,36.8,19.8,35.72
632830.0,3399730.0,42.6,36.8,19.8,35.72
632930.0,3399730.0,42.6,36.8,19.8,35.72
623030.0,3399630.0,42.6,36.8,19.8,35.72
623130.0,3399630.0,42.6,36.8,19.8,35.72
623230.0,3399630.0,42.6,36.8,19.8,35.72
623330.0,3399630.0,42.6,36.8,19.8,35.72
623430.0,3399630.0,42.6,36.8,19.8,35.72
623530.0,3399630.0,42.6,36.8,19.8,35.72
623630.0,3399630.0,42.6,36.8,19.8,35.72
623730.0,3399630.0,42.6,36.8,19.8,35.72
623830.0,3399630.0,42.6,36.8,19.8,35.72
623930.0,3399630.0,42.6,36.8,19.8,35.72
624030.0,3399630.0,42.6,36.8,19.8,35.72
624130.0,3399630.0,42.6,36.8,19.8,35.72
624230.0,3399630.0,42.6,36.8,19.8,35.72
624330.0,3399630.0,42.6,36.8,19.8,35.72
624430.0,3399630.0,42.6,36.8,19.8,35.72
624530.0,3399630.0,42.6,36.8,19.8,35.72
624630.0,3399630.0,42.6,36.8,19.8,35.72
624730.0,3399630.0,42.6,36.8,19.8,35.72
624830.0,3399630.0,42.6,36.8,19.8,35.72
624930.0,3399630.0,42.6,36.8,19.8,35.72
625030.0,3399630.0,42.6,36.8,19.8,35.72
625130.0,3399630.0,42.6,36.8,19.8,35.72
625230.0,3399630.0,42.6,36.8,19.8,35.72
625330.0,3399630.0,42.6,36.8,19.8,35.72
625430.0,3399630.0,42.6,36.8,19.8,35.72
626430.0,3399630.0,42.6,36.8,19.8,35.72
626530.0,3399630.0,42.6,36.8,19.8,35.72
626630.0,3399630.0,42.6,36.8,19.8,35.72
626730.0,3399630.0,42.6,36.8,19.8,35.72
626830.0,3399630.0,42.6,36.8,19.8,35.72
626930.0,3399630.0,42.6,36.8,19.8,35.72
627030.0,3399630.0,42.6,36.8,19.8,35.72
627130.0,3399630.0,42.6,36.8,19.8,35.72
627230.0,3399630.0,42.6,36.8,19.8,35.72
627330.0,3399630.0,42.6,36.8,19.8,35.72
627430.0,3399630.0,42.6,36.8,19.8,35.72
627530.0,3399630.0,42.6,36.8,19.8,35.72
627630.0,3399630.0,42.6,36.8,19.8,35.72
627730.0,3399630.0,42.6,36.8,19.8,35.72
627830.0,3399630.0,42.6,36.8,19.8,35.72
627930.0,3399630.0,42.6,36.8,19.8,35.72
628030.0,3399630.0,42.6,36.8,19.8,35.72
628130.0,3399630.0,42.6,36.8,19.8,35.72
628230.0,3399630.0,42.6,36.8,19.8,35.72
628330.0,3399630.0,42.6,36.8,19.8,35.72
628430.0,3399630.0,42.6,36.8,19.8,35.72
628530.0,3399630.0,42.6,36.8,19.8,35.72
628630.0,3399630.0,42.6,36.8,19.8,35.72
628730.0,3399630.0,42.6,36.8,19.8,35.72
628830.0,3399630.0,42.6,36.8,19.8,35.72
628930.0,3399630.0,42.6,36.8,19.8,35.72
629030.0,3399630.0,42.6,36.8,19.8,35.72
629130.0,3399630.0,42.6,36.8,19.8,35.72
629230.0,3399630.0,42.6,36.8,19.8,35.72
629330.0,3399630.0,42.6,36.8,19.8,35.72
629430.0,3399630.0,42.6,36.8,19.8,35.72
629530.0,3399630.0,42.6,36.8,19.8,35.72
631430.0,3399630.0,42.6,36.8,19.8,35.72
631530.0,3399630.0,42.6,36.8,19.8,35.72
631630.0,3399630.0,42.6,36.8,19.8,35.72
631730.0,3399630.0,42.6,36.8,19.8,35.72
623030.0,3399530.0,42.6,36.8,19.8,35.72
623130.0,3399530.0,42.6,36.8,19.8,35.72
623230.0,3399530.0,42.6,36.8,19.8,35.72
623330.0,3399530.0,42.6,36.8,19.8,35.72
623430.0,3399530.0,42.6,36.8,19.8,35.72
623530.0,3399530.0,42.6,36.8,19.8,35.72
623630.0,3399530.0,42.6,36.8,19.8,35.72
623730.0,3399530.0,42.6,36.8,19.8,35.72
623830.0,3399530.0,42.6,36.8,19.8,35.72
623930.0,3399530.0,42.6,36.8,19.8,35.72
624030.0,3399530.0,42.6,36.8,19.8,35.72
624130.0,3399530.0,42.6,36.8,19.8,35.72
624230.0,3399530.0,42.6,36.8,19.8,35.72
624330.0,3399530.0,42.6,36.8,19.8,35.72
624430.0,3399530.0,42.6,36.8,19.8,35.72
624530.0,3399530.0,42.6,36.8,19.8,35.72
624630.0,3399530.0,42.6,36.8,19.8,35.72
624730.0,3399530.0,42.6,36.8,19.8,35.72
624830.0,3399530.0,42.6,36.8,19.8,35.72
624930.0,3399530.0,42.6,36.8,19.8,35.72
625030.0,3399530.0,42.6,36.8,19.8,35.72
625130.0,3399530.0,42.6,36.8,19.8,35.72
625230.0,3399530.0,42.6,36.8,19.8,35.72
625330.0,3399530.0,42.6,36.8,19.8,35.72
626430.0,3399530.0,42.6,36.8,19.8,35.72
626530.0,3399530.0,42.6,36.8,19.8,35.72
626630.0,3399530.0,42.6,36.8,19.8,35.72
626730.0,3399530.0,42.6,36.8,19.8,35.72
626830.0,3399530.0,42.6,36.8,19.8,35.72
626930.0,3399530.0,42.6,36.8,19.8,35.72
627030.0,3399530.0,42.6,36.8,19.8,35.72
627130.0,3399530.0,42.6,36.8,19.8,35.72
627230.0,3399530.0,42.6,36.8,19.8,35.72
627330.0,3399530.0,42.6,36.8,19.8,35.72
627430.0,3399530.0,42.6,36.8,19.8,35.72
627530.0,3399530.0,42.6,36.8,19.8,35.72
627630.0,3399530.0,42.6,36.8,19.8,35.72
627730.0,3399530.0,42.6,36.8,19.8,35.72
627830.0,3399530.0,42.6,36.8,19.8,35.72
627930.0,3399530.0,42.6,36.8,19.8,35.72
628030.0,3399530.0,42.6,36.8,19.8,35.72
628130.0,3399530.0,42.6,36.8,19.8,35.72
628230.0,3399530.0,42.6,36.8,19.8,35.72
628330.0,3399530.0,42.6,36.8,19.8,35.72
628430.0,3399530.0,42.6,36.8,19.8,35.72
628530.0,3399530.0,42.6,36.8,19.8,35.72
628630.0,3399530.0,42.6,36.8,19.8,35.72
628730.0,3399530.0,42.6,36.8,19.8,35.72
628830.0,3399530.0,42.6,36.8,19.8,35.72
628930.0,3399530.0,42.6,36.8,19.8,35.72
629030.0,3399530.0,42.6,36.8,19.8,35.72
629130.0,3399530.0,42.6,36.8,19.8,35.72
629230.0,3399530.0,42.6,36.8,19.8,35.72
629330.0,3399530.0,42.6,36.8,19.8,35.72
629430.0,3399530.0,42.6,36.8,19.8,35.72
623130.0,3399430.0,42.6,36.8,19.8,35.72
623230.0,3399430.0,42.6,36.8,19.8,35.72
623330.0,3399430.0,42.6,36.8,19.8,35.72
623430.0,3399430.0,42.6,36.8,19.8,35.72
623530.0,3399430.0,42.6,36.8,19.8,35.72
623630.0,3399430.0,42.6,36.8,19.8,35.72
623730.0,3399430.0,42.6,36.8,19.8,35.72
623830.0,3399430.0,42.6,36.8,19.8,35.72
623930.0,3399430.0,42.6,36.8,19.8,35.72
624030.0,3399430.0,42.6,36.8,19.8,35.72
624130.0,3399430.0,42.6,36.8,19.8,35.72
624230.0,3399430.0,42.6,36.8,19.8,35.72
624330.0,3399430.0,42.6,36.8,19.8,35.72
624430.0,3399430.0,42.6,36.8,19.8,35.72
624530.0,3399430.0,42.6,36.8,19.8,35.72
624630.0,3399430.0,42.6,36.8,19.8,35.72
624730.0,3399430.0,42.6,36.8,19.8,35.72
624830.0,3399430.0,42.6,36.8,19.8,35.72
624930.0,3399430.0,42.6,36.8,19.8,35.72
625030.0,3399430.0,42.6,36.8,19.8,35.72
625130.0,3399430.0,42.6,36.8,19.8,35.72
626530.0,3399430.0,42.6,36.8,19.8,35.72
626630.0,3399430.0,42.6,36.8,19.8,35.72
626730.0,3399430.0,42.6,36.8,19.8,35.72
626830.0,3399430.0,42.6,36.8,19.8,35.72
626930.0,3399430.0,42.6,36.8,19.8,35.72
627030.0,3399430.0,42.6,36.8,19.8,35.72
627130.0,3399430.0,42.6,36.8,19.8,35.72
627230.0,3399430.0,42.6,36.8,19.8,35.72
627330.0,3399430.0,42.6,36.8,19.8,35.72
627430.0,3399430.0,42.6,36.8,19.8,35.72
627530.0,3399430.0,42.6,36.8,19.8,35.72
627630.0,3399430.0,42.6,36.8,19.8,35.72
627730.0,3399430.0,42.6,36.8,19.8,35.72
627830.0,3399430.0,42.6,36.8,19.8,35.72
627930.0,3399430.0,42.6,36.8,19.8,35.72
628030.0,3399430.0,42.6,36.8,19.8,35.72
628130.0,3399430.0,42.6,36.8,19.8,35.72
628230.0,3399430.0,42.6,36.8,19.8,35.72
628330.0,3399430.0,42.6,36.8,19.8,35.72
628430.0,3399430.0,42.6,36.8,19.8,35.72
628530.0,3399430.0,42.6,36.8,19.8,35.72
628630.0,3399430.0,42.6,36.8,19.8,35.72
628730.0,3399430.0,42.6,36.8,19.8,35.72
628830.0,3399430.0,42.6,36.8,19.8,35.72
628930.0,3399430.0,42.6,36.8,19.8,35.72
629030.0,3399430.0,42.6,36.8,19.8,35.72
629130.0,3399430.0,42.6,36.8,19.8,35.72
629230.0,3399430.0,42.6,36.8,19.8,35.72
623130.0,3399330.0,42.6,36.8,19.8,35.72
623230.0,3399330.0,42.6,36.8,19.8,35.72
623330.0,3399330.0,42.6,36.8,19.8,35.72
623430.0,3399330.0,42.6,36.8,19.8,35.72
623530.0,3399330.0,42.6,36.8,19.8,35.72
623630.0,3399330.0,42.6,36.8,19.8,35.72
623730.0,3399330.0,42.6,36.8,19.8,35.72
623830.0,3399330.0,42.6,36.8,19.8,35.72
623930.0,3399330.0,42.6,36.8,19.8,35.72
624030.0,3399330.0,42.6,36.8,19.8,35.72
624130.0,3399330.0,42.6,36.8,19.8,35.72
624230.0,3399330.0,42.6,36.8,19.8,35.72
624330.0,3399330.0,42.6,36.8,19.8,35.72
624430.0,3399330.0,42.6,36.8,19.8,35.72
624530.0,3399330.0,42.6,36.8,19.8,35.72
624630.0,3399330.0,42.6,36.8,19.8,35.72
624730.0,3399330.0,42.6,36.8,19.8,35.72
624830.0,3399330.0,42.6,36.8,19.8,35.72
624930.0,3399330.0,42.6,36.8,19.8,35.72
625030.0,3399330.0,42.6,36.8,19.8,35.72
626530.0,3399330.0,42.6,36.8,19.8,35.72
626630.0,3399330.0,42.6,36.8,19.8,35.72
626730.0,3399330.0,42.6,36.8,19.8,35.72
626830.0,3399330.0,42.6,36.8,19.8,35.72
626930.0,3399330.0,42.6,36.8,19.8,35.72
627030.0,3399330.0,42.6,36.8,19.8,35.72
627130.0,3399330.0,42.6,36.8,19.8,35.72
627230.0,3399330.0,42.6,36.8,19.8,35.72
627330.0,3399330.0,42.6,36.8,19.8,35.72
627430.0,3399330.0,42.6,36.8,19.8,35.72
627530.0,3399330.0,42.6,36.8,19.8,35.72
627630.0,3399330.0,42.6,36.8,19.8,35.72
627730.0,3399330.0,42.6,36.8,19.8,35.72
627830.0,3399330.0,42.6,36.8,19.8,35.72
627930.0,3399330.0,42.6,36.8,19.8,35.72
628030.0,3399330.0,42.6,36.8,19.8,35.72
628130.0,3399330.0,42.6,36.8,19.8,35.72
628230.0,3399330.0,42.6,36.8,19.8,35.72
628330.0,3399330.0,42.6,36.8,19.8,35.72
628430.0,3399330.0,42.6,36.8,19.8,35.72
628530.0,3399330.0,42.6,36.8,19.8,35.72
628630.0,3399330.0,42.6,36.8,19.8,35.72
628730.0,3399330.0,42.6,36.8,19.8,35.72
628830.0,3399330.0,42.6,36.8,19.8,35.72
628930.0,3399330.0,42.6,36.8,19.8,35.72
629030.0,3399330.0,42.6,36.8,19.8,35.72
629130.0,3399330.0,42.6,36.8,19.8,35.72
623230.0,3399230.0,42.6,36.8,19.8,35.72
623330.0,3399230.0,42.6,36.8,19.8,35.72
623430.0,3399230.0,42.6,36.8,19.8,35.72
623530.0,3399230.0,42.6,36.8,19.8,35.72
623630.0,3399230.0,42.6,36.8,19.8,35.72
623730.0,3399230.0,42.6,36.8,19.8,35.72
623830.0,3399230.0,42.6,36.8,19.8,35.72
623930.0,3399230.0,42.6,36.8,19.8,35.72
624030.0,3399230.0,42.6,36.8,19.8,35.72
624130.0,3399230.0,42.6,36.8,19.8,35.72
624230.0,3399230.0,42.6,36.8,19.8,35.72
624330.0,3399230.0,42.6,36.8,19.8,35.72
624430.0,3399230.0,42.6,36.8,19.8,35.72
624530.0,3399230.0,42.6,36.8,19.8,35.72
624630.0,3399230.0,42.6,36.8,19.8,35.72
624730.0,3399230.0,42.6,36.8,19.8,35.72
624830.0,3399230.0,42.6,36.8,19.8,35.72
624930.0,3399230.0,42.6,36.8,19.8,35.72
625030.0,3399230.0,42.6,36.8,19.8,35.72
626630.0,3399230.0,42.6,36.8,19.8,35.72
626730.0,3399230.0,42.6,36.8,19.8,35.72
626830.0,3399230.0,42.6,36.8,19.8,35.72
626930.0,3399230.0,42.6,36.8,19.8,35.72
627030.0,3399230.0,42.6,36.8,19.8,35.72
627130.0,3399230.0,42.6,36.8,19.8,35.72
627230.0,3399230.0,42.6,36.8,19.8,35.72
627330.0,3399230.0,42.6,36.8,19.8,35.72
627430.0,3399230.0,42.6,36.8,19.8,35.72
627530.0,3399230.0,42.6,36.8,19.8,35.72
627630.0,3399230.0,42.6,36.8,19.8,35.72
627830.0,3399230.0,42.6,36.8,19.8,35.72
627930.0,3399230.0,42.6,36.8,19.8,35.72
628030.0,3399230.0,42.6,36.8,19.8,35.72
628130.0,3399230.0,42.6,36.8,19.8,35.72
628230.0,3399230.0,42.6,36.8,19.8,35.72
628330.0,3399230.0,42.6,36.8,19.8,35.72
628430.0,3399230.0,42.6,36.8,19.8,35.72
628530.0,3399230.0,42.6,36.8,19.8,35.72
628630.0,3399230.0,42.6,36.8,19.8,35.72
628730.0,3399230.0,42.6,36.8,19.8,35.72
628830.0,3399230.0,42.6,36.8,19.8,35.72
628930.0,3399230.0,42.6,36.8,19.8,35.72
629030.0,3399230.0,42.6,36.8,19.8,35.72
623230.0,3399130.0,42.6,36.8,19.8,35.72
623330.0,3399130.0,42.6,36.8,19.8,35.72
623430.0,3399130.0,42.6,36.8,19.8,35.72
623530.0,3399130.0,42.6,36.8,19.8,35.72
623630.0,3399130.0,42.6,36.8,19.8,35.72
623730.0,3399130.0,42.6,36.8,19.8,35.72
623830.0,3399130.0,42.6,36.8,19.8,35.72
623930.0,3399130.0,42.6,36.8,19.8,35.72
624030.0,3399130.0,42.6,36.8,19.8,35.72
624130.0,3399130.0,42.6,36.8,19.8,35.72
624230.0,3399130.0,42.6,36.8,19.8,35.72
624330.0,3399130.0,42.6,36.8,19.8,35.72
624430.0,3399130.0,42.6,36.8,19.8,35.72
624530.0,3399130.0,42.6,36.8,19.8,35.72
624630.0,3399130.0,42.6,36.8,19.8,35.72
624730.0,3399130.0,42.6,36.8,19.8,35.72
624830.0,3399130.0,42.6,36.8,19.8,35.72
626630.0,3399130.0,42.6,36.8,19.8,35.72
626730.0,3399130.0,42.6,36.8,19.8,35.72
626830.0,3399130.0,42.6,36.8,19.8,35.72
626930.0,3399130.0,42.6,36.8,19.8,35.72
627030.0,3399130.0,42.6,36.8,19.8,35.72
627130.0,3399130.0,42.6,36.8,19.8,35.72
627230.0,3399130.0,42.6,36.8,19.8,35.72
627330.0,3399130.0,42.6,36.8,19.8,35.72
627430.0,3399130.0,42.6,36.8,19.8,35.72
628130.0,3399130.0,42.6,36.8,19.8,35.72
628230.0,3399130.0,42.6,36.8,19.8,35.72
628330.0,3399130.0,42.6,36.8,19.8,35.72
628430.0,3399130.0,42.6,36.8,19.8,35.72
628530.0,3399130.0,42.6,36.8,19.8,35.72
628630.0,3399130.0,42.6,36.8,19.8,35.72
628730.0,3399130.0,42.6,36.8,19.8,35.72
628830.0,3399130.0,42.6,36.8,19.8,35.72
628930.0,3399130.0,42.6,36.8,19.8,35.72
623430.0,3399030.0,42.6,36.8,19.8,35.72
623530.0,3399030.0,42.6,36.8,19.8,35.72
623630.0,3399030.0,42.6,36.8,19.8,35.72
623730.0,3399030.0,42.6,36.8,19.8,35.72
623830.0,3399030.0,42.6,36.8,19.8,35.72
623930.0,3399030.0,42.6,36.8,19.8,35.72
624030.0,3399030.0,42.6,36.8,19.8,35.72
624130.0,3399030.0,42.6,36.8,19.8,35.72
624330.0,3399030.0,42.6,36.8,19.8,35.72
624430.0,3399030.0,42.6,36.8,19.8,35.72
624530.0,3399030.0,42.6,36.8,19.8,35.72
624630.0,3399030.0,42.6,36.8,19.8,35.72
626730.0,3399030.0,42.6,36.8,19.8,35.72
626830.0,3399030.0,42.6,36.8,19.8,35.72
626930.0,3399030.0,42.6,36.8,19.8,35.72
627030.0,3399030.0,42.6,36.8,19.8,35.72
627130.0,3399030.0,42.6,36.8,19.8,35.72
627230.0,3399030.0,42.6,36.8,19.8,35.72
628330.0,3399030.0,42.6,36.8,19.8,35.72
628430.0,3399030.0,42.6,36.8,19.8,35.72
628530.0,3399030.0,42.6,36.8,19.8,35.72
628630.0,3399030.0,42.6,36.8,19.8,35.72
628730.0,3399030.0,42.6,36.8,19.8,35.72
623430.0,3398930.0,42.6,36.8,19.8,35.72
623530.0,3398930.0,42.6,36.8,19.8,35.72
623630.0,3398930.0,42.6,36.8,19.8,35.72
623730.0,3398930.0,42.6,36.8,19.8,35.72
623830.0,3398930.0,42.6,36.8,19.8,35.72
623930.0,3398930.0,42.6,36.8,19.8,35.72
624030.0,3398930.0,42.6,36.8,19.8,35.72
624330.0,3398930.0,42.6,36.8,19.8,35.72
624430.0,3398930.0,42.6,36.8,19.8,35.72
626830.0,3398930.0,42.6,36.8,19.8,35.72
626930.0,3398930.0,42.6,36.8,19.8,35.72
627030.0,3398930.0,42.6,36.8,19.8,35.72
627130.0,3398930.0,42.6,36.8,19.8,35.72
627230.0,3398930.0,42.6,36.8,19.8,35.72
628430.0,3398930.0,42.6,36.8,19.8,35.72
628530.0,3398930.0,42.6,36.8,19.8,35.72
628630.0,3398930.0,42.6,36.8,19.8,35.72
628730.0,3398930.0,42.6,36.8,19.8,35.72
623530.0,3398830.0,42.6,36.8,19.8,35.72
623630.0,3398830.0,42.6,36.8,19.8,35.72
623730.0,3398830.0,42.6,36.8,19.8,35.72
623830.0,3398830.0,42.6,36.8,19.8,35.72
623930.0,3398830.0,42.6,36.8,19.8,35.72
626930.0,3398830.0,42.6,36.8,19.8,35.72
627030.0,3398830.0,42.6,36.8,19.8,35.72
627130.0,3398830.0,42.6,36.8,19.8,35.72
627230.0,3398830.0,42.6,36.8,19.8,35.72
628530.0,3398830.0,42.6,36.8,19.8,35.72
623630.0,3398730.0,42.6,36.8,19.8,35.72
627030.0,3398730.0,42.6,36.8,19.8,35.72
627130.0,3398730.0,42.6,36.8,19.8,35.72
627230.0,3398730.0,42.6,36.8,19.8,35.72
627030.0,3398630.0,42.6,36.8,19.8,35.72
627130.0,3398630.0,42.6,36.8,19.8,35.72
627230.0,3398630.0,42.6,36.8,19.8,35.72
627130.0,3398530.0,42.6,36.8,19.8,35.72
